images/origin_image/0199f3b7dc467b51a19a0dbd9fa8e731.png 0 0 0.518386076 0.500000000 0.679264495 1.000000000
images/origin_image/0199f3b7dc467b51a19a0dbd9fa8e731.png 1 0 0.530505961 0.747281698 0.102733441 0.089047564
images/origin_image/0199f3b7ffb9727088290642ed038f88.png 0 0 0.483877535 0.555424308 0.569387490 0.889151383
images/origin_image/0199f3b7ffb9727088290642ed038f88.png 1 0 0.498186725 0.717531436 0.102474292 0.076667461
images/origin_image/0199f3b81232715294fd5b137e9c5613.png 0 0 0.293667009 0.338667575 0.562819203 0.677335149
images/origin_image/0199f3b81232715294fd5b137e9c5613.png 1 0 0.214724517 0.450344862 0.065012900 0.059446027
images/origin_image/0199f3b8d0817595be4c830ff922c87e.png 0 0 0.531918545 0.581694431 0.544062694 0.828055839
images/origin_image/0199f3b8d0817595be4c830ff922c87e.png 1 0 0.542527747 0.661863638 0.095583288 0.081924315
images/origin_image/0199f3b8e6a17faea0234b36f6b7042a.png 0 0 0.427330299 0.456054731 0.460674156 0.733628419
images/origin_image/0199f3b8e6a17faea0234b36f6b7042a.png 1 0 0.392081738 0.587468045 0.073628386 0.067886307
images/origin_image/0199f3b9aa7f7036a8a911ee954d0237.png 0 0 0.488253320 0.547837930 0.608784473 0.882533197
images/origin_image/0199f3b9aa7f7036a8a911ee954d0237.png 1 0 0.540677084 0.693287149 0.093871818 0.082963017
images/origin_image/0199f3b9b55472df9c1994b548bf5f29.png 0 0 0.318692545 0.490296221 0.592441264 0.729996595
images/origin_image/0199f3b9b55472df9c1994b548bf5f29.png 1 0 0.186472726 0.516628560 0.064414705 0.066084131
images/origin_image/0199f3bb084074f2ac1de393f3f6d5f9.png 0 0 0.273748724 0.387697197 0.506639427 0.680966973
images/origin_image/0199f3bb084074f2ac1de393f3f6d5f9.png 1 0 0.180013109 0.490506178 0.063329928 0.066391829
images/origin_image/0199f3be209777dfaee8e8220e8dd2e7.png 0 0 0.566610125 0.544517089 0.581289144 0.902615092
images/origin_image/0199f3be209777dfaee8e8220e8dd2e7.png 1 0 0.597142484 0.641238736 0.097468685 0.082866995
images/origin_image/0199f3bed309737586c08c82fe19e572.png 0 0 0.566098946 0.516176105 0.577453365 0.847797198
images/origin_image/0199f3bed309737586c08c82fe19e572.png 1 0 0.592051906 0.635126611 0.095701541 0.082184374
images/origin_image/0199f3bed9c572fab1d0b52f6bac2566.png 0 0 0.562359425 0.509660161 0.560241970 0.852176687
images/origin_image/0199f3bed9c572fab1d0b52f6bac2566.png 1 0 0.585158151 0.605569073 0.094890511 0.077858881
images/origin_image/0199f3bf09fb7f3489ec5f51a1217609.png 0 0 0.316649645 0.464873454 0.578140957 0.799001248
images/origin_image/0199f3bf09fb7f3489ec5f51a1217609.png 1 0 0.219545643 0.528223763 0.074565884 0.077276888
images/origin_image/0199f3bf9035761f81d4eede65d5f3c3.png 0 0 0.561286996 0.504539780 0.693564800 0.990920440
images/origin_image/0199f3bf9035761f81d4eede65d5f3c3.png 1 0 0.581705861 0.745557845 0.102145046 0.088979684
images/origin_image/0199f3bfc0de7f58a50affa34f08e1de.png 0 0 0.367211440 0.394960844 0.613891724 0.789921689
images/origin_image/0199f3bfc0de7f58a50affa34f08e1de.png 1 0 0.282140714 0.545692105 0.076608784 0.070820565
images/origin_image/0199f3c025417fbd9a452e668e4ab10f.png 0 0 0.544943820 0.542049711 0.462717059 0.691862445
images/origin_image/0199f3c025417fbd9a452e668e4ab10f.png 1 0 0.550816508 0.571467948 0.083249518 0.071730842
images/origin_image/0199f3c146ea77d6a4afc9d69f9f13c0.png 0 0 0.613891725 0.567472478 0.504596529 0.710021564
images/origin_image/0199f3c146ea77d6a4afc9d69f9f13c0.png 1 0 0.669050051 0.673703325 0.083758938 0.076268301
images/origin_image/0199f3cadcec7b3e8a7de3cb6a740d78.png 0 0 0.387129695 0.569912609 0.543411578 0.834752015
images/origin_image/0199f3cadcec7b3e8a7de3cb6a740d78.png 1 0 0.334970228 0.893411026 0.091575095 0.078424167
images/origin_image/0199f3cc11677bdea9f6383345e4e514.png 0 0 0.513120167 0.597435024 0.478742883 0.788105777
images/origin_image/0199f3cc11677bdea9f6383345e4e514.png 1 0 0.501264372 0.780869404 0.084263806 0.074040539
images/origin_image/0199f3ceb3c17f21815ae18caea59a9a.png 0 0 0.484678216 0.520882987 0.624106165 0.954602202
images/origin_image/0199f3ceb3c17f21815ae18caea59a9a.png 1 0 0.477528090 0.860742254 0.097037794 0.090795596
images/origin_image/0199f3cfd79c7f329eab988b36ecdcf5.png 0 0 0.539836570 0.525706503 0.491317671 0.793553513
images/origin_image/0199f3cfd79c7f329eab988b36ecdcf5.png 1 0 0.537020487 0.657768910 0.087246530 0.077447372
images/origin_image/0199f3d0ebe873229336cf0d1327965f.png 0 0 0.659346272 0.477767821 0.544433094 0.711471509
images/origin_image/0199f3d0ebe873229336cf0d1327965f.png 1 0 0.752644259 0.652219686 0.074142643 0.069120240
images/origin_image/0199f3d0f91479739c797e1d470202b5.png 0 0 0.589376915 0.546929974 0.727272728 0.906140052
images/origin_image/0199f3d0f91479739c797e1d470202b5.png 1 0 0.683327141 0.721726460 0.109295199 0.101051965
images/origin_image/0199f3d2099c74e8a2a96d76b183c1ab.png 0 0 0.404494355 0.544489842 0.596527003 0.892861196
images/origin_image/0199f3d2099c74e8a2a96d76b183c1ab.png 1 0 0.327175423 0.616992076 0.085801839 0.077698982
images/origin_image/0199f3d4ddf47a6eba337241a201b752.png 0 0 0.529111339 0.433094995 0.518896832 0.866189990
images/origin_image/0199f3d4ddf47a6eba337241a201b752.png 1 0 0.379468846 0.634784169 0.084780388 0.074206489
images/origin_image/0199f3d5008b74f1ac745db5cb91b574.png 0 0 0.237997957 0.319600499 0.420837589 0.631937351
images/origin_image/0199f3d5008b74f1ac745db5cb91b574.png 1 0 0.083920235 0.465914868 0.060144652 0.060144652
images/origin_image/0199f3d7c46f7db1a0e40f272970a0e1.png 0 0 0.635084356 0.509543286 0.650536810 0.980913429
images/origin_image/0199f3d7c46f7db1a0e40f272970a0e1.png 1 0 0.641335458 0.582757576 0.105907587 0.091307603
images/origin_image/0199f3d8a0e67044adc8f3c5fc2a369d.png 0 0 0.529686999 0.588501234 0.572527843 0.817544226
images/origin_image/0199f3d8a0e67044adc8f3c5fc2a369d.png 1 0 0.513765658 0.862812504 0.099817328 0.088881793
images/origin_image/0199f3dc901d7085b24ad9e375fc8918.png 0 0 0.627681308 0.443082510 0.671092951 0.857110430
images/origin_image/0199f3dc901d7085b24ad9e375fc8918.png 1 0 0.747560863 0.532143609 0.077911982 0.071797537
images/origin_image/0199f3dccc03726e91a00795b01bcce5.png 0 0 0.627681307 0.504823516 0.489274771 0.769946658
images/origin_image/0199f3dccc03726e91a00795b01bcce5.png 1 0 0.630745659 0.523481199 0.084780388 0.075271174
images/origin_image/0199f3dd887e72e7bd6faef061ca1b70.png 0 0 0.611848826 0.556053989 0.508682328 0.823654138
images/origin_image/0199f3dd887e72e7bd6faef061ca1b70.png 1 0 0.645375912 0.639426296 0.085801839 0.074452389
images/origin_image/0199f3de56bc74c9a8b724478444f8a8.png 0 0 0.453013254 0.649812734 0.597548455 0.700374532
images/origin_image/0199f3de56bc74c9a8b724478444f8a8.png 1 0 0.436159346 0.862558166 0.108273749 0.098059244
images/origin_image/0199f3e015ad7c5abcfab2a47ed8c5f6.png 0 0 0.493871269 0.623482011 0.550561734 0.749404154
images/origin_image/0199f3e015ad7c5abcfab2a47ed8c5f6.png 1 0 0.478962200 0.770854614 0.101948914 0.096243332
images/origin_image/0199f3e8323276eeab7743cef92076c0.png 0 0 0.499489275 0.555737906 0.547497446 0.875131837
images/origin_image/0199f3e8323276eeab7743cef92076c0.png 1 0 0.513602912 0.722401091 0.093600104 0.080563838
images/origin_image/0199f3e92f1b7d05a8686952e09f4fd4.png 0 0 0.626659856 0.542049711 0.501532177 0.695494269
images/origin_image/0199f3e92f1b7d05a8686952e09f4fd4.png 1 0 0.702434500 0.644605119 0.077375525 0.072636477
images/origin_image/0199f3e9735270c28fdbec5e30841a48.png 0 0 0.356996938 0.516626944 0.617977527 0.804448984
images/origin_image/0199f3e9735270c28fdbec5e30841a48.png 1 0 0.226944775 0.652114321 0.075587334 0.073391168
images/origin_image/0199f3eaec797927a014f264efcebb1c.png 0 0 0.568947908 0.526614459 0.649642490 0.929746907
images/origin_image/0199f3eaec797927a014f264efcebb1c.png 1 0 0.610387615 0.742504188 0.101787446 0.092341728
images/origin_image/0199f3eb4d597d1b811ebef5997d2ea7.png 0 0 0.454545460 0.471229145 0.541368746 0.837135399
images/origin_image/0199f3eb4d597d1b811ebef5997d2ea7.png 1 0 0.404886260 0.629428425 0.078651685 0.082494212
images/origin_image/0199f3f2911f751fbae08ae391959a8c.png 0 0 0.394279852 0.578084213 0.567926395 0.843831574
images/origin_image/0199f3f2911f751fbae08ae391959a8c.png 1 0 0.317671093 0.876950544 0.089887640 0.076538135
images/origin_image/0199f3f510767d57910f33e769bedee7.png 0 0 0.371297244 0.576959109 0.558733404 0.839953079
images/origin_image/0199f3f510767d57910f33e769bedee7.png 1 0 0.278158591 0.736449978 0.085145750 0.074452389
images/origin_image/0199f409f86d78199cb4d89adc17d0e0.png 0 0 0.616445353 0.487572353 0.501532175 0.720917036
images/origin_image/0199f409f86d78199cb4d89adc17d0e0.png 1 0 0.678949962 0.665008704 0.076216521 0.069774530
images/origin_image/0199f416768e732b8010266da91037a4.png 0 0 0.417262516 0.562231834 0.521961184 0.844813231
images/origin_image/0199f416768e732b8010266da91037a4.png 1 0 0.372158678 0.852040927 0.090471291 0.079140786
images/origin_image/0199f41839b277e2aea82cbbc303feff.png 0 0 0.348314576 0.588979684 0.598569906 0.822040631
images/origin_image/0199f41839b277e2aea82cbbc303feff.png 1 0 0.255362615 0.815344456 0.093973442 0.079900125
images/origin_image/0199f419a67d7f37a12337221b8e266b.png 0 0 0.512591336 0.605427975 0.623564718 0.789144050
images/origin_image/0199f419a67d7f37a12337221b8e266b.png 1 0 0.484994781 0.816650362 0.103340292 0.091125164
images/origin_image/0199f41d552b7ab8836546810f537e1b.png 0 0 0.474425887 0.519832985 0.544885177 0.847599165
images/origin_image/0199f41d552b7ab8836546810f537e1b.png 1 0 0.454462422 0.582568650 0.091597077 0.079542311
images/origin_image/0199f41d8cbf776f83be76f075a1e348.png 0 0 0.603014092 0.506263048 0.548408142 0.828810021
images/origin_image/0199f41d8cbf776f83be76f075a1e348.png 1 0 0.652074274 0.633706281 0.084823137 0.073131692
images/origin_image/0199f41f4b5e7cc1a12cbfc2f8e3d560.png 0 0 0.544885177 0.546972860 0.563674322 0.881002088
images/origin_image/0199f41f4b5e7cc1a12cbfc2f8e3d560.png 1 0 0.575015926 0.679235197 0.093945720 0.077453751
images/origin_image/0199f42604a07ddbae680da1512f7ed8.png 0 0 0.485642755 0.554387862 0.527270355 0.778705637
images/origin_image/0199f42604a07ddbae680da1512f7ed8.png 1 0 0.493434838 0.730394288 0.091691089 0.078582315
images/origin_image/0199f42620be71dfa6fef87788392e50.png 0 0 0.306497912 0.418109083 0.535490605 0.631625264
images/origin_image/0199f42620be71dfa6fef87788392e50.png 1 0 0.195419449 0.578228988 0.067248060 0.063151973
images/origin_image/0199f429b1087674b2d1f69d04be90fe.png 0 0 0.524921712 0.608559499 0.507306889 0.778705637
images/origin_image/0199f429b1087674b2d1f69d04be90fe.png 1 0 0.512061841 0.811064718 0.090422756 0.085594990
images/origin_image/0199f43daade7432b462a685194a48de.png 0 0 0.586573591 0.522964509 0.487343424 0.766179541
images/origin_image/0199f43daade7432b462a685194a48de.png 1 0 0.603014092 0.728080666 0.088074113 0.078290768
images/origin_image/0199f43dc754741db49c96da2195fbb1.png 0 0 0.583050626 0.551148225 0.649399791 0.897703549
images/origin_image/0199f43dc754741db49c96da2195fbb1.png 1 0 0.603601253 0.713464219 0.112734864 0.097079912
images/origin_image/0199f43dfc4e7f41a97ba361ebf1ba94.png 0 0 0.336443111 0.488517745 0.640005219 0.830897704
images/origin_image/0199f43dfc4e7f41a97ba361ebf1ba94.png 1 0 0.184594533 0.509504272 0.079142830 0.068569687
images/origin_image/0199f43e32e4776385f74f3ac9407261.png 0 0 0.548408142 0.622129436 0.523747390 0.755741127
images/origin_image/0199f43e32e4776385f74f3ac9407261.png 1 0 0.532995547 0.858195355 0.093652890 0.085074403
images/origin_image/0199f43ea1c77e59b6ee48951337fdb6.png 0 0 0.526096033 0.578288100 0.645876827 0.843423800
images/origin_image/0199f43ea1c77e59b6ee48951337fdb6.png 1 0 0.545747157 0.731228378 0.113909186 0.097705683
images/origin_image/0199f43f675071ec98897de6134b4138.png 0 0 0.485581942 0.553235908 0.492040710 0.860125261
images/origin_image/0199f43f675071ec98897de6134b4138.png 1 0 0.330584782 0.817711049 0.080249092 0.070643685
images/origin_image/0199f43f851d70db94e3873b6ec042a6.png 0 0 0.408076722 0.576200418 0.539013570 0.810020877
images/origin_image/0199f43f851d70db94e3873b6ec042a6.png 1 0 0.328222860 0.769311065 0.081028184 0.064718163
images/origin_image/0199f43f983e7d2fa3ec4663f50632a8.png 0 0 0.292993215 0.409185804 0.536664927 0.718162839
images/origin_image/0199f43f983e7d2fa3ec4663f50632a8.png 1 0 0.180740641 0.409176565 0.067962002 0.063779935
images/origin_image/0199f446c9687d2fb0d346200c77efbb.png 0 0 0.500260960 0.545929019 0.547233820 0.870563674
images/origin_image/0199f446c9687d2fb0d346200c77efbb.png 1 0 0.501635360 0.726819367 0.096875197 0.087101071
images/origin_image/0199f44794c4765a848ec82fe9bcd30d.png 0 0 0.453013279 0.508455340 0.536261490 0.780842129
images/origin_image/0199f44794c4765a848ec82fe9bcd30d.png 1 0 0.368541180 0.650370760 0.077850788 0.073371208
images/origin_image/0199f448b5dc7a23ab751b7d402fd153.png 0 0 0.382889187 0.601065099 0.545379601 0.786758691
images/origin_image/0199f448b5dc7a23ab751b7d402fd153.png 1 0 0.294964097 0.788865961 0.084101363 0.074619817
images/origin_image/0199f44d2f127bf7939e1cf2c25bca4b.png 0 0 0.540771740 0.539740968 0.605795781 0.920518064
images/origin_image/0199f44d2f127bf7939e1cf2c25bca4b.png 1 0 0.558282209 0.721199727 0.098159509 0.089979550
images/origin_image/0199f44df6957ae6a0af9bdfb88d3d95.png 0 0 0.341142638 0.469099317 0.636273006 0.820560739
images/origin_image/0199f44df6957ae6a0af9bdfb88d3d95.png 1 0 0.217750450 0.594460511 0.079754601 0.076346285
images/origin_image/0199f453ed2f7bea8a84e8690eb1ccf3.png 0 0 0.469325153 0.566879686 0.604294479 0.866240627
images/origin_image/0199f453ed2f7bea8a84e8690eb1ccf3.png 1 0 0.463971434 0.721097478 0.108694402 0.101090661
images/origin_image/0199f454ced07ec39993e5de78cfe0de.png 0 0 0.336455138 0.501526738 0.611618098 0.810716121
images/origin_image/0199f454ced07ec39993e5de78cfe0de.png 1 0 0.192400535 0.507548038 0.075798824 0.077063881
images/origin_image/0199f45842b07dce9d1e573b73566fb0.png 0 0 0.516741756 0.546387185 0.561148390 0.881935924
images/origin_image/0199f45842b07dce9d1e573b73566fb0.png 1 0 0.536472504 0.702404394 0.093558282 0.081583239
images/origin_image/0199f45869fe7d69a7b3e050444b90eb.png 0 0 0.246525115 0.335936746 0.465442868 0.628247043
images/origin_image/0199f45869fe7d69a7b3e050444b90eb.png 1 0 0.163263426 0.430159466 0.061695812 0.056751708
images/origin_image/0199f45c302a7e84ae80297d5f08571d.png 0 0 0.504644363 0.574207566 0.628748083 0.851584867
images/origin_image/0199f45c302a7e84ae80297d5f08571d.png 1 0 0.522446629 0.701192621 0.108895706 0.094501610
images/origin_image/0199f45d653d7de3a0f851298c50c4ec.png 0 0 0.312369520 0.466597077 0.594206681 0.770354906
images/origin_image/0199f45d653d7de3a0f851298c50c4ec.png 1 0 0.181457919 0.471310194 0.068926111 0.068043602
images/origin_image/0199f463e223700b977f239d10c7fcc4.png 0 0 0.362278184 0.572025052 0.571894572 0.835073069
images/origin_image/0199f463e223700b977f239d10c7fcc4.png 1 0 0.252948434 0.720608561 0.082813352 0.076811741
images/origin_image/0199f464af0c792eac95f10040f7c6ab.png 0 0 0.402792276 0.575156576 0.530793319 0.849686848
images/origin_image/0199f464af0c792eac95f10040f7c6ab.png 1 0 0.355819415 0.872651357 0.089248434 0.079331942
images/origin_image/0199f465ec40739e92f4cacc7bfecd3e.png 0 0 0.387526096 0.562630480 0.587160752 0.832985386
images/origin_image/0199f465ec40739e92f4cacc7bfecd3e.png 1 0 0.263239545 0.690037614 0.077805606 0.075062220
images/origin_image/0199f46ac7ac7c28bc4d1f637aebb808.png 0 0 0.422046721 0.575702076 0.577610052 0.833943834
images/origin_image/0199f46ac7ac7c28bc4d1f637aebb808.png 1 0 0.318337912 0.738705739 0.087225275 0.078144078
images/origin_image/0199f46b77e271208236ea8b03d83a58.png 0 0 0.504127170 0.625763126 0.484903033 0.741147740
images/origin_image/0199f46b77e271208236ea8b03d83a58.png 1 0 0.481112637 0.855921856 0.087225275 0.083028083
images/origin_image/0199f46c685170c6be9bc0de2f22c7b4.png 0 0 0.380465116 0.599483204 0.586046512 0.795452196
images/origin_image/0199f46c685170c6be9bc0de2f22c7b4.png 1 0 0.257243122 0.800680454 0.086511628 0.082687339
images/origin_image/0199f46df3207ad7a9a88b3fff4c9073.png 0 0 0.435348837 0.494470284 0.519069767 0.896330749
images/origin_image/0199f46df3207ad7a9a88b3fff4c9073.png 1 0 0.257601102 0.875083917 0.081860465 0.069207881
images/origin_image/0199f46e0b5b71fc9f75dd9b53da7663.png 0 0 0.448837209 0.593695090 0.553488372 0.797105943
images/origin_image/0199f46e0b5b71fc9f75dd9b53da7663.png 1 0 0.456744186 0.706976744 0.102325581 0.087648579
images/origin_image/0199f46fb2837b7faf4c590acb76fb65.png 0 0 0.329302326 0.505219638 0.586046512 0.709457364
images/origin_image/0199f46fb2837b7faf4c590acb76fb65.png 1 0 0.203344705 0.558033219 0.079069767 0.074418605
images/origin_image/0199f470b340741aba16ffb13494026b.png 0 0 0.416744186 0.484289406 0.634418605 0.968578811
images/origin_image/0199f470b340741aba16ffb13494026b.png 1 0 0.387441860 0.824392765 0.092093023 0.077726098
images/origin_image/0199f473c8037d0a9ec700364e0231b4.png 0 0 0.506511628 0.473798450 0.534883721 0.914521964
images/origin_image/0199f473c8037d0a9ec700364e0231b4.png 1 0 0.348837209 0.699534884 0.085581395 0.079379845
images/origin_image/0199f473e2c77f919bc421efafb76fb8.png 0 0 0.302325581 0.409302326 0.541395349 0.785529716
images/origin_image/0199f473e2c77f919bc421efafb76fb8.png 1 0 0.094787785 0.589903426 0.073488372 0.065917192
images/origin_image/0199f4760e4f79ed9f5cee5e5cfb5666.png 0 0 0.394883721 0.543255814 0.533023256 0.821912145
images/origin_image/0199f4760e4f79ed9f5cee5e5cfb5666.png 1 0 0.326511628 0.807929441 0.083720930 0.071875132
images/origin_image/0199f476380b7bff9f8be121816e7669.png 0 0 0.385116279 0.548217054 0.556279070 0.821912145
images/origin_image/0199f476380b7bff9f8be121816e7669.png 1 0 0.307441860 0.829643517 0.082790698 0.080454569
images/origin_image/0199f47830ec74889f5b7573213f0262.png 0 0 0.456744186 0.562273902 0.573023256 0.863255814
images/origin_image/0199f47830ec74889f5b7573213f0262.png 1 0 0.460858310 0.660671835 0.103111970 0.084341085
images/origin_image/0199f47aa7ea75e7a0cd2d32801fb509.png 0 0 0.430697674 0.568630491 0.574883721 0.846201550
images/origin_image/0199f47aa7ea75e7a0cd2d32801fb509.png 1 0 0.336744186 0.838449612 0.080000000 0.079379845
images/origin_image/0199f47b158c72ba8cfd4e0883533861.png 0 0 0.396744186 0.496124031 0.546046512 0.896330749
images/origin_image/0199f47b158c72ba8cfd4e0883533861.png 1 0 0.205520459 0.852503693 0.079487068 0.070044473
images/origin_image/0199f47cdfd777e6ac57e23b8165d1a5.png 0 0 0.475813953 0.568062016 0.559069767 0.845064599
images/origin_image/0199f47cdfd777e6ac57e23b8165d1a5.png 1 0 0.480930233 0.693820914 0.098604651 0.084192798
images/origin_image/0199f47d89d3704bb0cec40c38da09e4.png 0 0 0.280930233 0.417571059 0.526511628 0.682997416
images/origin_image/0199f47d89d3704bb0cec40c38da09e4.png 1 0 0.172391522 0.457326022 0.066105727 0.062560702
images/origin_image/0199f47ea8167084858eb90474c14c1d.png 0 0 0.509302326 0.552351421 0.568372093 0.886408269
images/origin_image/0199f47ea8167084858eb90474c14c1d.png 1 0 0.544186845 0.580499052 0.095813953 0.079635568
images/origin_image/0199f47fbb4f7dd8bc3d89a46588fcfd.png 0 0 0.318139535 0.452299742 0.565581395 0.752454780
images/origin_image/0199f47fbb4f7dd8bc3d89a46588fcfd.png 1 0 0.196364356 0.455611577 0.070697674 0.067803618
images/origin_image/0199f483b81a746792bcd086214638ed.png 0 0 0.404186047 0.575503876 0.572093023 0.813643411
images/origin_image/0199f483b81a746792bcd086214638ed.png 1 0 0.298130081 0.872766655 0.078139535 0.073836021
images/origin_image/0199f48582c47c0ea32e876ededfa923.png 0 0 0.551627907 0.462222222 0.533953488 0.904599483
images/origin_image/0199f48582c47c0ea32e876ededfa923.png 1 0 0.399069767 0.681343669 0.085581395 0.072764858
images/origin_image/0199f4859da87691be4d9721f2f9fc4c.png 0 0 0.389767442 0.481240310 0.656744186 0.889715762
images/origin_image/0199f4859da87691be4d9721f2f9fc4c.png 1 0 0.126226110 0.658679280 0.070249112 0.064737254
images/origin_image/0199f486f7e675c3a0d042e3d785568c.png 0 0 0.535348837 0.538294574 0.531162791 0.858294574
images/origin_image/0199f486f7e675c3a0d042e3d785568c.png 1 0 0.531162791 0.692919897 0.089302326 0.082687339
images/origin_image/0199f492f62a78bc9d16f28aedd45bcf.png 0 0 0.494418605 0.495865633 0.613023256 0.991731266
images/origin_image/0199f492f62a78bc9d16f28aedd45bcf.png 1 0 0.488826053 0.863085268 0.095140308 0.086006123
images/origin_image/0199f4a2d2ba7761aea3246b9589af7e.png 0 0 0.500465116 0.601705426 0.491162791 0.786666667
images/origin_image/0199f4a2d2ba7761aea3246b9589af7e.png 1 0 0.482325581 0.771887362 0.086511628 0.078555085
images/origin_image/0199f4b1c37f7c20a68152a5f20601f9.png 0 0 0.480000000 0.557312661 0.597209302 0.863255814
images/origin_image/0199f4b1c37f7c20a68152a5f20601f9.png 1 0 0.498095297 0.732319983 0.102325581 0.099216343
images/origin_image/0199f4b210d27a7984d11cf4623962cc.png 0 0 0.309767442 0.421705426 0.565581395 0.727648579
images/origin_image/0199f4b210d27a7984d11cf4623962cc.png 1 0 0.192268141 0.472238689 0.067605192 0.063463922
images/origin_image/0199f4b9c3d87a1998780eb993cb7a35.png 0 0 0.505581395 0.536382429 0.613023256 0.917312661
images/origin_image/0199f4b9c3d87a1998780eb993cb7a35.png 1 0 0.512813537 0.738397933 0.102836377 0.094263566
images/origin_image/0199f4ba5dca712db62e39661d3de1da.png 0 0 0.355348837 0.463049096 0.649302326 0.816950904
images/origin_image/0199f4ba5dca712db62e39661d3de1da.png 1 0 0.219100899 0.580257557 0.075288176 0.079379845
images/origin_image/0199f4bf115c7e96a6f8a4945ad465ff.png 0 0 0.515348837 0.584341085 0.586046512 0.831317829
images/origin_image/0199f4bf115c7e96a6f8a4945ad465ff.png 1 0 0.551627907 0.682997416 0.096744186 0.085994832
images/origin_image/0199f4bfd35675059e0f69059e4a852d.png 0 0 0.323720930 0.490335917 0.597209302 0.722687339
images/origin_image/0199f4bfd35675059e0f69059e4a852d.png 1 0 0.183303718 0.514964812 0.067835935 0.068442385
images/origin_image/0199f4c4da06752ba89535bca24aca4e.png 0 0 0.450697674 0.560620155 0.506976744 0.830180879
images/origin_image/0199f4c4da06752ba89535bca24aca4e.png 1 0 0.423720930 0.858294574 0.090232558 0.072764858
images/origin_image/0199f4c876c07050b44934f7af06fe30.png 0 0 0.537209302 0.543824289 0.627906977 0.912351421
images/origin_image/0199f4c876c07050b44934f7af06fe30.png 1 0 0.559534884 0.752454780 0.103255814 0.089302326
images/origin_image/0199f4c933617fc881ba6453ddca2ca6.png 0 0 0.366046512 0.468010336 0.644651163 0.803720930
images/origin_image/0199f4c933617fc881ba6453ddca2ca6.png 1 0 0.228517071 0.578988729 0.074418605 0.072764858
images/origin_image/0199f4cb2f9b7209919e6d1c638d15f0.png 0 0 0.580000000 0.515968992 0.516279070 0.727648579
images/origin_image/0199f4cb2f9b7209919e6d1c638d15f0.png 1 0 0.573085921 0.677080209 0.092726869 0.079036600
images/origin_image/0199f4cb4a737aa8ae72d0d9cb5fcf8f.png 0 0 0.451627907 0.479586563 0.527441860 0.681343669
images/origin_image/0199f4cb4a737aa8ae72d0d9cb5fcf8f.png 1 0 0.371190620 0.646965974 0.073249992 0.073014764
images/origin_image/0199f4dae3a6771b81a7c9bec05c487a.png 0 0 0.281395349 0.437416021 0.523720930 0.633385013
images/origin_image/0199f4dae3a6771b81a7c9bec05c487a.png 1 0 0.188793290 0.502873995 0.071720530 0.053766395
images/origin_image/0199f4df049375119eb6cfb06d9741dd.png 0 0 0.511162791 0.600878553 0.512558140 0.798242894
images/origin_image/0199f4df049375119eb6cfb06d9741dd.png 1 0 0.526046512 0.726821705 0.097674419 0.081033592
images/origin_image/0199f4df23a77df69fb85bf7253c2754.png 0 0 0.335348837 0.559793282 0.626046512 0.755762274
images/origin_image/0199f4df23a77df69fb85bf7253c2754.png 1 0 0.194054983 0.641748682 0.075809620 0.074625269
images/origin_image/0199f4edf6b071b2818d313f1e4ea7d8.png 0 0 0.540465116 0.557312661 0.517209302 0.823565891
images/origin_image/0199f4edf6b071b2818d313f1e4ea7d8.png 1 0 0.542790698 0.724341085 0.097674419 0.079379845
images/origin_image/0199f4eeaf1c7ea38ef07f222a1dc404.png 0 0 0.400465116 0.487855297 0.512558140 0.717726098
images/origin_image/0199f4eeaf1c7ea38ef07f222a1dc404.png 1 0 0.322739058 0.654568954 0.078633352 0.072200587
images/origin_image/0199f4f5004b73d6be84b817169c8f64.png 0 0 0.506976744 0.526718346 0.532093023 0.854987080
images/origin_image/0199f4f5004b73d6be84b817169c8f64.png 1 0 0.507441860 0.654883721 0.092093023 0.079379845
images/origin_image/0199f4f5200e7976b7bf0847121a7918.png 0 0 0.283255814 0.416744186 0.525581395 0.694573643
images/origin_image/0199f4f5200e7976b7bf0847121a7918.png 1 0 0.188547495 0.525121508 0.068238686 0.068655179
images/origin_image/0199f4fc7a3973c6aa3e2345adaa7fbb.png 0 0 0.536279070 0.572764858 0.611162791 0.854470284
images/origin_image/0199f4fc7a3973c6aa3e2345adaa7fbb.png 1 0 0.558604651 0.687958656 0.110697674 0.099224806
images/origin_image/0199f4fd3e1d77c0ac9df5a9522a6428.png 0 0 0.327906977 0.529198966 0.611162791 0.823565891
images/origin_image/0199f4fd3e1d77c0ac9df5a9522a6428.png 1 0 0.200436198 0.540476113 0.078139535 0.076085690
images/origin_image/0199f5014155793aba986396f4b9b6d5.png 0 0 0.509302326 0.587390181 0.546046512 0.825219638
images/origin_image/0199f5014155793aba986396f4b9b6d5.png 1 0 0.520930233 0.660368485 0.094883721 0.078332798
images/origin_image/0199f501f30e74ebbddd8a11ea4799b8.png 0 0 0.388837209 0.579638243 0.621395349 0.805374677
images/origin_image/0199f501f30e74ebbddd8a11ea4799b8.png 1 0 0.264675094 0.622331954 0.081349577 0.075541582
images/origin_image/0199f51652e97c74b575f7f1df08b1a2.png 0 0 0.485581395 0.581291990 0.595348837 0.835142119
images/origin_image/0199f51652e97c74b575f7f1df08b1a2.png 1 0 0.528457057 0.683666603 0.094883721 0.084341085
images/origin_image/0199f531ae6571a8a044eefa6d7dadb7.png 0 0 0.545116279 0.555665254 0.567441860 0.876498467
images/origin_image/0199f531ae6571a8a044eefa6d7dadb7.png 1 0 0.572857919 0.719567965 0.096099264 0.082687339
images/origin_image/0199f531d16475029e1be963fa3cf9eb.png 0 0 0.290697674 0.453953488 0.538604651 0.742532300
images/origin_image/0199f531d16475029e1be963fa3cf9eb.png 1 0 0.198026179 0.584901030 0.077219163 0.074034359
images/origin_image/0199f5371fd970a582dec23ac3a3af95.png 0 0 0.547441860 0.536640827 0.605581395 0.924444444
images/origin_image/0199f5371fd970a582dec23ac3a3af95.png 1 0 0.568708916 0.707931210 0.097931005 0.088667783
images/origin_image/0199f54546067b38ae3c956a54958a5b.png 0 0 0.499534884 0.556485788 0.543255814 0.884754522
images/origin_image/0199f54546067b38ae3c956a54958a5b.png 1 0 0.501030132 0.713591731 0.091893224 0.079612798
images/origin_image/0199f5455def72aaa544be53bd824ad8.png 0 0 0.301860465 0.411782946 0.527441860 0.697881137
images/origin_image/0199f5455def72aaa544be53bd824ad8.png 1 0 0.198191511 0.520791069 0.067906977 0.066149871
images/origin_image/0199f54c9edb748887ef1341c32fc9c7.png 0 0 0.457209302 0.607493540 0.544186047 0.778397933
images/origin_image/0199f54c9edb748887ef1341c32fc9c7.png 1 0 0.438278951 0.779866584 0.099534884 0.085582452
images/origin_image/0199f54f0a3f744183c4bf3458ad705e.png 0 0 0.512093023 0.559534884 0.546046512 0.880930233
images/origin_image/0199f54f0a3f744183c4bf3458ad705e.png 1 0 0.517674419 0.741705426 0.097674419 0.081033592
images/origin_image/0199f5516c6374dea08efe9c468947c6.png 0 0 0.463255814 0.559276486 0.574883721 0.881447028
images/origin_image/0199f5516c6374dea08efe9c468947c6.png 1 0 0.444651163 0.634211886 0.102325581 0.087648579
images/origin_image/0199f55260c67306a6a4a55fe4b3872e.png 0 0 0.680930233 0.576899225 0.530232558 0.846201550
images/origin_image/0199f55260c67306a6a4a55fe4b3872e.png 1 0 0.742029321 0.638085139 0.087441860 0.076072351
images/origin_image/0199f552b03b7d3dbd7dee7986d90db9.png 0 0 0.345116279 0.505219638 0.625116279 0.792144703
images/origin_image/0199f552b03b7d3dbd7dee7986d90db9.png 1 0 0.202753224 0.635951582 0.074418605 0.071834424
images/origin_image/0199f559ec6976b885802f1bf06ffa30.png 0 0 0.518604651 0.491162791 0.445581395 0.671421189
images/origin_image/0199f559ec6976b885802f1bf06ffa30.png 1 0 0.502325581 0.520930233 0.078139535 0.069457364
images/origin_image/0199f587c93e792f95c53a1d6bee3a12.png 0 0 0.540801939 0.484919652 0.447698447 0.731699769
images/origin_image/0199f587c93e792f95c53a1d6bee3a12.png 1 0 0.558684484 0.653031652 0.077679988 0.076937094
images/origin_image/0199f59fba8c796ba97e805244b7f064.png 0 0 0.649767442 0.474625323 0.547906977 0.691266150
images/origin_image/0199f59fba8c796ba97e805244b7f064.png 1 0 0.753298091 0.650672400 0.073488372 0.069457364
images/origin_image/0199f5a1caae7f4eafc11898bcd276ba.png 0 0 0.432093023 0.570542636 0.480930233 0.711111111
images/origin_image/0199f5a1caae7f4eafc11898bcd276ba.png 1 0 0.420000000 0.608578811 0.084651163 0.076072351
images/origin_image/0199f5a38ac571c9bdf3e80d66845174.png 0 0 0.537674419 0.553178295 0.455813953 0.696227390
images/origin_image/0199f5a38ac571c9bdf3e80d66845174.png 1 0 0.564495503 0.651815104 0.083975779 0.076072351
images/origin_image/0199f5dcd3df7c598c23318168b8b1c0.png 0 0 0.602325581 0.430801034 0.456744186 0.755762274
images/origin_image/0199f5dcd3df7c598c23318168b8b1c0.png 1 0 0.622958195 0.476120336 0.077209302 0.062842377
images/origin_image/0199f5dce6c6771d804443b52be243d6.png 0 0 0.585581395 0.544909561 0.503255814 0.811989664
images/origin_image/0199f5dce6c6771d804443b52be243d6.png 1 0 0.629768211 0.645317284 0.083720930 0.079226547
images/origin_image/0199f61fac317887aa2707e59950622d.png 0 0 0.478604651 0.606666667 0.546046512 0.786666667
images/origin_image/0199f61fac317887aa2707e59950622d.png 1 0 0.457480745 0.787013672 0.101395349 0.094263566
images/origin_image/0199f66f73097d90971fbf49735371af.png 0 0 0.452558140 0.568630491 0.510697674 0.856124031
images/origin_image/0199f66f73097d90971fbf49735371af.png 1 0 0.283720930 0.865447225 0.085581395 0.073840186
images/origin_image/0199f67236d77af8bb949eb49ecff7c0.png 0 0 0.520000000 0.624857881 0.561860465 0.750284238
images/origin_image/0199f67236d77af8bb949eb49ecff7c0.png 1 0 0.500883364 0.768371565 0.101489085 0.093851186
images/origin_image/0199f67ea44c713e9c169db494826b85.png 0 0 0.560930233 0.382842377 0.465116279 0.666459948
images/origin_image/0199f67ea44c713e9c169db494826b85.png 1 0 0.673354784 0.668151095 0.062227039 0.056110110
images/origin_image/0199f6bae1a5789e9b90f852404d0bef.png 0 0 0.499069767 0.525633075 0.613023256 0.948733850
images/origin_image/0199f6bae1a5789e9b90f852404d0bef.png 1 0 0.484651163 0.837622739 0.091162791 0.081033592
images/origin_image/0199f6f009c679dbb23097d27ca1c056.png 0 0 0.656279070 0.506046512 0.551627907 0.866563307
images/origin_image/0199f6f009c679dbb23097d27ca1c056.png 1 0 0.708983933 0.560852225 0.087952656 0.072685763
images/origin_image/0199f6f01db779779f9c404c1176132c.png 0 0 0.524651163 0.550439276 0.487441860 0.842894057
images/origin_image/0199f6f01db779779f9c404c1176132c.png 1 0 0.541284115 0.653299736 0.086511628 0.081033592
images/origin_image/0199f719112b7cc2ac5d15626ccc1594.png 0 0 0.479534884 0.536640827 0.586976744 0.901291990
images/origin_image/0199f719112b7cc2ac5d15626ccc1594.png 1 0 0.449767442 0.811824115 0.079069767 0.066480968
images/origin_image/0199f72132e97c10b775e7d76ef6a3c0.png 0 0 0.483255814 0.422273902 0.620465116 0.841240310
images/origin_image/0199f72132e97c10b775e7d76ef6a3c0.png 1 0 0.418930351 0.716899225 0.077488134 0.074418605
images/origin_image/0199f721be5d7c93b002931889a12fe3.png 0 0 0.510697674 0.608320413 0.485581395 0.783359173
images/origin_image/0199f721be5d7c93b002931889a12fe3.png 1 0 0.494418605 0.773126615 0.084651163 0.077726098
images/origin_image/0199f75274c570a6af1849939200a468.png 0 0 0.533488372 0.609147287 0.506976744 0.781705426
images/origin_image/0199f75274c570a6af1849939200a468.png 1 0 0.518139535 0.809509044 0.091162791 0.077726098
images/origin_image/0199f75583c47f80a561b7279d902e43.png 0 0 0.533953488 0.397726098 0.448372093 0.577157623
images/origin_image/0199f75583c47f80a561b7279d902e43.png 1 0 0.594979281 0.575127898 0.062325581 0.049612403
images/origin_image/0199f767d0df7417813601e85986a55c.png 0 0 0.393023256 0.485374677 0.586976744 0.881447028
images/origin_image/0199f767d0df7417813601e85986a55c.png 1 0 0.172877016 0.835640868 0.070697674 0.066149871
images/origin_image/0199f76daaae7e9896b671eb8c9e1762.png 0 0 0.460930233 0.495590281 0.583255814 0.867630807
images/origin_image/0199f76daaae7e9896b671eb8c9e1762.png 1 0 0.333912435 0.734029365 0.086688805 0.072454929
images/origin_image/0199f76e9621762990aa7128f8fa9546.png 0 0 0.534418605 0.418397933 0.482790698 0.773953488
images/origin_image/0199f76e9621762990aa7128f8fa9546.png 1 0 0.441924889 0.663746758 0.075348837 0.064496124
images/origin_image/0199f773455c7ec5bf96ad1d0e1e4956.png 0 0 0.392558140 0.546563307 0.539534884 0.802067183
images/origin_image/0199f773455c7ec5bf96ad1d0e1e4956.png 1 0 0.299133897 0.674610776 0.080000000 0.071111111
images/origin_image/0199f77951fd76e8bd45098ce242abfa.png 0 0 0.380465116 0.583514212 0.619534884 0.832971576
images/origin_image/0199f77951fd76e8bd45098ce242abfa.png 1 0 0.293197283 0.843258816 0.093953488 0.088032946
images/origin_image/0199f77b49a97b32a862d24684ebb116.png 0 0 0.368837209 0.562273902 0.553488372 0.853333333
images/origin_image/0199f77b49a97b32a862d24684ebb116.png 1 0 0.290697674 0.821435834 0.082790698 0.073717479
images/origin_image/0199f785839c7395bf2bd48e201c722c.png 0 0 0.517674419 0.617416021 0.521860465 0.765167959
images/origin_image/0199f785839c7395bf2bd48e201c722c.png 1 0 0.503720930 0.851679587 0.095813953 0.085994832
images/origin_image/0199f7888f2a71808f624f2e70508adf.png 0 0 0.388837209 0.563927649 0.563720930 0.840103359
images/origin_image/0199f7888f2a71808f624f2e70508adf.png 1 0 0.303255814 0.840103359 0.083720930 0.076072351
images/origin_image/0199f788cc1e7fa18dd79b7cda36cabb.png 0 0 0.548372093 0.581033592 0.547906977 0.837932817
images/origin_image/0199f788cc1e7fa18dd79b7cda36cabb.png 1 0 0.541395349 0.635038760 0.094883721 0.082687339
images/origin_image/0199f789e4e17a709021ed307d2cf0ac.png 0 0 0.674418605 0.557054264 0.556279070 0.806511628
images/origin_image/0199f789e4e17a709021ed307d2cf0ac.png 1 0 0.741402509 0.649374795 0.084545834 0.074418605
images/origin_image/0199f78dd69f7537bb59f0a48c84a3a7.png 0 0 0.443255814 0.571937984 0.499534884 0.856124031
images/origin_image/0199f78dd69f7537bb59f0a48c84a3a7.png 1 0 0.276488788 0.838407952 0.081998692 0.072848179
images/origin_image/0199f78e8ba8738a9b837192eadb5135.png 0 0 0.530697674 0.549517505 0.525581395 0.814590566
images/origin_image/0199f78e8ba8738a9b837192eadb5135.png 1 0 0.551381735 0.677817252 0.088697793 0.077313718
images/origin_image/0199f78f68dd7b7a811731fbfa393527.png 0 0 0.646046512 0.498604651 0.521860465 0.745839793
images/origin_image/0199f78f68dd7b7a811731fbfa393527.png 1 0 0.719901692 0.673965716 0.077209302 0.071852550
images/origin_image/0199f79018637a478f9b3562ec0a7994.png 0 0 0.517674419 0.609974160 0.490232558 0.780051680
images/origin_image/0199f79018637a478f9b3562ec0a7994.png 1 0 0.505953964 0.809592365 0.085766491 0.077892741
images/origin_image/0199f79322b474918ae89a91fa6c22a9.png 0 0 0.531627907 0.663720930 0.482790698 0.672558140
images/origin_image/0199f79322b474918ae89a91fa6c22a9.png 1 0 0.516744186 0.856640827 0.095813953 0.082687339
images/origin_image/0199f79c0e507510951aedb1b02b981c.png 0 0 0.555415646 0.513014795 0.496877804 0.773246896
images/origin_image/0199f79c0e507510951aedb1b02b981c.png 1 0 0.560930233 0.601963824 0.083720930 0.076072351
images/origin_image/0199f79de73a7df883b5f12062668e28.png 0 0 0.627906977 0.520103359 0.533953488 0.772299742
images/origin_image/0199f79de73a7df883b5f12062668e28.png 1 0 0.695019490 0.672029660 0.079069767 0.077726098
images/origin_image/0199f7b65d1b70a4b3e2a84216f11467.png 0 0 0.400930233 0.569457364 0.574883721 0.861085271
images/origin_image/0199f7b65d1b70a4b3e2a84216f11467.png 1 0 0.310425128 0.804908840 0.084651163 0.090950856
images/origin_image/0199f7b92ec576ba8a8ee26a98a61a0b.png 0 0 0.378604651 0.542997416 0.623255814 0.914005168
images/origin_image/0199f7b92ec576ba8a8ee26a98a61a0b.png 1 0 0.287906977 0.844237726 0.090232558 0.081033592
images/origin_image/0199f7bb1e0a7440be882efd3930032b.png 0 0 0.596744186 0.421705426 0.527441860 0.843410853
images/origin_image/0199f7bb1e0a7440be882efd3930032b.png 1 0 0.597209302 0.582945736 0.081860465 0.074418605
images/origin_image/0199f7bb523e73e9b78bdc4e85c0308f.png 0 0 0.473023256 0.437416021 0.531162791 0.874832041
images/origin_image/0199f7bb523e73e9b78bdc4e85c0308f.png 1 0 0.470983937 0.661392006 0.084651163 0.074418605
images/origin_image/0199f7bb802c7ce892da426b431e06d8.png 0 0 0.369767442 0.537467700 0.575813953 0.797105943
images/origin_image/0199f7bb802c7ce892da426b431e06d8.png 1 0 0.262068995 0.797393341 0.077907571 0.070698731
images/origin_image/0199f7be5bfd7deda336f915aeafaf23.png 0 0 0.519534884 0.551524548 0.559069767 0.874832041
images/origin_image/0199f7be5bfd7deda336f915aeafaf23.png 1 0 0.513953488 0.685478036 0.097674419 0.087648579
images/origin_image/0199f7c23fe770c1b521147150d3faf2.png 0 0 0.617209302 0.478759690 0.588837209 0.785529716
images/origin_image/0199f7c23fe770c1b521147150d3faf2.png 1 0 0.704767145 0.664268840 0.080698269 0.073839582
images/origin_image/0199f7cd43357495ab6de8f9fca2eeb0.png 0 0 0.444186047 0.566149871 0.514418605 0.854470284
images/origin_image/0199f7cd43357495ab6de8f9fca2eeb0.png 1 0 0.393488372 0.836870009 0.085581395 0.075924064
images/origin_image/0199f7cf6c007c9f857f0a9f0df3e929.png 0 0 0.534883721 0.547390181 0.507906977 0.813643411
images/origin_image/0199f7cf6c007c9f857f0a9f0df3e929.png 1 0 0.534418605 0.687958656 0.090232558 0.079379845
images/origin_image/0199f7d0ed8374a58db88c4c9bcaa66e.png 0 0 0.506046512 0.367973128 0.422325581 0.610261501
images/origin_image/0199f7d0ed8374a58db88c4c9bcaa66e.png 1 0 0.561860465 0.500258398 0.065116279 0.061188630
images/origin_image/0199f7db39077624b72ece55617d084b.png 0 0 0.388837209 0.491162791 0.599069767 0.893023256
images/origin_image/0199f7db39077624b72ece55617d084b.png 1 0 0.164103865 0.822233746 0.068003488 0.066347732
images/origin_image/0199f7ef60b67ed2b2e5685bce998253.png 0 0 0.515348837 0.610232558 0.457674419 0.734263566
images/origin_image/0199f7ef60b67ed2b2e5685bce998253.png 1 0 0.503255814 0.678036176 0.078139535 0.069457364
images/origin_image/0199f7fcc80c7c98bdcbcfba6a3ee997.png 0 0 0.475813953 0.619896641 0.564651163 0.760206718
images/origin_image/0199f7fcc80c7c98bdcbcfba6a3ee997.png 1 0 0.456744186 0.765684755 0.104186047 0.089302326
images/origin_image/0199f8045f8f7526a883420247f4c37e.png 0 0 0.490697674 0.555658915 0.492093023 0.863255814
images/origin_image/0199f8045f8f7526a883420247f4c37e.png 1 0 0.330697674 0.824615196 0.079069767 0.070666248
images/origin_image/0199f80bce6c7959aed70fb3486877fa.png 0 0 0.422790698 0.502480620 0.685581395 0.995038760
images/origin_image/0199f80bce6c7959aed70fb3486877fa.png 1 0 0.380930233 0.880620155 0.090232558 0.081033592
images/origin_image/0199f80f82137189931b32f8475d3293.png 0 0 0.453953488 0.645529716 0.589767442 0.708940568
images/origin_image/0199f80f82137189931b32f8475d3293.png 1 0 0.427441860 0.845891473 0.106976744 0.094263566
images/origin_image/0199f810f50b798aa50dd0b9780ae29d.png 0 0 0.568837209 0.449819121 0.546046512 0.899638243
images/origin_image/0199f810f50b798aa50dd0b9780ae29d.png 1 0 0.564651163 0.626770026 0.087441860 0.079379845
images/origin_image/0199f81119d07319b2357ded00c9849f.png 0 0 0.521860465 0.433281654 0.571162791 0.866563307
images/origin_image/0199f81119d07319b2357ded00c9849f.png 1 0 0.546722779 0.667649963 0.078139535 0.076072351
images/origin_image/0199f818afac7415a4bee59c29aef2cc.png 0 0 0.387441860 0.609147287 0.544186047 0.781705426
images/origin_image/0199f818afac7415a4bee59c29aef2cc.png 1 0 0.325581395 0.871524548 0.098604651 0.079379845
images/origin_image/0199f81d52b276f0ab25231253967efd.png 0 0 0.513488372 0.501912145 0.474418605 0.749147287
images/origin_image/0199f81d52b276f0ab25231253967efd.png 1 0 0.511627907 0.629167325 0.081860465 0.067970260
images/origin_image/0199f81dbc937da482ddd2411dcf8016.png 0 0 0.668837209 0.477105943 0.541395349 0.702842377
images/origin_image/0199f81dbc937da482ddd2411dcf8016.png 1 0 0.766046512 0.653229974 0.075348837 0.066149871
images/origin_image/0199f8242dd97e7e883de1cb6c2063b9.png 0 0 0.493023256 0.607721617 0.533953488 0.784556766
images/origin_image/0199f8242dd97e7e883de1cb6c2063b9.png 1 0 0.475813953 0.712461355 0.090232558 0.079986850
images/origin_image/0199f826031b735792db3a89ea3452c8.png 0 0 0.436436761 0.498520710 0.563332098 0.902366864
images/origin_image/0199f826031b735792db3a89ea3452c8.png 1 0 0.232006840 0.840915059 0.075187504 0.068588015
images/origin_image/0199f82a84a07d6096378969f6ae57d8.png 0 0 0.341577284 0.593195266 0.579974079 0.813609469
images/origin_image/0199f82a84a07d6096378969f6ae57d8.png 1 0 0.276551737 0.858094750 0.109005178 0.084372948
images/origin_image/0199f8317c177d9284a142bd0fe30b7b.png 0 0 0.520894961 0.627218933 0.557507367 0.745562134
images/origin_image/0199f8317c177d9284a142bd0fe30b7b.png 1 0 0.515070266 0.781804733 0.103180473 0.090236686
images/origin_image/0199f8325c04736fa93680572c8ae1da.png 0 0 0.518814706 0.646554740 0.525055448 0.706890520
images/origin_image/0199f8325c04736fa93680572c8ae1da.png 1 0 0.505501109 0.797805574 0.095691568 0.085404922
images/origin_image/0199f83566b7703c846600e3fcf7449a.png 0 0 0.383598375 0.574704141 0.545857983 0.850591717
images/origin_image/0199f83566b7703c846600e3fcf7449a.png 1 0 0.303300666 0.721490507 0.089034763 0.078279821
images/origin_image/0199f840e4e87dc38270cf877719aef2.png 0 0 0.535456732 0.488165679 0.510077661 0.866863906
images/origin_image/0199f840e4e87dc38270cf877719aef2.png 1 0 0.383182322 0.715236686 0.087370562 0.072485207
images/origin_image/0199f8418d0772e8a4ea6f8ebfdbca79.png 0 0 0.610761836 0.422337281 0.547522185 0.776627230
images/origin_image/0199f8418d0772e8a4ea6f8ebfdbca79.png 1 0 0.566660503 0.674057281 0.073224852 0.066086622
images/origin_image/0199f84393ad79fd898bee7a6d83b07b.png 0 0 0.520062859 0.605769233 0.547522161 0.788461534
images/origin_image/0199f84393ad79fd898bee7a6d83b07b.png 1 0 0.505340272 0.744907320 0.094859467 0.084039264
images/origin_image/0199f8586b7f7ca3854f9d50486791fd.png 0 0 0.496764054 0.594674554 0.460983726 0.757396454
images/origin_image/0199f8586b7f7ca3854f9d50486791fd.png 1 0 0.485114645 0.787318910 0.078217456 0.070883372
images/origin_image/0199f875116b7baf8a8c70f8a6f0032a.png 0 0 0.506749249 0.664201183 0.487610918 0.671597635
images/origin_image/0199f875116b7baf8a8c70f8a6f0032a.png 1 0 0.489653892 0.827530077 0.090624352 0.081095657
images/origin_image/0199f87a25ec781f8f79209d9b5da02e.png 0 0 0.448086176 0.438609471 0.576645705 0.877218941
images/origin_image/0199f87a25ec781f8f79209d9b5da02e.png 1 0 0.437996150 0.761236442 0.088202663 0.076035647
images/origin_image/0199f87aa711740b9275f2b324e50dd9.png 0 0 0.398576174 0.577122044 0.555843163 0.845755912
images/origin_image/0199f87aa711740b9275f2b324e50dd9.png 1 0 0.346153846 0.889053254 0.091531065 0.085798816
images/origin_image/0199f88878ca7fbeb217e5ee4e8d506b.png 0 0 0.411162791 0.549870801 0.543255814 0.881447028
images/origin_image/0199f88878ca7fbeb217e5ee4e8d506b.png 1 0 0.339721168 0.712764858 0.083906026 0.079379845
images/origin_image/0199f89b629872d289a815f0796688c8.png 0 0 0.493488372 0.625943152 0.471627907 0.706149871
images/origin_image/0199f89b629872d289a815f0796688c8.png 1 0 0.471162791 0.717091017 0.082790698 0.071494696
images/origin_image/0199f8a324d27a97b3ef9701f4b8e542.png 0 0 0.525682798 0.642222222 0.524853968 0.715555556
images/origin_image/0199f8a324d27a97b3ef9701f4b8e542.png 1 0 0.513953488 0.783049096 0.092093023 0.084341085
images/origin_image/0199f8aeeecb786ba7e4bc0bb9331090.png 0 0 0.474883721 0.524806202 0.627906977 0.950387597
images/origin_image/0199f8aeeecb786ba7e4bc0bb9331090.png 1 0 0.454418605 0.847545220 0.092093023 0.084341085
images/origin_image/0199f8b0d7b27b69b7e525437c22db5a.png 0 0 0.608372093 0.571111111 0.513488372 0.837932817
images/origin_image/0199f8b0d7b27b69b7e525437c22db5a.png 1 0 0.653845502 0.637207086 0.085581395 0.076072351
images/origin_image/0199f8b2cccc743bada28c03f926f779.png 0 0 0.511626838 0.507352941 0.525275735 0.888235294
images/origin_image/0199f8b2cccc743bada28c03f926f779.png 1 0 0.355284926 0.745588235 0.086856618 0.079411765
images/origin_image/0199f8b2e44b7bd280c076f8eae4f8d8.png 0 0 0.512040441 0.496323529 0.521139706 0.877941176
images/origin_image/0199f8b2e44b7bd280c076f8eae4f8d8.png 1 0 0.356112132 0.730447268 0.085202206 0.074277758
images/origin_image/0199f8b3dd0d70b9a5ff317de42e94bc.png 0 0 0.619163603 0.425000000 0.560018382 0.773529412
images/origin_image/0199f8b3dd0d70b9a5ff317de42e94bc.png 1 0 0.584007353 0.675466545 0.069485294 0.063772792
images/origin_image/0199f8b5b1f877299f8e80e712dd3a34.png 0 0 0.562086397 0.579411765 0.622886029 0.841176471
images/origin_image/0199f8b5b1f877299f8e80e712dd3a34.png 1 0 0.566222426 0.683088235 0.108363971 0.098529412
images/origin_image/0199f8b6b6327f07ba3ad1eb6ad66a05.png 0 0 0.478125000 0.503676471 0.494669118 0.792647059
images/origin_image/0199f8b6b6327f07ba3ad1eb6ad66a05.png 1 0 0.503418643 0.587561003 0.083547794 0.077941176
images/origin_image/0199f8b6ce24781793c710023ccfcdbe.png 0 0 0.452895221 0.663235294 0.568290441 0.673529412
images/origin_image/0199f8b6ce24781793c710023ccfcdbe.png 1 0 0.425597426 0.836029412 0.101746324 0.089705882
images/origin_image/0199f8b7b34777a9b4b487a57307950a.png 0 0 0.368520221 0.593382353 0.490533088 0.777941176
images/origin_image/0199f8b7b34777a9b4b487a57307950a.png 1 0 0.300912881 0.773000961 0.081893382 0.073529412
images/origin_image/0199f8c3c9dc7afda31d348d7f639d48.png 0 0 0.570772059 0.432565224 0.392095588 0.659248094
images/origin_image/0199f8c3c9dc7afda31d348d7f639d48.png 1 0 0.573539636 0.628177148 0.074047020 0.064664844
images/origin_image/0199f8c3e1e57bdda846a49458cddbc9.png 0 0 0.512040441 0.664705882 0.529411765 0.670588235
images/origin_image/0199f8c3e1e57bdda846a49458cddbc9.png 1 0 0.494669118 0.825000000 0.097610294 0.088235294
images/origin_image/0199f8c3ea3b74f5b57e913f00674259.png 0 0 0.615441176 0.438235294 0.445036765 0.614705882
images/origin_image/0199f8c3ea3b74f5b57e913f00674259.png 1 0 0.678308824 0.644852941 0.066176471 0.066176471
images/origin_image/0199f8c44bb37d0989d76dbef91aff0e.png 0 0 0.628676471 0.637500000 0.536029412 0.725000000
images/origin_image/0199f8c44bb37d0989d76dbef91aff0e.png 1 0 0.633639706 0.738235294 0.100919118 0.085294118
images/origin_image/0199f8c483547a90a765cb0969580acc.png 0 0 0.617095588 0.550000000 0.473161765 0.667647059
images/origin_image/0199f8c483547a90a765cb0969580acc.png 1 0 0.666913375 0.652941176 0.077386485 0.073529412
images/origin_image/0199f8c4af7676a0b4a38ac06fe07dbd.png 0 0 0.569117647 0.541911765 0.506250000 0.883823529
images/origin_image/0199f8c4af7676a0b4a38ac06fe07dbd.png 1 0 0.560431985 0.557352941 0.090165441 0.079411765
images/origin_image/0199f8c4e8ac7e23bbae9cc71805f331.png 0 0 0.567933554 0.578676471 0.495382893 0.842647059
images/origin_image/0199f8c4e8ac7e23bbae9cc71805f331.png 1 0 0.585972001 0.643307347 0.090992647 0.082352941
images/origin_image/0199f8cb7b367f0bb1906fa063e853c6.png 0 0 0.497564338 0.660294118 0.561672794 0.679411765
images/origin_image/0199f8cb7b367f0bb1906fa063e853c6.png 1 0 0.483915441 0.856617647 0.102573529 0.092647059
images/origin_image/0199f8d21f657b0ebe44e681d584be11.png 0 0 0.565808824 0.601470588 0.499632353 0.785294118
images/origin_image/0199f8d21f657b0ebe44e681d584be11.png 1 0 0.555468750 0.662500000 0.088511029 0.077941176
images/origin_image/0199f8d3ccc37b0baac48edae51d2786.png 0 0 0.519485294 0.526470588 0.501286765 0.794117647
images/origin_image/0199f8d3ccc37b0baac48edae51d2786.png 1 0 0.530652574 0.519521401 0.086856618 0.071840303
images/origin_image/0199f8d4af1e7a98810741c86e04c1e7.png 0 0 0.622472426 0.576470588 0.518658088 0.847058824
images/origin_image/0199f8d4af1e7a98810741c86e04c1e7.png 1 0 0.642527851 0.660024094 0.089338235 0.083823529
images/origin_image/0199f8d7138c7764a74d45f4b200ca26.png 0 0 0.499218750 0.666911765 0.487224265 0.666176471
images/origin_image/0199f8d7138c7764a74d45f4b200ca26.png 1 0 0.481020221 0.848613747 0.091819853 0.079243093
images/origin_image/0199f8d9f66b77bd880eb6508906f972.png 0 0 0.561194935 0.520588235 0.429191340 0.644117647
images/origin_image/0199f8d9f66b77bd880eb6508906f972.png 1 0 0.561607592 0.584267116 0.078436815 0.064143884
images/origin_image/0199f8da17ed73caad71c4c969694fc0.png 0 0 0.594989198 0.547058824 0.473161765 0.688235294
images/origin_image/0199f8da17ed73caad71c4c969694fc0.png 1 0 0.651813666 0.669434306 0.075275735 0.070324507
images/origin_image/0199f8e4a5f67d3dab08e15ef34c38bc.png 0 0 0.445863971 0.633088235 0.608823529 0.733823529
images/origin_image/0199f8e4a5f67d3dab08e15ef34c38bc.png 1 0 0.422702206 0.852205882 0.105882353 0.089705882
images/origin_image/0199f8e94967787488b0b373e753729f.png 0 0 0.511626838 0.654411765 0.550091912 0.691176471
images/origin_image/0199f8e94967787488b0b373e753729f.png 1 0 0.497564338 0.853946223 0.100091912 0.087304212
images/origin_image/0199f8f4d33e766fad235d6d534be4f1.png 0 0 0.575321691 0.554411765 0.490533088 0.702941176
images/origin_image/0199f8f4d33e766fad235d6d534be4f1.png 1 0 0.585248162 0.640367083 0.086856618 0.078089363
images/origin_image/0199f8f5e13078239bfe629501468a42.png 0 0 0.611718750 0.530882353 0.513694853 0.670588235
images/origin_image/0199f8f5e13078239bfe629501468a42.png 1 0 0.676240809 0.678381977 0.078584559 0.072647811
images/origin_image/0199f8fa4d4278acbaff974d22417def.png 0 0 0.520312500 0.602941176 0.476470588 0.764705882
images/origin_image/0199f8fa4d4278acbaff974d22417def.png 1 0 0.509145221 0.836764706 0.081893382 0.076470588
images/origin_image/0199f910258c7dc6bcc03fb4e12323a2.png 0 0 0.542233456 0.594117647 0.571599265 0.811764706
images/origin_image/0199f910258c7dc6bcc03fb4e12323a2.png 1 0 0.534788603 0.847794118 0.100091912 0.086764706
images/origin_image/0199f912bd557c8ca9567003f01f992b.png 0 0 0.514935662 0.601470588 0.478952206 0.767647059
images/origin_image/0199f912bd557c8ca9567003f01f992b.png 1 0 0.505836397 0.791911765 0.086856618 0.069117647
images/origin_image/0199f9137a357694a0c7466a9621b37e.png 0 0 0.517417279 0.605147059 0.606341912 0.789705882
images/origin_image/0199f9137a357694a0c7466a9621b37e.png 1 0 0.497977941 0.814705882 0.104227941 0.091176471
images/origin_image/0199f916dae87d348894f4bc929b54cc.png 0 0 0.659283088 0.510294118 0.587316176 0.817647059
images/origin_image/0199f916dae87d348894f4bc929b54cc.png 1 0 0.734145221 0.653676471 0.081893382 0.075000000
images/origin_image/0199f91b156b726c87fa8f9490153c47.png 0 0 0.384237132 0.556617647 0.541819853 0.827941176
images/origin_image/0199f91b156b726c87fa8f9490153c47.png 1 0 0.314338235 0.830882353 0.086029412 0.076470588
images/origin_image/0199f91e94fd75768eb0ac3468dca540.png 0 0 0.479779412 0.624264706 0.461580882 0.751470588
images/origin_image/0199f91e94fd75768eb0ac3468dca540.png 1 0 0.463235294 0.812165319 0.081066176 0.069523280
images/origin_image/0199f920ee3a76759874aaf587b03a84.png 0 0 0.516176471 0.500000000 0.636948529 1.000000000
images/origin_image/0199f920ee3a76759874aaf587b03a84.png 1 0 0.515762868 0.884558824 0.098437500 0.086764706
images/origin_image/0199f93f310779b2b158a3883b51f037.png 0 0 0.632812500 0.620588235 0.534375000 0.726470588
images/origin_image/0199f93f310779b2b158a3883b51f037.png 1 0 0.638602941 0.733823529 0.102573529 0.082352941
images/origin_image/0199f93fe8757b4c996e1149336b83c2.png 0 0 0.540579044 0.543382353 0.462408088 0.680882353
images/origin_image/0199f93fe8757b4c996e1149336b83c2.png 1 0 0.585661765 0.660294118 0.079411765 0.070588235
images/origin_image/0199f941d9fb7c8bbead757638aa40e1.png 0 0 0.485156250 0.633823529 0.560018382 0.732352941
images/origin_image/0199f941d9fb7c8bbead757638aa40e1.png 1 0 0.472748162 0.799264706 0.103400735 0.092647059
images/origin_image/0199f944ab2a75e0a8b193c0c1e1932d.png 1 0 0.329641544 0.704117271 0.085202206 0.074118399
images/origin_image/0199f944ab2a75e0a8b193c0c1e1932d.png 0 0 0.402849265 0.544117647 0.555882353 0.864705882
images/origin_image/0199f9454cff7cd2893a5066c4da88e8.png 0 0 0.657215074 0.583088235 0.512040441 0.833823529
images/origin_image/0199f9454cff7cd2893a5066c4da88e8.png 1 0 0.696057800 0.655617391 0.087783610 0.074488578
images/origin_image/0199f94ebad87d78b42fbf6b9e289778.png 0 0 0.403676471 0.585294118 0.512867647 0.794117647
images/origin_image/0199f94ebad87d78b42fbf6b9e289778.png 1 0 0.329227941 0.750000000 0.086029412 0.073529412
images/origin_image/0199f94f6bd17be3ac72a4c2047f0add.png 0 0 0.495496324 0.550000000 0.650183824 0.900000000
images/origin_image/0199f94f6bd17be3ac72a4c2047f0add.png 1 0 0.482674632 0.699465303 0.108363971 0.094453627
images/origin_image/0199f95d0e7d735da41f0239d4c0accd.png 0 0 0.600137868 0.549264706 0.449172794 0.698529412
images/origin_image/0199f95d0e7d735da41f0239d4c0accd.png 1 0 0.600508117 0.619665855 0.086706280 0.075829148
images/origin_image/0199f95d312a77a58e8d8b5bc19fc475.png 0 0 0.684630479 0.554568580 0.584599336 0.712078336
images/origin_image/0199f95d312a77a58e8d8b5bc19fc475.png 1 0 0.816452206 0.669852941 0.072794118 0.063235294
images/origin_image/0199f95fded2779ebc2887ceada3eca8.png 0 0 0.549137443 0.515441176 0.552319005 0.936764706
images/origin_image/0199f95fded2779ebc2887ceada3eca8.png 1 0 0.552987132 0.558088235 0.091819853 0.086764706
images/origin_image/0199f960ae287969992e6ebd39ab9b9e.png 0 0 0.577803309 0.533823529 0.543474265 0.923529412
images/origin_image/0199f960ae287969992e6ebd39ab9b9e.png 1 0 0.600444020 0.641415674 0.096698054 0.098390596
images/origin_image/0199f9663b2c71b4b3dd79055d11a028.png 0 0 0.384237132 0.584558824 0.513694853 0.795588235
images/origin_image/0199f9663b2c71b4b3dd79055d11a028.png 1 0 0.310202206 0.747058824 0.084375000 0.070588235
images/origin_image/0199f96a056375ff99c8d69397a680ce.png 0 0 0.385064338 0.547058824 0.629503676 0.905882353
images/origin_image/0199f96a056375ff99c8d69397a680ce.png 1 0 0.287040441 0.787500000 0.090992647 0.077941176
images/origin_image/0199f96c24c17266b101e4525eb4e6ce.png 0 0 0.501286765 0.491176471 0.527757353 0.900000000
images/origin_image/0199f96c24c17266b101e4525eb4e6ce.png 1 0 0.492187500 0.526470588 0.084375000 0.073529412
images/origin_image/0199f96c5f00714e87ecceaa87d61072.png 0 0 0.636948529 0.521323529 0.585661765 0.866176471
images/origin_image/0199f96c5f00714e87ecceaa87d61072.png 1 0 0.705206190 0.643653704 0.088408182 0.080882353
images/origin_image/0199f97861a4780e8c5efcbe9d403809.png 0 0 0.502941176 0.616176471 0.435110294 0.697058824
images/origin_image/0199f97861a4780e8c5efcbe9d403809.png 1 0 0.481847426 0.717756319 0.081893382 0.073310891
images/origin_image/0199f990198a73ac85a5759c2249e6cd.png 0 0 0.416084559 0.589705882 0.532720588 0.820588235
images/origin_image/0199f990198a73ac85a5759c2249e6cd.png 1 0 0.347840074 0.892647059 0.085202206 0.076470588
images/origin_image/0199f9972dee7c009c52eb6861093160.png 0 0 0.387959559 0.594117647 0.517830882 0.811764706
images/origin_image/0199f9972dee7c009c52eb6861093160.png 1 0 0.308961397 0.755882353 0.083547794 0.073529412
images/origin_image/0199f99b3c50700aacfbe8221a49cf10.png 0 0 0.558363971 0.538970588 0.519485294 0.804411765
images/origin_image/0199f99b3c50700aacfbe8221a49cf10.png 1 0 0.553400735 0.637500000 0.090992647 0.080882353
images/origin_image/0199f99c16d276ed8139ec23f407f33a.png 0 0 0.553400735 0.522794118 0.489705882 0.789705882
images/origin_image/0199f99c16d276ed8139ec23f407f33a.png 1 0 0.581521793 0.674060458 0.083848375 0.079411765
images/origin_image/0199f9a1e3d6715a8c7706a352d6e3a0.png 0 0 0.562913603 0.597794118 0.512040441 0.804411765
images/origin_image/0199f9a1e3d6715a8c7706a352d6e3a0.png 1 0 0.556295956 0.642647059 0.091819853 0.082352941
images/origin_image/0199f9a333107e8bbda77bcddb0f298b.png 0 0 0.557950368 0.560294118 0.480606618 0.752941176
images/origin_image/0199f9a333107e8bbda77bcddb0f298b.png 1 0 0.594986534 0.649651000 0.081893382 0.073529412
images/origin_image/0199f9a3e79a7b08baa938b2f1593279.png 0 0 0.376378676 0.596323529 0.544301471 0.807352941
images/origin_image/0199f9a3e79a7b08baa938b2f1593279.png 1 0 0.284558824 0.769852941 0.084375000 0.080882353
images/origin_image/0199f9e2aea37aef881eb7cd7a671697.png 0 0 0.474992593 0.615179818 0.557183931 0.769640364
images/origin_image/0199f9e2aea37aef881eb7cd7a671697.png 1 0 0.457582327 0.762936035 0.096050027 0.086060824
images/origin_image/0199fa58096179de9bdb9334db42692a.png 0 0 0.377937641 0.578733032 0.550728224 0.842533937
images/origin_image/0199fa58096179de9bdb9334db42692a.png 1 0 0.299862132 0.748666296 0.091819853 0.076744357
images/origin_image/[JZ-1001][TAG-FL483AHN][STATE-IN][IMAGEID-019ae60d7d5373bb8c7ed9fa1d81d40c].jpg 0 0 0.510534846 0.598055105 0.419367909 0.790923825
images/origin_image/[JZ-1001][TAG-FL483AHN][STATE-IN][IMAGEID-019ae60d7d5373bb8c7ed9fa1d81d40c].jpg 1 0 0.513124130 0.860861367 0.074483620 0.064993139
images/origin_image/[JZ-1002][TAG-FL629AGB][STATE-IN][IMAGEID-019ae5fb24d07b558772f4510cc8585d].jpg 0 0 0.449908833 0.615072934 0.411162885 0.769854133
images/origin_image/[JZ-1002][TAG-FL629AGB][STATE-IN][IMAGEID-019ae5fb24d07b558772f4510cc8585d].jpg 1 0 0.448552545 0.768357065 0.073845219 0.061588331
images/origin_image/[JZ-1003][TAG-FL983AGB][STATE-IN][IMAGEID-019ae5c4a5f173b299a09b51b75e09b8].jpg 0 0 0.562477533 0.315235008 0.538567597 0.623987034
images/origin_image/[JZ-1003][TAG-FL983AGB][STATE-IN][IMAGEID-019ae5c4a5f173b299a09b51b75e09b8].jpg 1 0 0.633545430 0.430230650 0.073209583 0.065417878
images/origin_image/[JZ-1004][TAG-FL983AGB][STATE-IN][IMAGEID-019ae5c391f67427a23dd0610248b0dc].jpg 0 0 0.538796596 0.625607780 0.720218801 0.748784441
images/origin_image/[JZ-1004][TAG-FL983AGB][STATE-IN][IMAGEID-019ae5c391f67427a23dd0610248b0dc].jpg 1 0 0.700503852 0.920475500 0.083739367 0.089141005
images/origin_image/[JZ-1005][TAG-FL128ADA][STATE-IN][IMAGEID-019ae5aed06277b287fb6fc2468a5e10].jpg 0 0 0.471333063 0.504051864 0.557941653 0.894651540
images/origin_image/[JZ-1005][TAG-FL128ADA][STATE-IN][IMAGEID-019ae5aed06277b287fb6fc2468a5e10].jpg 1 0 0.505976499 0.730956240 0.087520259 0.074554295
images/origin_image/[JZ-1006][TAG-FL128ADA][STATE-IN][IMAGEID-019ae5ad692b725d8747a02a34a9871d].jpg 0 0 0.541075770 0.491085900 0.593496759 0.677471637
images/origin_image/[JZ-1006][TAG-FL128ADA][STATE-IN][IMAGEID-019ae5ad692b725d8747a02a34a9871d].jpg 1 0 0.393856665 0.622779802 0.070133992 0.071999561
images/origin_image/[JZ-1007][TAG-FL973AGB][STATE-IN][IMAGEID-019ae5a129067d8ca927be9c42ab1733].jpg 0 0 0.458569692 0.596434360 0.408427877 0.768233387
images/origin_image/[JZ-1007][TAG-FL973AGB][STATE-IN][IMAGEID-019ae5a129067d8ca927be9c42ab1733].jpg 1 0 0.459753336 0.752372489 0.075668558 0.062326039
images/origin_image/[JZ-1008][TAG-FL653AGB][STATE-IN][IMAGEID-019ae5576ee074829ca809ef4a105cea].jpg 0 0 0.304953404 0.495948136 0.609906807 0.943273906
images/origin_image/[JZ-1008][TAG-FL653AGB][STATE-IN][IMAGEID-019ae5576ee074829ca809ef4a105cea].jpg 1 0 0.121707861 0.555915721 0.095725284 0.090761750
images/origin_image/[JZ-1009][TAG-FL653AGB][STATE-IN][IMAGEID-019ae5563db07704aa146aaba7432ff1].jpg 0 0 0.462672204 0.581037277 0.653666937 0.837925446
images/origin_image/[JZ-1009][TAG-FL653AGB][STATE-IN][IMAGEID-019ae5563db07704aa146aaba7432ff1].jpg 1 0 0.616307377 0.610747275 0.079041967 0.075770890
images/origin_image/[JZ-1010][TAG-FL629AGB][STATE-IN][IMAGEID-019ae51e7b657ee581bfb7cf7170ace1].jpg 0 0 0.598055105 0.355753647 0.742098865 0.708265802
images/origin_image/[JZ-1010][TAG-FL629AGB][STATE-IN][IMAGEID-019ae51e7b657ee581bfb7cf7170ace1].jpg 1 0 0.796145427 0.311719047 0.073338131 0.071037530
images/origin_image/[JZ-1011][TAG-FL629AGB][STATE-IN][IMAGEID-019ae51c8127745e881eaaed0a3acb80].jpg 0 0 0.301762561 0.472909588 0.477714749 0.676775416
images/origin_image/[JZ-1011][TAG-FL629AGB][STATE-IN][IMAGEID-019ae51c8127745e881eaaed0a3acb80].jpg 1 0 0.397213266 0.476234675 0.063816856 0.057599122
images/origin_image/[JZ-1012][TAG-FL905ACZ][STATE-IN][IMAGEID-019ae50196b67b02b342fb2e82ceaa8b].jpg 0 0 0.516460697 0.637763371 0.670076985 0.721231767
images/origin_image/[JZ-1012][TAG-FL905ACZ][STATE-IN][IMAGEID-019ae50196b67b02b342fb2e82ceaa8b].jpg 1 0 0.677370340 0.663695300 0.080226904 0.082658023
images/origin_image/[JZ-1013][TAG-FL450ACX][STATE-IN][IMAGEID-019ae4dd38157bcaaa09f5eddb972e89].jpg 0 0 0.564779173 0.529173420 0.699250405 0.938411669
images/origin_image/[JZ-1013][TAG-FL450ACX][STATE-IN][IMAGEID-019ae4dd38157bcaaa09f5eddb972e89].jpg 1 0 0.686274711 0.784566467 0.091166937 0.082658023
images/origin_image/[JZ-1014][TAG-FL450ACX][STATE-IN][IMAGEID-019ae4dc62a87077801ea8c7da83c6a9].jpg 0 0 0.497315640 0.474068071 0.620846840 0.860615883
images/origin_image/[JZ-1014][TAG-FL450ACX][STATE-IN][IMAGEID-019ae4dc62a87077801ea8c7da83c6a9].jpg 1 0 0.629215670 0.678427837 0.079315235 0.077795786
images/origin_image/[JZ-1015][TAG-FL489ABG][STATE-IN][IMAGEID-019ae4cc4cd278b1be9d8d3f77ec842d].jpg 0 0 0.628545381 0.452278044 0.742909238 0.810552847
images/origin_image/[JZ-1015][TAG-FL489ABG][STATE-IN][IMAGEID-019ae4cc4cd278b1be9d8d3f77ec842d].jpg 1 0 0.828536683 0.736102585 0.085959925 0.082475588
images/origin_image/[JZ-1016][TAG-FL489ABG][STATE-IN][IMAGEID-019ae4cac22b7bde93dee22db9fb8dc0].jpg 0 0 0.381989465 0.630470016 0.763978930 0.739059968
images/origin_image/[JZ-1016][TAG-FL489ABG][STATE-IN][IMAGEID-019ae4cac22b7bde93dee22db9fb8dc0].jpg 1 0 0.159838602 0.923880313 0.082700322 0.084518223
images/origin_image/[JZ-1017][TAG-3308759][STATE-IN][IMAGEID-019ae4b2179c7cac8f8fb2b22c4ea542].jpg 0 0 0.569742707 0.491085900 0.860514587 0.982171799
images/origin_image/[JZ-1017][TAG-3308759][STATE-IN][IMAGEID-019ae4b2179c7cac8f8fb2b22c4ea542].jpg 1 0 0.506284332 0.725859916 0.089343598 0.082679487
images/origin_image/[JZ-1018][TAG-3308759][STATE-IN][IMAGEID-019ae4a967c576caaff41ea1936f4f08].jpg 0 0 0.587570908 0.426256078 0.772183955 0.849270665
images/origin_image/[JZ-1018][TAG-3308759][STATE-IN][IMAGEID-019ae4a967c576caaff41ea1936f4f08].jpg 1 0 0.298571718 0.547001621 0.081138574 0.066450567
images/origin_image/[JZ-1019][TAG-FL905ACZ][STATE-IN][IMAGEID-019ae48788ec7b459ce2376ace2a3fe7].jpg 0 0 0.489110616 0.602917342 0.402046191 0.735818476
images/origin_image/[JZ-1019][TAG-FL905ACZ][STATE-IN][IMAGEID-019ae48788ec7b459ce2376ace2a3fe7].jpg 1 0 0.501418152 0.763046587 0.071110211 0.058995966
images/origin_image/[JZ-1020][TAG-FL251AHN][STATE-IN][IMAGEID-019ae41f5a46725e85003ee212ae948e].jpg 0 0 0.464495543 0.573743922 0.347346029 0.742301459
images/origin_image/[JZ-1020][TAG-FL251AHN][STATE-IN][IMAGEID-019ae41f5a46725e85003ee212ae948e].jpg 1 0 0.459937196 0.845218801 0.062905186 0.047001621
images/origin_image/[JZ-1021][TAG-FL450ACX][STATE-IN][IMAGEID-019ae3e4c52b7d84aa5a83236d292dda].jpg 0 0 0.453555511 0.578606159 0.400222853 0.752025932
images/origin_image/[JZ-1021][TAG-FL450ACX][STATE-IN][IMAGEID-019ae3e4c52b7d84aa5a83236d292dda].jpg 1 0 0.455834684 0.846029173 0.069286872 0.061588331
images/origin_image/[JZ-1022][TAG-FL443ADW][STATE-IN][IMAGEID-019ae206903c7b94baf9ec2c4acbaffd].jpg 0 0 0.314525932 0.377633712 0.629051864 0.755267423
images/origin_image/[JZ-1022][TAG-FL443ADW][STATE-IN][IMAGEID-019ae206903c7b94baf9ec2c4acbaffd].jpg 1 0 0.117619051 0.465891017 0.088316617 0.077218046
images/origin_image/[JZ-1023][TAG-FL443ADW][STATE-IN][IMAGEID-019ae205778e7da881bdeeeb862e475e].jpg 0 0 0.418456240 0.580226904 0.658225284 0.781199352
images/origin_image/[JZ-1023][TAG-FL443ADW][STATE-IN][IMAGEID-019ae205778e7da881bdeeeb862e475e].jpg 1 0 0.577086710 0.679092382 0.076580227 0.077795786
images/origin_image/[JZ-1024][TAG-FL310AGB][STATE-IN][IMAGEID-019ae0ee826d7f6ea1f13367d43a7282].jpg 0 0 0.398855348 0.540518639 0.567970016 0.918962723
images/origin_image/[JZ-1024][TAG-FL310AGB][STATE-IN][IMAGEID-019ae0ee826d7f6ea1f13367d43a7282].jpg 1 0 0.386091977 0.622933757 0.093901945 0.081363912
images/origin_image/[JZ-1025][TAG-FL310AGB][STATE-IN][IMAGEID-019ae0ed567b709ab7cdc08fb1f917c1].jpg 0 0 0.486831442 0.502431118 0.647285251 0.842787682
images/origin_image/[JZ-1025][TAG-FL310AGB][STATE-IN][IMAGEID-019ae0ed567b709ab7cdc08fb1f917c1].jpg 1 0 0.329545980 0.505209999 0.073320062 0.071563424
images/origin_image/[JZ-1026][TAG-FL973AGB][STATE-IN][IMAGEID-019ae0e617307f078dd1c53da24e3de9].jpg 0 0 0.390194489 0.562398703 0.574351702 0.875202593
images/origin_image/[JZ-1026][TAG-FL973AGB][STATE-IN][IMAGEID-019ae0e617307f078dd1c53da24e3de9].jpg 1 0 0.389738655 0.689725444 0.099371961 0.086597185
images/origin_image/[JZ-1027][TAG-FL832ABE][STATE-IN][IMAGEID-019ae0e4b2fb7f65923cf3d43320c7c8].jpg 0 0 0.468565650 0.540518639 0.552925308 0.915721232
images/origin_image/[JZ-1027][TAG-FL832ABE][STATE-IN][IMAGEID-019ae0e4b2fb7f65923cf3d43320c7c8].jpg 1 0 0.463128039 0.623249326 0.094813614 0.078689889
images/origin_image/[JZ-1028][TAG-FL973AGB][STATE-IN][IMAGEID-019ae0e49e8870d790db5909386da007].jpg 0 0 0.461760535 0.524311183 0.655490276 0.789303079
images/origin_image/[JZ-1028][TAG-FL973AGB][STATE-IN][IMAGEID-019ae0e49e8870d790db5909386da007].jpg 1 0 0.294013371 0.506848375 0.073845219 0.076905826
images/origin_image/[JZ-1029][TAG-FL832ABE][STATE-IN][IMAGEID-019ae0e37ccc7ec4b4974939830f286d].jpg 0 0 0.514637358 0.478119935 0.622670178 0.826580227
images/origin_image/[JZ-1029][TAG-FL832ABE][STATE-IN][IMAGEID-019ae0e37ccc7ec4b4974939830f286d].jpg 1 0 0.363893058 0.482074439 0.072021880 0.076175041
images/origin_image/[JZ-1030][TAG-FL983AGB][STATE-IN][IMAGEID-019ae0b603d677248e9a583ab9489ea3].jpg 0 0 0.346049630 0.542139384 0.638425044 0.896272285
images/origin_image/[JZ-1030][TAG-FL983AGB][STATE-IN][IMAGEID-019ae0b603d677248e9a583ab9489ea3].jpg 1 0 0.298694339 0.659347246 0.095480042 0.081629657
images/origin_image/[JZ-1031][TAG-FL983AGB][STATE-IN][IMAGEID-019ae0a97ee97377864cf880aca5f6c4].jpg 0 0 0.450470056 0.550139276 0.708217270 0.899721448
images/origin_image/[JZ-1031][TAG-FL983AGB][STATE-IN][IMAGEID-019ae0a97ee97377864cf880aca5f6c4].jpg 1 0 0.514319290 0.828690808 0.105762535 0.094707521
images/origin_image/[JZ-1032][TAG-FL688ABH][STATE-IN][IMAGEID-019ae09f257f7eaca70af842c5d41cdd].jpg 0 0 0.451645195 0.597493036 0.422266713 0.805013928
images/origin_image/[JZ-1032][TAG-FL688ABH][STATE-IN][IMAGEID-019ae09f257f7eaca70af842c5d41cdd].jpg 1 0 0.452036908 0.768105850 0.073642061 0.065459610
images/origin_image/[JZ-1033][TAG-FL443ADW][STATE-IN][IMAGEID-019ae0911c1e753b92f2ffe2052733fa].jpg 0 0 0.367818593 0.538300836 0.680797354 0.912256267
images/origin_image/[JZ-1033][TAG-FL443ADW][STATE-IN][IMAGEID-019ae0911c1e753b92f2ffe2052733fa].jpg 1 0 0.311020195 0.559192201 0.097144847 0.079387187
images/origin_image/[JZ-1034][TAG-FL128ADA][STATE-IN][IMAGEID-019ae08eb2fc7d48824ca6b0a595567e].jpg 0 0 0.456345752 0.608635097 0.397197075 0.782729805
images/origin_image/[JZ-1034][TAG-FL128ADA][STATE-IN][IMAGEID-019ae08eb2fc7d48824ca6b0a595567e].jpg 1 0 0.459308505 0.877270655 0.071291783 0.059638809
images/origin_image/[JZ-1035][TAG-FL443ADW][STATE-IN][IMAGEID-019ae07d9e21718b9803a7308010c607].jpg 0 0 0.537822075 0.582869081 0.640059192 0.775766017
images/origin_image/[JZ-1035][TAG-FL443ADW][STATE-IN][IMAGEID-019ae07d9e21718b9803a7308010c607].jpg 1 0 0.670237325 0.684226397 0.083859051 0.082800689
images/origin_image/[JZ-1036][TAG-FL443ADW][STATE-IN][IMAGEID-019ae07231d973f5abe714eea1b418da].jpg 0 0 0.450470056 0.598885794 0.429317549 0.802228412
images/origin_image/[JZ-1036][TAG-FL443ADW][STATE-IN][IMAGEID-019ae07231d973f5abe714eea1b418da].jpg 1 0 0.451162624 0.827084464 0.073823776 0.063639681
images/origin_image/[JZ-1037][TAG-FL310AGB][STATE-IN][IMAGEID-019ae0351b3d7412b0dc9d1c5659b27f].jpg 0 0 0.434801532 0.602367688 0.404247911 0.767409471
images/origin_image/[JZ-1037][TAG-FL310AGB][STATE-IN][IMAGEID-019ae0351b3d7412b0dc9d1c5659b27f].jpg 1 0 0.436477633 0.749319759 0.073642061 0.060515646
images/origin_image/[JZ-1038][TAG-FL846ACR][STATE-IN][IMAGEID-019ae020939c70bd9692e9a92f8a26e0].jpg 0 0 0.596970752 0.379526462 0.741121170 0.759052925
images/origin_image/[JZ-1038][TAG-FL846ACR][STATE-IN][IMAGEID-019ae020939c70bd9692e9a92f8a26e0].jpg 1 0 0.778208760 0.422001632 0.078650771 0.075663514
images/origin_image/[JZ-1039][TAG-FL846ACR][STATE-IN][IMAGEID-019ae01f0ae072f78052a0770db592ce].jpg 0 0 0.539388928 0.559888579 0.661995125 0.830083565
images/origin_image/[JZ-1039][TAG-FL846ACR][STATE-IN][IMAGEID-019ae01f0ae072f78052a0770db592ce].jpg 1 0 0.394444182 0.610543965 0.083670717 0.077994429
images/origin_image/[JZ-1040][TAG-FL983AGB][STATE-IN][IMAGEID-019ae016422674ba845760b78c1c3b31].jpg 0 0 0.384270543 0.573816156 0.619690111 0.852367688
images/origin_image/[JZ-1040][TAG-FL983AGB][STATE-IN][IMAGEID-019ae016422674ba845760b78c1c3b31].jpg 1 0 0.509553122 0.853732844 0.082016640 0.077948652
images/origin_image/[JZ-1041][TAG-FL274AHA][STATE-IN][IMAGEID-019ae004a2b9715c92693501e3126c1b].jpg 0 0 0.560933148 0.564763231 0.686281337 0.870473538
images/origin_image/[JZ-1041][TAG-FL274AHA][STATE-IN][IMAGEID-019ae004a2b9715c92693501e3126c1b].jpg 1 0 0.701558148 0.616991643 0.088527159 0.089136490
images/origin_image/[JZ-1042][TAG-FL832ABE][STATE-IN][IMAGEID-019adffdadda7d2192c655de0f718b36].jpg 0 0 0.402681058 0.620473538 0.418349582 0.759052925
images/origin_image/[JZ-1042][TAG-FL832ABE][STATE-IN][IMAGEID-019adffdadda7d2192c655de0f718b36].jpg 1 0 0.403687674 0.796143761 0.074425487 0.058121165
images/origin_image/[JZ-1043][TAG-FL973AGB][STATE-IN][IMAGEID-019adff0bdad7985b0efe862c6e42838].jpg 0 0 0.460654596 0.604456825 0.407381616 0.785515320
images/origin_image/[JZ-1043][TAG-FL973AGB][STATE-IN][IMAGEID-019adff0bdad7985b0efe862c6e42838].jpg 1 0 0.463004875 0.743491194 0.072075209 0.058978615
images/origin_image/[JZ-1044][TAG-FL780ABY][STATE-IN][IMAGEID-019adfd01f927935936eee1a98b40126].jpg 0 0 0.582869081 0.581476323 0.808495822 0.708913649
images/origin_image/[JZ-1044][TAG-FL780ABY][STATE-IN][IMAGEID-019adfd01f927935936eee1a98b40126].jpg 1 0 0.376337602 0.710760744 0.082457108 0.076117588
images/origin_image/[JZ-1045][TAG-3308759][STATE-IN][IMAGEID-019adf9ccc21724b9102e87b10f78b60].jpg 0 0 0.580150834 0.485237484 0.839698331 0.967907574
images/origin_image/[JZ-1045][TAG-3308759][STATE-IN][IMAGEID-019adf9ccc21724b9102e87b10f78b60].jpg 1 0 0.528052360 0.715220043 0.084482484 0.083440308
images/origin_image/[JZ-1046][TAG-3308759][STATE-IN][IMAGEID-019adf96e51178ffa4ed1a7446de3318].jpg 0 0 0.598924897 0.437098845 0.802150206 0.874197690
images/origin_image/[JZ-1046][TAG-3308759][STATE-IN][IMAGEID-019adf96e51178ffa4ed1a7446de3318].jpg 1 0 0.300385109 0.552566902 0.080872914 0.068165297
images/origin_image/[JZ-1047][TAG-FL796AGB][STATE-IN][IMAGEID-019adeec30a170fc906d87de615874c6].jpg 0 0 0.453827020 0.567394092 0.393533380 0.749679080
images/origin_image/[JZ-1047][TAG-FL796AGB][STATE-IN][IMAGEID-019adeec30a170fc906d87de615874c6].jpg 1 0 0.454910141 0.714088001 0.072207959 0.058345179
images/origin_image/[JZ-1048][TAG-FL128ADA][STATE-IN][IMAGEID-019add8376757d41a0fefd435677bb5b].jpg 0 0 0.453827017 0.557124518 0.545170077 0.885750964
images/origin_image/[JZ-1048][TAG-FL128ADA][STATE-IN][IMAGEID-019add8376757d41a0fefd435677bb5b].jpg 1 0 0.444078947 0.818356868 0.092426187 0.086007702
images/origin_image/[JZ-1049][TAG-FL128ADA][STATE-IN][IMAGEID-019add822d8e7e93ad6c2a9341bdb062].jpg 0 0 0.512676510 0.532734273 0.642650832 0.726572525
images/origin_image/[JZ-1049][TAG-FL128ADA][STATE-IN][IMAGEID-019add822d8e7e93ad6c2a9341bdb062].jpg 1 0 0.355270973 0.691168228 0.076967490 0.071489472
images/origin_image/[JZ-1050][TAG-FL973AGB][STATE-IN][IMAGEID-019add76940d75d5aaff6978f014da91].jpg 0 0 0.428554233 0.575096277 0.587050691 0.849807445
images/origin_image/[JZ-1050][TAG-FL973AGB][STATE-IN][IMAGEID-019add76940d75d5aaff6978f014da91].jpg 1 0 0.422416560 0.721565454 0.096758665 0.087035972
images/origin_image/[JZ-1051][TAG-FL973AGB][STATE-IN][IMAGEID-019add7252407b7c95d415077902a4e0].jpg 0 0 0.485598526 0.521181001 0.657814501 0.780487805
images/origin_image/[JZ-1051][TAG-FL973AGB][STATE-IN][IMAGEID-019add7252407b7c95d415077902a4e0].jpg 1 0 0.311216303 0.503615620 0.073652118 0.073641674
images/origin_image/[JZ-1052][TAG-FL573ABL][STATE-IN][IMAGEID-019adcaf69be747eb54c0b2e43e67616].jpg 0 0 0.591022144 0.389602054 0.714136713 0.774069319
images/origin_image/[JZ-1052][TAG-FL573ABL][STATE-IN][IMAGEID-019adcaf69be747eb54c0b2e43e67616].jpg 1 0 0.754465891 0.371533811 0.079533192 0.074673390
images/origin_image/[JZ-1053][TAG-FL573ABL][STATE-IN][IMAGEID-019adcae578574c0ae1ff63c3c9caaa3].jpg 0 0 0.451299745 0.590500641 0.616655965 0.795892170
images/origin_image/[JZ-1053][TAG-FL573ABL][STATE-IN][IMAGEID-019adcae578574c0ae1ff63c3c9caaa3].jpg 1 0 0.595321419 0.583463752 0.072930039 0.072979981
images/origin_image/[JZ-1054][TAG-FL934ABE][STATE-IN][IMAGEID-019adc0925e578c69f4b9698498d1929].jpg 0 0 0.647705392 0.465340179 0.697528883 0.922978176
images/origin_image/[JZ-1054][TAG-FL934ABE][STATE-IN][IMAGEID-019adc0925e578c69f4b9698498d1929].jpg 1 0 0.769436861 0.488986383 0.087242136 0.072169774
images/origin_image/[JZ-1055][TAG-FL934ABE][STATE-IN][IMAGEID-019adc0792557ab4b956ad0981356039].jpg 0 0 0.574775353 0.539794608 0.700417202 0.853658539
images/origin_image/[JZ-1055][TAG-FL934ABE][STATE-IN][IMAGEID-019adc0792557ab4b956ad0981356039].jpg 1 0 0.753490051 0.526524675 0.078706675 0.080006988
images/origin_image/[JZ-1056][TAG-FL651ABJ][STATE-IN][IMAGEID-019adbe9cc2674a7afeb57cd3e9e9b54].jpg 0 0 0.590661104 0.458921696 0.688863927 0.802310650
images/origin_image/[JZ-1056][TAG-FL651ABJ][STATE-IN][IMAGEID-019adbe9cc2674a7afeb57cd3e9e9b54].jpg 1 0 0.718036492 0.567501876 0.087371630 0.075731024
images/origin_image/[JZ-1057][TAG-FL651ABJ][STATE-IN][IMAGEID-019adbe8ce617b09b882fc8a86a26088].jpg 0 0 0.565027279 0.551347881 0.689586007 0.707317075
images/origin_image/[JZ-1057][TAG-FL651ABJ][STATE-IN][IMAGEID-019adbe8ce617b09b882fc8a86a26088].jpg 1 0 0.742890623 0.611678386 0.080394943 0.075339806
images/origin_image/[JZ-1058][TAG-FL450ACX][STATE-IN][IMAGEID-019adb7a7c787373b8578cdddaf9c7e7].jpg 0 0 0.464658217 0.492939667 0.535060974 0.926829269
images/origin_image/[JZ-1058][TAG-FL450ACX][STATE-IN][IMAGEID-019adb7a7c787373b8578cdddaf9c7e7].jpg 1 0 0.454910141 0.729139923 0.089537869 0.077021823
images/origin_image/[JZ-1059][TAG-FL450ACX][STATE-IN][IMAGEID-019adb795a8074e19d91e8aa04216ab4].jpg 0 0 0.527118103 0.471116818 0.603658531 0.821566104
images/origin_image/[JZ-1059][TAG-FL450ACX][STATE-IN][IMAGEID-019adb795a8074e19d91e8aa04216ab4].jpg 1 0 0.387519307 0.650192767 0.072866195 0.073170732
images/origin_image/[JZ-1060][TAG-FL746AHM][STATE-IN][IMAGEID-019adb74627e7eb78da20c9e6653e0e1].jpg 0 0 0.608352048 0.379974326 0.639040446 0.759948652
images/origin_image/[JZ-1060][TAG-FL746AHM][STATE-IN][IMAGEID-019adb74627e7eb78da20c9e6653e0e1].jpg 1 0 0.730016861 0.373188508 0.075096277 0.069382982
images/origin_image/[JZ-1061][TAG-FL746AHM][STATE-IN][IMAGEID-019adb734d8872948f440a4449d5bf7b].jpg 0 0 0.571164956 0.448010272 0.530006417 0.718870347
images/origin_image/[JZ-1061][TAG-FL746AHM][STATE-IN][IMAGEID-019adb734d8872948f440a4449d5bf7b].jpg 1 0 0.459964698 0.458279846 0.070763800 0.064184852
images/origin_image/[JZ-1062][TAG-FL651ABJ][STATE-IN][IMAGEID-019adb24f5817423b9d18b4d554b8f7f].jpg 0 0 0.462130937 0.604621308 0.402920411 0.752246472
images/origin_image/[JZ-1062][TAG-FL651ABJ][STATE-IN][IMAGEID-019adb24f5817423b9d18b4d554b8f7f].jpg 1 0 0.463575096 0.788382378 0.070909323 0.061232677
images/origin_image/[JZ-1063][TAG-FL934ABE][STATE-IN][IMAGEID-019adb11b66b745bace02b99c63bbdbe].jpg 0 0 0.567193512 0.594993581 0.381980091 0.810012838
images/origin_image/[JZ-1063][TAG-FL934ABE][STATE-IN][IMAGEID-019adb11b66b745bace02b99c63bbdbe].jpg 1 0 0.576580552 0.903722721 0.072930039 0.041078306
images/origin_image/[JZ-1064][TAG-FL934ABE][STATE-IN][IMAGEID-019adb10c08e7b07b4e471d00e9bad40].jpg 0 0 0.427832158 0.533376123 0.563944157 0.763799741
images/origin_image/[JZ-1064][TAG-FL934ABE][STATE-IN][IMAGEID-019adb10c08e7b07b4e471d00e9bad40].jpg 1 0 0.555640244 0.528241335 0.068597561 0.070603338
images/origin_image/[JZ-1065][TAG-FL576AHA][STATE-IN][IMAGEID-019adae4d93c7c948a7f88da4fd12151].jpg 0 0 0.586649551 0.528883186 0.826700898 0.942233627
images/origin_image/[JZ-1065][TAG-FL576AHA][STATE-IN][IMAGEID-019adae4d93c7c948a7f88da4fd12151].jpg 1 0 0.669728819 0.690629012 0.126363928 0.107830552
images/origin_image/[JZ-1066][TAG-FL450ACX][STATE-IN][IMAGEID-019adaa9a2907ca7bcdfcc145807f2cd].jpg 0 0 0.462853017 0.602695764 0.408697048 0.776636713
images/origin_image/[JZ-1066][TAG-FL450ACX][STATE-IN][IMAGEID-019adaa9a2907ca7bcdfcc145807f2cd].jpg 1 0 0.466505166 0.874322128 0.070041720 0.058704745
images/origin_image/[JZ-1067][TAG-FL746AHM][STATE-IN][IMAGEID-019adaa98b1d7f7f8751e0430092caf3].jpg 0 0 0.460686772 0.603337611 0.405808718 0.793324778
images/origin_image/[JZ-1067][TAG-FL746AHM][STATE-IN][IMAGEID-019adaa98b1d7f7f8751e0430092caf3].jpg 1 0 0.459896297 0.740717189 0.073680955 0.056434685
images/origin_image/[JZ-1068][TAG-FL137ABE][STATE-IN][IMAGEID-019ada9e9c797576a50ad19f70944b00].jpg 0 0 0.491014114 0.324133504 0.491014130 0.648267008
images/origin_image/[JZ-1068][TAG-FL137ABE][STATE-IN][IMAGEID-019ada9e9c797576a50ad19f70944b00].jpg 1 0 0.528201220 0.447368421 0.078706675 0.068035944
images/origin_image/[JZ-1069][TAG-FL137ABE][STATE-IN][IMAGEID-019ada9da13d78c3a3ff2aa1b7b67f0d].jpg 0 0 0.418084078 0.471116817 0.400032097 0.698331191
images/origin_image/[JZ-1069][TAG-FL137ABE][STATE-IN][IMAGEID-019ada9da13d78c3a3ff2aa1b7b67f0d].jpg 1 0 0.455434688 0.625611847 0.062820924 0.061876166
images/origin_image/[JZ-1070][TAG-FL688ABH][STATE-IN][IMAGEID-019ada95b67d73eabda8e249da30a569].jpg 0 0 0.426026955 0.535301669 0.579107814 0.929396662
images/origin_image/[JZ-1070][TAG-FL688ABH][STATE-IN][IMAGEID-019ada95b67d73eabda8e249da30a569].jpg 1 0 0.419167202 0.659178434 0.091704108 0.080872914
images/origin_image/[JZ-1071][TAG-FL688ABH][STATE-IN][IMAGEID-019ada9239247ad189054a7a4c379178].jpg 0 0 0.493902441 0.503209243 0.629653398 0.762516046
images/origin_image/[JZ-1071][TAG-FL688ABH][STATE-IN][IMAGEID-019ada9239247ad189054a7a4c379178].jpg 1 0 0.354180039 0.507060334 0.074374198 0.079589217
images/origin_image/[JZ-1072][TAG-FL973AGB][STATE-IN][IMAGEID-019ada7338fe79dfafea743c4c4bdd33].jpg 0 0 0.524590822 0.610397946 0.420972400 0.776636714
images/origin_image/[JZ-1072][TAG-FL973AGB][STATE-IN][IMAGEID-019ada7338fe79dfafea743c4c4bdd33].jpg 1 0 0.536589611 0.765526789 0.074374198 0.057895721
images/origin_image/[JZ-1073][TAG-FL505AGC][STATE-IN][IMAGEID-019ada7261107d65aaf5349f48701d55].jpg 0 0 0.579468865 0.523106548 0.789232979 0.953786905
images/origin_image/[JZ-1073][TAG-FL505AGC][STATE-IN][IMAGEID-019ada7261107d65aaf5349f48701d55].jpg 1 0 0.639040436 0.663189577 0.122753530 0.103788710
images/origin_image/[JZ-1074][TAG-FL752ACY][STATE-IN][IMAGEID-019ada6aa1d57ef7912a3df9de177d8a].jpg 0 0 0.314826704 0.538510910 0.613767644 0.835686774
images/origin_image/[JZ-1074][TAG-FL752ACY][STATE-IN][IMAGEID-019ada6aa1d57ef7912a3df9de177d8a].jpg 1 0 0.243340822 0.657252888 0.090982028 0.079589217
images/origin_image/[JZ-1075][TAG-FL752ACY][STATE-IN][IMAGEID-019ada687d317b40a52b67e0b503ced4].jpg 0 0 0.378730744 0.568357687 0.579829911 0.642488734
images/origin_image/[JZ-1075][TAG-FL752ACY][STATE-IN][IMAGEID-019ada687d317b40a52b67e0b503ced4].jpg 1 0 0.515240496 0.609312763 0.071485879 0.066845604
images/origin_image/[JZ-1076][TAG-FL274AHA][STATE-IN][IMAGEID-019ad9c6a5d878c2abd29139d17b4eb6].jpg 0 0 0.445523106 0.604621309 0.408697048 0.777920411
images/origin_image/[JZ-1076][TAG-FL274AHA][STATE-IN][IMAGEID-019ad9c6a5d878c2abd29139d17b4eb6].jpg 1 0 0.445990849 0.761473344 0.073652118 0.061840858
images/origin_image/[JZ-1077][TAG-FL489ABG][STATE-IN][IMAGEID-019ad9aa6b407bce9415e505eaf42b6b].jpg 0 0 0.429637351 0.607188702 0.398587921 0.785622595
images/origin_image/[JZ-1077][TAG-FL489ABG][STATE-IN][IMAGEID-019ad9aa6b407bce9415e505eaf42b6b].jpg 1 0 0.426749037 0.908215661 0.070763800 0.062901155
images/origin_image/[JZ-1078][TAG-FL688ABH][STATE-IN][IMAGEID-019ad98b20717d3f96042d441835751a].jpg 0 0 0.455271175 0.607787757 0.432525663 0.784253309
images/origin_image/[JZ-1078][TAG-FL688ABH][STATE-IN][IMAGEID-019ad98b20717d3f96042d441835751a].jpg 1 0 0.457076380 0.798459564 0.075096277 0.064184852
images/origin_image/[JZ-1079][TAG-FL651ABJ][STATE-IN][IMAGEID-019ad7bac73677a4bddc5dbd1aafc01e].jpg 0 0 0.619504173 0.490372274 0.760991655 0.829268294
images/origin_image/[JZ-1079][TAG-FL651ABJ][STATE-IN][IMAGEID-019ad7bac73677a4bddc5dbd1aafc01e].jpg 1 0 0.890522314 0.600726247 0.087257903 0.080230881
images/origin_image/[JZ-1080][TAG-FL651ABJ][STATE-IN][IMAGEID-019ad7b915e97ad7b74b60e6fb5fa7f8].jpg 0 0 0.374759308 0.547496790 0.570442874 0.589216946
images/origin_image/[JZ-1080][TAG-FL651ABJ][STATE-IN][IMAGEID-019ad7b915e97ad7b74b60e6fb5fa7f8].jpg 1 0 0.516777145 0.587904566 0.064265083 0.065468549
images/origin_image/[JZ-1081][TAG-FL146ABM][STATE-IN][IMAGEID-019ad7b1a2d67e908cd32fe4c37be0c3].jpg 0 0 0.585245507 0.566752245 0.575497433 0.843388963
images/origin_image/[JZ-1081][TAG-FL146ABM][STATE-IN][IMAGEID-019ad7b1a2d67e908cd32fe4c37be0c3].jpg 1 0 0.612735798 0.680248670 0.098202824 0.077215854
images/origin_image/[JZ-1082][TAG-FL146ABM][STATE-IN][IMAGEID-019ad7aed59c7bdb9d68c5034cb79bfe].jpg 0 0 0.551307762 0.658290099 0.786344659 0.683419802
images/origin_image/[JZ-1082][TAG-FL146ABM][STATE-IN][IMAGEID-019ad7aed59c7bdb9d68c5034cb79bfe].jpg 1 0 0.757650092 0.821173259 0.093148267 0.091990806
images/origin_image/[JZ-1083][TAG-FL251AHN][STATE-IN][IMAGEID-019ad78a8e157d648c066684b9b34e1b].jpg 0 0 0.509066110 0.587933247 0.417362003 0.813863929
images/origin_image/[JZ-1083][TAG-FL251AHN][STATE-IN][IMAGEID-019ad78a8e157d648c066684b9b34e1b].jpg 1 0 0.517008986 0.824422910 0.070763800 0.060527792
images/origin_image/[JZ-1084][TAG-FL741AHD][STATE-IN][IMAGEID-019ad780d9a47b56b27ffe46eb542bf9].jpg 0 0 0.492775070 0.603760446 0.402681058 0.731197772
images/origin_image/[JZ-1084][TAG-FL741AHD][STATE-IN][IMAGEID-019ad780d9a47b56b27ffe46eb542bf9].jpg 1 0 0.511317072 0.904661676 0.070429413 0.063442425
images/origin_image/[JZ-1085][TAG-FL832ABE][STATE-IN][IMAGEID-019ad70a175a796e849e27a3c382513f].jpg 0 0 0.602454735 0.415041783 0.755222841 0.830083565
images/origin_image/[JZ-1085][TAG-FL832ABE][STATE-IN][IMAGEID-019ad70a175a796e849e27a3c382513f].jpg 1 0 0.782997033 0.434840790 0.082259749 0.073425879
images/origin_image/[JZ-1086][TAG-FL832ABE][STATE-IN][IMAGEID-019ad7088ffc713b9f63c585e901063b].jpg 0 0 0.547223189 0.588440111 0.782642758 0.823119777
images/origin_image/[JZ-1086][TAG-FL832ABE][STATE-IN][IMAGEID-019ad7088ffc713b9f63c585e901063b].jpg 1 0 0.748081370 0.719161874 0.088527159 0.090420380
images/origin_image/[JZ-1087][TAG-FL146ABM][STATE-IN][IMAGEID-019ad6bb893a75c2972338381e510908].jpg 0 0 0.425400418 0.598885794 0.385445682 0.732590529
images/origin_image/[JZ-1087][TAG-FL146ABM][STATE-IN][IMAGEID-019ad6bb893a75c2972338381e510908].jpg 1 0 0.422658426 0.766208796 0.071291783 0.063682687
images/origin_image/[JZ-1088][TAG-FL832ABE][STATE-IN][IMAGEID-019ad67ab47f74d9ba39bf07bc0dec3e].jpg 0 0 0.531730821 0.646239554 0.444554956 0.707520891
images/origin_image/[JZ-1088][TAG-FL832ABE][STATE-IN][IMAGEID-019ad67ab47f74d9ba39bf07bc0dec3e].jpg 1 0 0.538997214 0.890697368 0.081476323 0.068187437
images/origin_image/[JZ-1089][TAG-FL481ACR][STATE-IN][IMAGEID-019ad5b5ac9c766faaa3b7927238cc49].jpg 0 0 0.452820334 0.508356546 0.537430362 0.933147632
images/origin_image/[JZ-1089][TAG-FL481ACR][STATE-IN][IMAGEID-019ad5b5ac9c766faaa3b7927238cc49].jpg 1 0 0.446944638 0.571727019 0.088527159 0.076601671
images/origin_image/[JZ-1090][TAG-FL481ACR][STATE-IN][IMAGEID-019ad5b3995478c397ab748498a0a580].jpg 0 0 0.492383357 0.456128134 0.613422702 0.764623955
images/origin_image/[JZ-1090][TAG-FL481ACR][STATE-IN][IMAGEID-019ad5b3995478c397ab748498a0a580].jpg 1 0 0.332172702 0.458913649 0.064240947 0.068245125
images/origin_image/[JZ-1091][TAG-FL505AGC][STATE-IN][IMAGEID-019ad56cf1c9721db18e0eba2477207f].jpg 0 0 0.580127089 0.598885794 0.799878134 0.802228412
images/origin_image/[JZ-1091][TAG-FL505AGC][STATE-IN][IMAGEID-019ad56cf1c9721db18e0eba2477207f].jpg 1 0 0.760056026 0.929351049 0.107034289 0.102221653
images/origin_image/[JZ-1092][TAG-FL505AGC][STATE-IN][IMAGEID-019ad564450a7f118249f05afb92564b].jpg 0 0 0.569550836 0.566852368 0.708217270 0.866295265
images/origin_image/[JZ-1092][TAG-FL505AGC][STATE-IN][IMAGEID-019ad564450a7f118249f05afb92564b].jpg 1 0 0.725324366 0.613258277 0.088888594 0.084470860
images/origin_image/[JZ-1093][TAG-FL573ABL][STATE-IN][IMAGEID-019ad4dc538d7350aef01c410aef6474].jpg 0 0 0.415999304 0.600974930 0.397980501 0.798050139
images/origin_image/[JZ-1093][TAG-FL573ABL][STATE-IN][IMAGEID-019ad4dc538d7350aef01c410aef6474].jpg 1 0 0.412322457 0.736044613 0.074122629 0.062729716
images/origin_image/[JZ-1094][TAG-FL651ABJ][STATE-IN][IMAGEID-019ad497c2ed7cd3819f4dab4fc65771].jpg 0 0 0.422266713 0.598189415 0.383878830 0.728412256
images/origin_image/[JZ-1094][TAG-FL651ABJ][STATE-IN][IMAGEID-019ad497c2ed7cd3819f4dab4fc65771].jpg 1 0 0.428577201 0.797531783 0.070859597 0.058495822
images/origin_image/[JZ-1095][TAG-FL395AHA][STATE-IN][IMAGEID-019ad487eb987bc49b36584e810b72d1].jpg 0 0 0.450861769 0.530640669 0.386229109 0.721448468
images/origin_image/[JZ-1095][TAG-FL395AHA][STATE-IN][IMAGEID-019ad487eb987bc49b36584e810b72d1].jpg 1 0 0.451253482 0.669916435 0.070508357 0.064066852
images/origin_image/[JZ-1096][TAG-FL481ACR][STATE-IN][IMAGEID-019ad3ba4eda7d97ab612110d3c0c18b].jpg 0 0 0.437935237 0.602367688 0.405814763 0.767409471
images/origin_image/[JZ-1096][TAG-FL481ACR][STATE-IN][IMAGEID-019ad3ba4eda7d97ab612110d3c0c18b].jpg 1 0 0.435976671 0.759052925 0.074425487 0.064066852
images/origin_image/[JZ-1097][TAG-FL159AHN][STATE-IN][IMAGEID-019ad2e9b74a77ea8067377e6b9bd0b1].jpg 0 0 0.451253482 0.596100279 0.418349582 0.777158774
images/origin_image/[JZ-1097][TAG-FL159AHN][STATE-IN][IMAGEID-019ad2e9b74a77ea8067377e6b9bd0b1].jpg 1 0 0.448119777 0.858635097 0.073642061 0.062674095
images/origin_image/[JZ-1098][TAG-FL752ACY][STATE-IN][IMAGEID-019ad25ceec97380ba1588d285987111].jpg 0 0 0.465746866 0.596796657 0.370560585 0.731197772
images/origin_image/[JZ-1098][TAG-FL752ACY][STATE-IN][IMAGEID-019ad25ceec97380ba1588d285987111].jpg 1 0 0.470447423 0.760098383 0.069724930 0.060586738
images/origin_image/[JZ-1099][TAG-FL443ADW][STATE-IN][IMAGEID-019ad24ed92675978329390f58ff5b6c].jpg 0 0 0.457912604 0.561281337 0.361159471 0.771587744
images/origin_image/[JZ-1099][TAG-FL443ADW][STATE-IN][IMAGEID-019ad24ed92675978329390f58ff5b6c].jpg 1 0 0.459871170 0.810584958 0.064240947 0.055710306
images/origin_image/[JZ-1100][TAG-FL629AGB][STATE-IN][IMAGEID-019ad1d6a5ce7bc18fd76e9cf2cf87f5].jpg 0 0 0.436368384 0.605849582 0.404247911 0.777158774
images/origin_image/[JZ-1100][TAG-FL629AGB][STATE-IN][IMAGEID-019ad1d6a5ce7bc18fd76e9cf2cf87f5].jpg 1 0 0.438565369 0.750154979 0.072724508 0.060515287
images/origin_image/[JZ-1101][TAG-FL505AGC][STATE-IN][IMAGEID-019ad0d58a547823914c30538fb6d41e].jpg 0 0 0.413649025 0.600278552 0.401114206 0.774373259
images/origin_image/[JZ-1101][TAG-FL505AGC][STATE-IN][IMAGEID-019ad0d58a547823914c30538fb6d41e].jpg 1 0 0.413649025 0.751845315 0.072075209 0.056197950
images/origin_image/[JZ-1102][TAG-FL866ABD][STATE-IN][IMAGEID-019ad0c7bc647f4f93322cc08fbb4738].jpg 0 0 0.469272284 0.594707521 0.410515320 0.771587744
images/origin_image/[JZ-1102][TAG-FL866ABD][STATE-IN][IMAGEID-019ad0c7bc647f4f93322cc08fbb4738].jpg 1 0 0.476714833 0.736281159 0.072858635 0.056685593
images/origin_image/[JZ-1103][TAG-FL251AHN][STATE-IN][IMAGEID-019ad0447f857f56aa49e33bbc2aa43f].jpg 0 0 0.493166783 0.571030641 0.359592618 0.752089136
images/origin_image/[JZ-1103][TAG-FL251AHN][STATE-IN][IMAGEID-019ad0447f857f56aa49e33bbc2aa43f].jpg 1 0 0.516424379 0.844714012 0.062674095 0.047353760
images/origin_image/[JZ-1104][TAG-FL832ABE][STATE-IN][IMAGEID-019ad03620c87ff39b95bf93d0543f18].jpg 0 0 0.434018106 0.593314763 0.363509749 0.760445682
images/origin_image/[JZ-1104][TAG-FL832ABE][STATE-IN][IMAGEID-019ad03620c87ff39b95bf93d0543f18].jpg 1 0 0.433234680 0.798050139 0.067374652 0.052924791
images/origin_image/[JZ-1105][TAG-FL279ADP][STATE-IN][IMAGEID-019ad02bb0b97e5497fdf842bd6e5044].jpg 0 0 0.457129178 0.598189415 0.351758357 0.733983287
images/origin_image/[JZ-1105][TAG-FL279ADP][STATE-IN][IMAGEID-019ad02bb0b97e5497fdf842bd6e5044].jpg 1 0 0.457520891 0.892061281 0.062674095 0.048746518
images/origin_image/[JZ-1106][TAG-3308759][STATE-IN][IMAGEID-019ad009b2cb77d082bbd53bf673894d].jpg 0 0 0.450078343 0.417827298 0.900156685 0.835654596
images/origin_image/[JZ-1106][TAG-3308759][STATE-IN][IMAGEID-019ad009b2cb77d082bbd53bf673894d].jpg 1 0 0.227193593 0.619777159 0.100278552 0.083565460
images/origin_image/[JZ-1107][TAG-FL846ACR][STATE-IN][IMAGEID-019ad0079c8e788a88d7e63237a61730].jpg 0 0 0.461438022 0.596796657 0.360376045 0.764623955
images/origin_image/[JZ-1107][TAG-FL846ACR][STATE-IN][IMAGEID-019ad0079c8e788a88d7e63237a61730].jpg 1 0 0.457129178 0.829053043 0.065024373 0.052512582
images/origin_image/[JZ-1108][TAG-3308759][STATE-IN][IMAGEID-019acffda0f579ac9c658127ea8e929a].jpg 0 0 0.574033774 0.501392758 0.851932451 0.997214485
images/origin_image/[JZ-1108][TAG-3308759][STATE-IN][IMAGEID-019acffda0f579ac9c658127ea8e929a].jpg 1 0 0.545592779 0.849679976 0.081608003 0.073675273
images/origin_image/[JZ-1109][TAG-FL934ABE][STATE-IN][IMAGEID-019acfd0bf3e7298828e670e5f01ed38].jpg 0 0 0.426183844 0.605849582 0.404247911 0.788300836
images/origin_image/[JZ-1109][TAG-FL934ABE][STATE-IN][IMAGEID-019acfd0bf3e7298828e670e5f01ed38].jpg 1 0 0.428925836 0.744933266 0.069724930 0.067236533
images/origin_image/[JZ-1110][TAG-FL846ACR][STATE-IN][IMAGEID-019acfb3404b7f24a31de59235ab6441].jpg 0 0 0.443027507 0.593314763 0.403464485 0.813370474
images/origin_image/[JZ-1110][TAG-FL846ACR][STATE-IN][IMAGEID-019acfb3404b7f24a31de59235ab6441].jpg 1 0 0.446944638 0.768802228 0.071291783 0.069637883
images/origin_image/[JZ-1111][TAG-FL251AHN][STATE-IN][IMAGEID-019acf90a7c37b858f5cb9708d02c733].jpg 0 0 0.459479457 0.593314763 0.412865599 0.813370474
images/origin_image/[JZ-1111][TAG-FL251AHN][STATE-IN][IMAGEID-019acf90a7c37b858f5cb9708d02c733].jpg 1 0 0.462221448 0.829387187 0.070508357 0.065459610
images/origin_image/[JZ-1112][TAG-FL832ABE][STATE-IN][IMAGEID-019acf51ddc874cfab97c5a9ec5784b4].jpg 0 0 0.423050139 0.584261838 0.399547354 0.770194986
images/origin_image/[JZ-1112][TAG-FL832ABE][STATE-IN][IMAGEID-019acf51ddc874cfab97c5a9ec5784b4].jpg 1 0 0.421091574 0.724800722 0.071291783 0.060147859
images/origin_image/[JZ-1113][TAG-FL137ABE][STATE-IN][IMAGEID-019acf2659637eada66abab35733b0b3].jpg 0 0 0.434409819 0.594266618 0.395630223 0.778040580
images/origin_image/[JZ-1113][TAG-FL137ABE][STATE-IN][IMAGEID-019acf2659637eada66abab35733b0b3].jpg 1 0 0.434018106 0.852367688 0.070508357 0.061281337
images/origin_image/[JZ-1114][TAG-FL279ADP][STATE-IN][IMAGEID-019accebdb0e79478f5ab93b52b06235].jpg 0 0 0.459479457 0.580779944 0.397197075 0.760445682
images/origin_image/[JZ-1114][TAG-FL279ADP][STATE-IN][IMAGEID-019accebdb0e79478f5ab93b52b06235].jpg 1 0 0.461046309 0.854456825 0.068158078 0.059888579
images/origin_image/[JZ-1115][TAG-FL361AHN][STATE-IN][IMAGEID-019accdc8f18717caef43fc99da3c38e].jpg 0 0 0.415607591 0.586350975 0.356458914 0.763231198
images/origin_image/[JZ-1115][TAG-FL361AHN][STATE-IN][IMAGEID-019accdc8f18717caef43fc99da3c38e].jpg 1 0 0.418349582 0.873259053 0.064240947 0.044568245
images/origin_image/[JZ-1116][TAG-FL481ACR][STATE-IN][IMAGEID-019acc0f8d2c70c192ea8f14d7f62107].jpg 0 0 0.407381616 0.509052925 0.538997214 0.931754875
images/origin_image/[JZ-1116][TAG-FL481ACR][STATE-IN][IMAGEID-019acc0f8d2c70c192ea8f14d7f62107].jpg 1 0 0.402681058 0.556973424 0.090877437 0.075468194
images/origin_image/[JZ-1117][TAG-FL481ACR][STATE-IN][IMAGEID-019acc0e838b7df6bc9ec197830dab25].jpg 0 0 0.493414790 0.483286908 0.617627244 0.805013928
images/origin_image/[JZ-1117][TAG-FL481ACR][STATE-IN][IMAGEID-019acc0e838b7df6bc9ec197830dab25].jpg 1 0 0.343924095 0.486977538 0.068941504 0.067827654
images/origin_image/[JZ-1118][TAG-FL866ABD][STATE-IN][IMAGEID-019acbed5771738da9c43061b6d4066d].jpg 0 0 0.595795613 0.394846797 0.724669220 0.784122563
images/origin_image/[JZ-1118][TAG-FL866ABD][STATE-IN][IMAGEID-019acbed5771738da9c43061b6d4066d].jpg 1 0 0.766647641 0.382366639 0.079126045 0.066852368
images/origin_image/[JZ-1119][TAG-FL866ABD][STATE-IN][IMAGEID-019acbec80ea7591af3213a1f4ac08eb].jpg 0 0 0.480631964 0.594011142 0.630658078 0.811977716
images/origin_image/[JZ-1119][TAG-FL866ABD][STATE-IN][IMAGEID-019acbec80ea7591af3213a1f4ac08eb].jpg 1 0 0.630658078 0.593819059 0.075208914 0.072183137
images/origin_image/[JZ-1120][TAG-FL481ACR][STATE-IN][IMAGEID-019acbb275d07cff80b0bf7df2f27cf3].jpg 0 0 0.405423050 0.596100279 0.403464485 0.774373259
images/origin_image/[JZ-1120][TAG-FL481ACR][STATE-IN][IMAGEID-019acbb275d07cff80b0bf7df2f27cf3].jpg 1 0 0.404639624 0.745446617 0.072858635 0.063424315
images/origin_image/[JZ-1121][TAG-FL361AHN][STATE-IN][IMAGEID-019acb0a0fad783aa2d0d230706b78b8].jpg 0 0 0.443419220 0.570334262 0.412082173 0.764623955
images/origin_image/[JZ-1121][TAG-FL361AHN][STATE-IN][IMAGEID-019acb0a0fad783aa2d0d230706b78b8].jpg 1 0 0.444594359 0.830083565 0.071291783 0.061281337
images/origin_image/[JZ-1122][TAG-FL866ABD][STATE-IN][IMAGEID-019aca3096327ce78cf56ad45f461779].jpg 0 0 0.437151811 0.583565460 0.401114206 0.749303621
images/origin_image/[JZ-1122][TAG-FL866ABD][STATE-IN][IMAGEID-019aca3096327ce78cf56ad45f461779].jpg 1 0 0.440285515 0.740024064 0.070508357 0.071483905
images/origin_image/[JZ-1123][TAG-FL443ADW][STATE-IN][IMAGEID-019ac7471af77858a8c2681a8d6d0af8].jpg 0 0 0.368210306 0.536908078 0.692548747 0.920612813
images/origin_image/[JZ-1123][TAG-FL443ADW][STATE-IN][IMAGEID-019ac7471af77858a8c2681a8d6d0af8].jpg 1 0 0.304752786 0.550139276 0.095577994 0.072423398
images/origin_image/[JZ-1124][TAG-FL443ADW][STATE-IN][IMAGEID-019ac72c7f0274fb85b08d365f4689ce].jpg 0 0 0.603629875 0.604456825 0.760706825 0.791086351
images/origin_image/[JZ-1124][TAG-FL443ADW][STATE-IN][IMAGEID-019ac72c7f0274fb85b08d365f4689ce].jpg 1 0 0.758356546 0.779247911 0.097144847 0.096100279
images/origin_image/[JZ-1125][TAG-FL443ADW][STATE-IN][IMAGEID-019ac725c7a67d61b38735544e236889].jpg 0 0 0.473581128 0.590529248 0.419133008 0.805013928
images/origin_image/[JZ-1125][TAG-FL443ADW][STATE-IN][IMAGEID-019ac725c7a67d61b38735544e236889].jpg 1 0 0.483373955 0.819794465 0.073642061 0.059575415
images/origin_image/[JZ-1126][TAG-FL746AHM][STATE-IN][IMAGEID-019ac645e4357d77b2be6557e996cec4].jpg 0 0 0.606763579 0.411559889 0.727802925 0.820334262
images/origin_image/[JZ-1126][TAG-FL746AHM][STATE-IN][IMAGEID-019ac645e4357d77b2be6557e996cec4].jpg 1 0 0.774718290 0.409507784 0.083826602 0.072269301
images/origin_image/[JZ-1127][TAG-FL746AHM][STATE-IN][IMAGEID-019ac64088e27870a87f0045492271d6].jpg 0 0 0.497867340 0.575905292 0.633791783 0.831476323
images/origin_image/[JZ-1127][TAG-FL746AHM][STATE-IN][IMAGEID-019ac64088e27870a87f0045492271d6].jpg 1 0 0.651418872 0.590529248 0.071291783 0.072423398
images/origin_image/[JZ-1128][TAG-FL279ADP][STATE-IN][IMAGEID-019ac56b37d279e4a99bad44a8492787].jpg 0 0 0.443027507 0.493732591 0.317287604 0.642061281
images/origin_image/[JZ-1128][TAG-FL279ADP][STATE-IN][IMAGEID-019ac56b37d279e4a99bad44a8492787].jpg 1 0 0.441068942 0.749303621 0.054839833 0.047353760
images/origin_image/[JZ-1129][TAG-FL137ABE][STATE-IN][IMAGEID-019ac3cc91387c0c8eaeb2472ff03da5].jpg 0 0 0.614206128 0.506963788 0.747388579 0.930362117
images/origin_image/[JZ-1129][TAG-FL137ABE][STATE-IN][IMAGEID-019ac3cc91387c0c8eaeb2472ff03da5].jpg 1 0 0.772503884 0.739344809 0.086176880 0.079483402
images/origin_image/[JZ-1130][TAG-FL137ABE][STATE-IN][IMAGEID-019ac3c67ffc732e85781d5c7b894ed9].jpg 0 0 0.488074513 0.509749304 0.648676880 0.899721448
images/origin_image/[JZ-1130][TAG-FL137ABE][STATE-IN][IMAGEID-019ac3c67ffc732e85781d5c7b894ed9].jpg 1 0 0.624782382 0.734674911 0.083826602 0.079396696
images/origin_image/[JZ-1131][TAG-FL752ACY][STATE-IN][IMAGEID-019ac3a90f167025a75aabcecf901a88].jpg 0 0 0.321988162 0.519498607 0.643976323 0.813370474
images/origin_image/[JZ-1131][TAG-FL752ACY][STATE-IN][IMAGEID-019ac3a90f167025a75aabcecf901a88].jpg 1 0 0.186847145 0.637186630 0.086960306 0.079387187
images/origin_image/[JZ-1132][TAG-FL752ACY][STATE-IN][IMAGEID-019ac3a715fe768aabd6588a29dcc429].jpg 0 0 0.521370125 0.646239554 0.698032730 0.707520891
images/origin_image/[JZ-1132][TAG-FL752ACY][STATE-IN][IMAGEID-019ac3a715fe768aabd6588a29dcc429].jpg 1 0 0.702078152 0.737527981 0.081476323 0.077609926
images/origin_image/[JZ-1133][TAG-FL746AHM][STATE-IN][IMAGEID-019ac30f06dc77f69385f488f8f3762f].jpg 0 0 0.521370125 0.573816156 0.370560585 0.813370474
images/origin_image/[JZ-1133][TAG-FL746AHM][STATE-IN][IMAGEID-019ac30f06dc77f69385f488f8f3762f].jpg 1 0 0.531809229 0.834435488 0.068667205 0.047841404
images/origin_image/[JZ-1134][TAG-FL746AHM][STATE-IN][IMAGEID-019ac30c987871b2bb3e98b44e028e36].jpg 0 0 0.549181755 0.596100279 0.717618384 0.807799443
images/origin_image/[JZ-1134][TAG-FL746AHM][STATE-IN][IMAGEID-019ac30c987871b2bb3e98b44e028e36].jpg 1 0 0.727929799 0.658045612 0.081476323 0.080990460
images/origin_image/[JZ-1135][TAG-FL395AHA][STATE-IN][IMAGEID-019ac30c8720755fbe492532d994a7aa].jpg 0 0 0.312195334 0.433147632 0.621256964 0.863509749
images/origin_image/[JZ-1135][TAG-FL395AHA][STATE-IN][IMAGEID-019ac30c8720755fbe492532d994a7aa].jpg 1 0 0.209403638 0.482548134 0.087743733 0.075208914
images/origin_image/[JZ-1136][TAG-FL395AHA][STATE-IN][IMAGEID-019ac309689e74a4bb61bf27728f5baa].jpg 0 0 0.554274025 0.616295265 0.734070334 0.767409471
images/origin_image/[JZ-1136][TAG-FL395AHA][STATE-IN][IMAGEID-019ac309689e74a4bb61bf27728f5baa].jpg 1 0 0.721927228 0.720055710 0.085393454 0.091922006
images/origin_image/[JZ-1137][TAG-FL746AHM][STATE-IN][IMAGEID-019ac2dfa38075fea8bd8cd359840ba6].jpg 0 0 0.416391017 0.642757660 0.437935237 0.714484680
images/origin_image/[JZ-1137][TAG-FL746AHM][STATE-IN][IMAGEID-019ac2dfa38075fea8bd8cd359840ba6].jpg 1 0 0.413649025 0.903203343 0.079909471 0.062674095
images/origin_image/[JZ-1138][TAG-FL505AGC][STATE-IN][IMAGEID-019ac2618dd176acbd3bb592b88cc991].jpg 0 0 0.347057799 0.566852368 0.598537604 0.866295265
images/origin_image/[JZ-1138][TAG-FL505AGC][STATE-IN][IMAGEID-019ac2618dd176acbd3bb592b88cc991].jpg 1 0 0.337656685 0.704735376 0.098711699 0.075208914
images/origin_image/[JZ-1139][TAG-FL505AGC][STATE-IN][IMAGEID-019ac255b8da72899c71df66444b842c].jpg 0 0 0.530771240 0.575208914 0.608722145 0.816155989
images/origin_image/[JZ-1139][TAG-FL505AGC][STATE-IN][IMAGEID-019ac255b8da72899c71df66444b842c].jpg 1 0 0.659885620 0.592799406 0.082259749 0.077992501
images/origin_image/[JZ-1140][TAG-FL505AGC][STATE-IN][IMAGEID-019ac24fc8297b0f850c704d1cde85c4].jpg 0 0 0.461046309 0.580779944 0.367426880 0.816155989
images/origin_image/[JZ-1140][TAG-FL505AGC][STATE-IN][IMAGEID-019ac24fc8297b0f850c704d1cde85c4].jpg 1 0 0.459479457 0.842618384 0.072858635 0.047353760
images/origin_image/[JZ-1141][TAG-FL505AGC][STATE-IN][IMAGEID-019ac24dc6a17d03837a366abeebbc4a].jpg 0 0 0.460262883 0.594707521 0.668262535 0.810584958
images/origin_image/[JZ-1141][TAG-FL505AGC][STATE-IN][IMAGEID-019ac24dc6a17d03837a366abeebbc4a].jpg 1 0 0.611614912 0.657544107 0.083826602 0.080097445
images/origin_image/[JZ-1142][TAG-FL137ABE][STATE-IN][IMAGEID-019ac24040737520b3e31a8952358c89].jpg 0 0 0.449294916 0.604456825 0.417566156 0.763231198
images/origin_image/[JZ-1142][TAG-FL137ABE][STATE-IN][IMAGEID-019ac24040737520b3e31a8952358c89].jpg 1 0 0.461046309 0.886490251 0.071291783 0.065459610
images/origin_image/[JZ-1143][TAG-FL796AGB][STATE-IN][IMAGEID-019ac20b262b7cfaaab62fee1c46f78d].jpg 0 0 0.428534123 0.579387187 0.350974930 0.746518106
images/origin_image/[JZ-1143][TAG-FL796AGB][STATE-IN][IMAGEID-019ac20b262b7cfaaab62fee1c46f78d].jpg 1 0 0.424616992 0.782729805 0.067374652 0.050139276
images/origin_image/[JZ-1144][TAG-FL395AHA][STATE-IN][IMAGEID-019ac2029a4071c29d8040faebd581aa].jpg 0 0 0.468097145 0.574512535 0.403464485 0.753481894
images/origin_image/[JZ-1144][TAG-FL395AHA][STATE-IN][IMAGEID-019ac2029a4071c29d8040faebd581aa].jpg 1 0 0.474364554 0.713658661 0.071291783 0.060147859
images/origin_image/[JZ-1145][TAG-FL688ABH][STATE-IN][IMAGEID-019ac1fa99ea7002b51e8229897c0cc2].jpg 0 0 0.450861769 0.555710306 0.356458914 0.749303621
images/origin_image/[JZ-1145][TAG-FL688ABH][STATE-IN][IMAGEID-019ac1fa99ea7002b51e8229897c0cc2].jpg 1 0 0.448570698 0.752994251 0.065142788 0.048329047
images/origin_image/[JZ-1146][TAG-FL505AGC][STATE-IN][IMAGEID-019ac1f0052f76bab1a37a03336ae276].jpg 0 0 0.458304318 0.571030641 0.391713092 0.754874652
images/origin_image/[JZ-1146][TAG-FL505AGC][STATE-IN][IMAGEID-019ac1f0052f76bab1a37a03336ae276].jpg 1 0 0.459087744 0.711002786 0.073642061 0.062674095
images/origin_image/[JZ-1147][TAG-FL576AHA][STATE-IN][IMAGEID-019ac18b933b77f3b905624efd2fe880].jpg 0 0 0.616948120 0.532033426 0.729369777 0.935933148
images/origin_image/[JZ-1147][TAG-FL576AHA][STATE-IN][IMAGEID-019ac18b933b77f3b905624efd2fe880].jpg 1 0 0.777060368 0.805993034 0.092453607 0.085092182
images/origin_image/[JZ-1148][TAG-FL688ABH][STATE-IN][IMAGEID-019ac1583c457eaabbc04db159380a55].jpg 0 0 0.421483287 0.598189415 0.424616992 0.803621170
images/origin_image/[JZ-1148][TAG-FL688ABH][STATE-IN][IMAGEID-019ac1583c457eaabbc04db159380a55].jpg 1 0 0.421483287 0.768802228 0.075208914 0.066852368
images/origin_image/[JZ-1149][TAG-FL450ACX][STATE-IN][IMAGEID-019ac139c9b8799a9cf24c594741c9e3].jpg 0 0 0.558974582 0.355153203 0.578951950 0.710306407
images/origin_image/[JZ-1149][TAG-FL450ACX][STATE-IN][IMAGEID-019ac139c9b8799a9cf24c594741c9e3].jpg 1 0 0.650853608 0.489651202 0.076775766 0.063817082
images/origin_image/[JZ-1150][TAG-FL450ACX][STATE-IN][IMAGEID-019ac138759d7a93aca5a80748556a14].jpg 0 0 0.395630223 0.525069638 0.554665738 0.796657382
images/origin_image/[JZ-1150][TAG-FL450ACX][STATE-IN][IMAGEID-019ac138759d7a93aca5a80748556a14].jpg 1 0 0.512509748 0.706430865 0.075208914 0.068085381
images/origin_image/[JZ-1151][TAG-FL866ABD][STATE-IN][IMAGEID-019ac1331d177b6ab713e32563204edf].jpg 0 0 0.478673398 0.401810585 0.571901114 0.803621170
images/origin_image/[JZ-1151][TAG-FL866ABD][STATE-IN][IMAGEID-019ac1331d177b6ab713e32563204edf].jpg 1 0 0.551655898 0.415964374 0.080692897 0.075208914
images/origin_image/[JZ-1152][TAG-FL866ABD][STATE-IN][IMAGEID-019ac131b6bd7db7831007d13cf3af8c].jpg 0 0 0.440677228 0.584958217 0.618123259 0.830083565
images/origin_image/[JZ-1152][TAG-FL866ABD][STATE-IN][IMAGEID-019ac131b6bd7db7831007d13cf3af8c].jpg 1 0 0.575034819 0.613509749 0.078342618 0.082172702
images/origin_image/[JZ-1153][TAG-FL651ABJ][STATE-IN][IMAGEID-019ac1139c83743dbaff5c348f2a599f].jpg 0 0 0.320029596 0.442896936 0.640059192 0.799442897
images/origin_image/[JZ-1153][TAG-FL651ABJ][STATE-IN][IMAGEID-019ac1139c83743dbaff5c348f2a599f].jpg 1 0 0.109575754 0.568794603 0.089496056 0.083565460
images/origin_image/[JZ-1154][TAG-FL651ABJ][STATE-IN][IMAGEID-019ac11209f07f62a07f91ce1d3612df].jpg 0 0 0.556624304 0.655988858 0.762273677 0.688022284
images/origin_image/[JZ-1154][TAG-FL651ABJ][STATE-IN][IMAGEID-019ac11209f07f62a07f91ce1d3612df].jpg 1 0 0.758556816 0.793709038 0.086176880 0.084958217
images/origin_image/[JZ-1155][TAG-FL146ABM][STATE-IN][IMAGEID-019ac0e196c47b7aa7a311d85f5292b6].jpg 0 0 0.474756267 0.569133587 0.526462396 0.845019734
images/origin_image/[JZ-1155][TAG-FL146ABM][STATE-IN][IMAGEID-019ac0e196c47b7aa7a311d85f5292b6].jpg 1 0 0.473189415 0.683147632 0.087743733 0.082172702
images/origin_image/[JZ-1156][TAG-FL146ABM][STATE-IN][IMAGEID-019ac0dfef7373728ae843fa2d064857].jpg 0 0 0.517061281 0.575905292 0.709784123 0.711699164
images/origin_image/[JZ-1156][TAG-FL146ABM][STATE-IN][IMAGEID-019ac0dfef7373728ae843fa2d064857].jpg 1 0 0.322466430 0.620102433 0.072858635 0.077994429
images/origin_image/[JZ-1157][TAG-FL159AHN][STATE-IN][IMAGEID-019ac0b302cc75258c1b8d1456a27eb8].jpg 0 0 0.509227019 0.520891365 0.542130919 0.927576602
images/origin_image/[JZ-1157][TAG-FL159AHN][STATE-IN][IMAGEID-019ac0b302cc75258c1b8d1456a27eb8].jpg 1 0 0.510010446 0.731894150 0.089310585 0.079387187
images/origin_image/[JZ-1158][TAG-FL159AHN][STATE-IN][IMAGEID-019ac0af758d70f3a4675abe1c68e12d].jpg 0 0 0.540955780 0.509052925 0.658861421 0.756267409
images/origin_image/[JZ-1158][TAG-FL159AHN][STATE-IN][IMAGEID-019ac0af758d70f3a4675abe1c68e12d].jpg 1 0 0.374904897 0.624846379 0.072858635 0.072423398
images/origin_image/[JZ-1159][TAG-3308759][STATE-IN][IMAGEID-019ac0a9b0bb715b8980d2b76cdb7b60].jpg 0 0 0.571291783 0.424791086 0.857416435 0.841225627
images/origin_image/[JZ-1159][TAG-3308759][STATE-IN][IMAGEID-019ac0a9b0bb715b8980d2b76cdb7b60].jpg 1 0 0.433391688 0.641726227 0.074425487 0.072423398
images/origin_image/[JZ-1160][TAG-3308759][STATE-IN][IMAGEID-019ac0a13dfe74c88a68335652aa5ef5].jpg 0 0 0.606545961 0.433147632 0.786908078 0.860724234
images/origin_image/[JZ-1160][TAG-3308759][STATE-IN][IMAGEID-019ac0a13dfe74c88a68335652aa5ef5].jpg 1 0 0.316895891 0.553308005 0.075992340 0.064833281
images/origin_image/[JZ-1161][TAG-3308759][STATE-IN][IMAGEID-019ac08d32857bf0ad525c4393035e95].jpg 0 0 0.520369081 0.502089136 0.959261838 0.995821727
images/origin_image/[JZ-1161][TAG-3308759][STATE-IN][IMAGEID-019ac08d32857bf0ad525c4393035e95].jpg 1 0 0.422026273 0.810695735 0.108896240 0.101671309
images/origin_image/[JZ-1162][TAG-3308759][STATE-IN][IMAGEID-019ac06ce41a79be85cfdb90bd87adf3].jpg 0 0 0.583043175 0.440111421 0.833913649 0.877437326
images/origin_image/[JZ-1162][TAG-3308759][STATE-IN][IMAGEID-019ac06ce41a79be85cfdb90bd87adf3].jpg 1 0 0.511768441 0.710498108 0.074553923 0.064776755
images/origin_image/[JZ-1163][TAG-FL481ACR][STATE-IN][IMAGEID-019abecadfc0774bb0cb3dd7b2af13aa].jpg 0 0 0.394063370 0.616295265 0.376044568 0.767409471
images/origin_image/[JZ-1163][TAG-FL481ACR][STATE-IN][IMAGEID-019abecadfc0774bb0cb3dd7b2af13aa].jpg 1 0 0.387404248 0.871169916 0.074425487 0.054317549
images/origin_image/[JZ-1164][TAG-FL302ADY][STATE-IN][IMAGEID-019abec592de7ef593fcc76f4970ac76].jpg 0 0 0.551140320 0.610724234 0.354892061 0.753481894
images/origin_image/[JZ-1164][TAG-FL302ADY][STATE-IN][IMAGEID-019abec592de7ef593fcc76f4970ac76].jpg 1 0 0.557799443 0.918523677 0.064240947 0.048746518
images/origin_image/[JZ-1165][TAG-FL450ACX][STATE-IN][IMAGEID-019abea70fde780e945ffeddb6f88b5b].jpg 0 0 0.421483287 0.513927577 0.382311978 0.696378830
images/origin_image/[JZ-1165][TAG-FL450ACX][STATE-IN][IMAGEID-019abea70fde780e945ffeddb6f88b5b].jpg 1 0 0.419916435 0.765946541 0.065807799 0.055850650
images/origin_image/[JZ-1166][TAG-FL395AHA][STATE-IN][IMAGEID-019abd83da257e199b5c55f04a0ff8da].jpg 0 0 0.669045961 0.420612813 0.617339833 0.835654596
images/origin_image/[JZ-1166][TAG-FL395AHA][STATE-IN][IMAGEID-019abd83da257e199b5c55f04a0ff8da].jpg 1 0 0.747800823 0.427516589 0.091105647 0.081556737
images/origin_image/[JZ-1167][TAG-FL395AHA][STATE-IN][IMAGEID-019abd82ad7b7f9096704a5735ba2d08].jpg 0 0 0.551532033 0.539693593 0.733286908 0.920612813
images/origin_image/[JZ-1167][TAG-FL395AHA][STATE-IN][IMAGEID-019abd82ad7b7f9096704a5735ba2d08].jpg 1 0 0.731720056 0.576601671 0.086176880 0.086350975
images/origin_image/[JZ-1168][TAG-FL866ABD][STATE-IN][IMAGEID-019abca326c6756893f4a0122885248b].jpg 0 0 0.438326950 0.542479109 0.386229109 0.720055710
images/origin_image/[JZ-1168][TAG-FL866ABD][STATE-IN][IMAGEID-019abca326c6756893f4a0122885248b].jpg 1 0 0.439502089 0.691225271 0.068941504 0.052089848
images/origin_image/[JZ-1169][TAG-FL279ADP][STATE-IN][IMAGEID-019abc9504f4739d87a73d0e3d022b43].jpg 0 0 0.429709262 0.618384401 0.412865599 0.763231198
images/origin_image/[JZ-1169][TAG-FL279ADP][STATE-IN][IMAGEID-019abc9504f4739d87a73d0e3d022b43].jpg 1 0 0.426967270 0.917130919 0.073642061 0.059888579
images/origin_image/[JZ-1170][TAG-FL146ABM][STATE-IN][IMAGEID-019abc61fb4271009dbc5042eeda7373].jpg 0 0 0.472797702 0.593314763 0.387795961 0.729805014
images/origin_image/[JZ-1170][TAG-FL146ABM][STATE-IN][IMAGEID-019abc61fb4271009dbc5042eeda7373].jpg 1 0 0.472014276 0.755704744 0.071291783 0.056835637
images/origin_image/[JZ-1171][TAG-FL481ACR][STATE-IN][IMAGEID-019abc42cd567f3aaf305a2094566433].jpg 0 0 0.439893802 0.564066852 0.397197075 0.749303621
images/origin_image/[JZ-1171][TAG-FL481ACR][STATE-IN][IMAGEID-019abc42cd567f3aaf305a2094566433].jpg 1 0 0.443027507 0.703098797 0.071291783 0.058983465
images/origin_image/[JZ-1172][TAG-FL573ABL][STATE-IN][IMAGEID-019abc193f587a56951dd0bd7d5730ba].jpg 0 0 0.610288997 0.390668524 0.725452646 0.778551532
images/origin_image/[JZ-1172][TAG-FL573ABL][STATE-IN][IMAGEID-019abc193f587a56951dd0bd7d5730ba].jpg 1 0 0.780504653 0.380760251 0.078487527 0.069637883
images/origin_image/[JZ-1173][TAG-FL573ABL][STATE-IN][IMAGEID-019abc1825a47c74b0cefdf94e17e05c].jpg 0 0 0.609113858 0.472144847 0.546048050 0.701949861
images/origin_image/[JZ-1173][TAG-FL573ABL][STATE-IN][IMAGEID-019abc1825a47c74b0cefdf94e17e05c].jpg 1 0 0.491208217 0.467966574 0.070508357 0.066852368
images/origin_image/[JZ-1174][TAG-FL796AGB][STATE-IN][IMAGEID-019abb008e8970468065eb9ab327c1a2].jpg 0 0 0.580127089 0.561977716 0.831215181 0.876044568
images/origin_image/[JZ-1174][TAG-FL796AGB][STATE-IN][IMAGEID-019abb008e8970468065eb9ab327c1a2].jpg 1 0 0.659644847 0.688718663 0.130048747 0.115598886
images/origin_image/[JZ-1175][TAG-FL395AHA][STATE-IN][IMAGEID-019ab82ad1707df290bccc879cfdc33f].jpg 0 0 0.597144847 0.564763231 0.805710306 0.870473538
images/origin_image/[JZ-1175][TAG-FL395AHA][STATE-IN][IMAGEID-019ab82ad1707df290bccc879cfdc33f].jpg 1 0 0.689023329 0.713788301 0.132399025 0.121169916
images/origin_image/[JZ-1176][TAG-FL302ADY][STATE-IN][IMAGEID-019ab7f19a3374cf8a885a1e76066e87].jpg 0 0 0.444202646 0.607242340 0.404247911 0.777158774
images/origin_image/[JZ-1176][TAG-FL302ADY][STATE-IN][IMAGEID-019ab7f19a3374cf8a885a1e76066e87].jpg 1 0 0.445769499 0.879526462 0.072075209 0.065459610
images/origin_image/[JZ-1177][TAG-FL573ABL][STATE-IN][IMAGEID-019ab7abf9fe717093aa844193c3f2a5].jpg 0 0 0.455954039 0.596796657 0.405814763 0.772980501
images/origin_image/[JZ-1177][TAG-FL573ABL][STATE-IN][IMAGEID-019ab7abf9fe717093aa844193c3f2a5].jpg 1 0 0.453995474 0.746518106 0.072858635 0.061281337
images/origin_image/[JZ-1178][TAG-FL279ADP][STATE-IN][IMAGEID-019ab752b44d7f4a9886d63675bc5147].jpg 0 0 0.384662256 0.454735376 0.540564067 0.892757660
images/origin_image/[JZ-1178][TAG-FL279ADP][STATE-IN][IMAGEID-019ab752b44d7f4a9886d63675bc5147].jpg 1 0 0.367818593 0.671309192 0.083826602 0.075208914
images/origin_image/[JZ-1179][TAG-FL279ADP][STATE-IN][IMAGEID-019ab75181f97c77ad9e0e3b7c432a16].jpg 0 0 0.480240251 0.489554318 0.633008357 0.834261838
images/origin_image/[JZ-1179][TAG-FL279ADP][STATE-IN][IMAGEID-019ab75181f97c77ad9e0e3b7c432a16].jpg 1 0 0.331293527 0.665012761 0.072075209 0.073816156
images/origin_image/[JZ-1180][TAG-FL796AGB][STATE-IN][IMAGEID-019ab6e6ed2e729a838d1438b34c4788].jpg 0 0 0.345490947 0.557799443 0.665912256 0.884401114
images/origin_image/[JZ-1180][TAG-FL796AGB][STATE-IN][IMAGEID-019ab6e6ed2e729a838d1438b34c4788].jpg 1 0 0.505348087 0.671698860 0.086960306 0.073816156
images/origin_image/[JZ-1181][TAG-FL796AGB][STATE-IN][IMAGEID-019ab6dea81278f6a271cd7cff8482b8].jpg 0 0 0.438326950 0.571030641 0.665128830 0.779944290
images/origin_image/[JZ-1181][TAG-FL796AGB][STATE-IN][IMAGEID-019ab6dea81278f6a271cd7cff8482b8].jpg 1 0 0.593837047 0.585654596 0.079909471 0.087743733
images/origin_image/[JZ-1182][TAG-FL363ABG][STATE-IN][IMAGEID-019ab6bce0e177db9db59087f52c27fe].jpg 0 0 0.521370125 0.548746518 0.710567549 0.880222841
images/origin_image/[JZ-1182][TAG-FL363ABG][STATE-IN][IMAGEID-019ab6bce0e177db9db59087f52c27fe].jpg 1 0 0.513535864 0.804189811 0.085393454 0.082428178
images/origin_image/[JZ-1183][TAG-FL251AGB][STATE-IN][IMAGEID-019ab69f8ec97d75b657d91337c55b91].jpg 0 0 0.537038649 0.568245125 0.666695682 0.863509749
images/origin_image/[JZ-1183][TAG-FL251AGB][STATE-IN][IMAGEID-019ab69f8ec97d75b657d91337c55b91].jpg 1 0 0.676096797 0.608635097 0.083043175 0.080779944
images/origin_image/[JZ-1184][TAG-FL495AHC][STATE-IN][IMAGEID-019ab65619e77eff9e18500f8d2c49cf].jpg 0 0 0.495908774 0.360724234 0.534296657 0.718662953
images/origin_image/[JZ-1184][TAG-FL495AHC][STATE-IN][IMAGEID-019ab65619e77eff9e18500f8d2c49cf].jpg 1 0 0.553490599 0.509052925 0.077559192 0.062674095
images/origin_image/[JZ-1185][TAG-FL495AHC][STATE-IN][IMAGEID-019ab654d5ca75ab9aaf133ad0dfb42b].jpg 0 0 0.543697772 0.630222841 0.764623955 0.739554318
images/origin_image/[JZ-1185][TAG-FL495AHC][STATE-IN][IMAGEID-019ab654d5ca75ab9aaf133ad0dfb42b].jpg 1 0 0.725875994 0.941552311 0.090094011 0.087669293
images/origin_image/[JZ-1186][TAG-3497085][STATE-IN][IMAGEID-019ab62c289a79b9b96d973fc8ef3c20].jpg 0 0 0.500391713 0.408774373 0.999216574 0.814763231
images/origin_image/[JZ-1186][TAG-3497085][STATE-IN][IMAGEID-019ab62c289a79b9b96d973fc8ef3c20].jpg 1 0 0.503743036 0.692229401 0.086176880 0.077936741
images/origin_image/[JZ-1187][TAG-FL251AGB][STATE-IN][IMAGEID-019ab62743447aafb12e0824f1df30bf].jpg 0 0 0.465355153 0.599582173 0.402681058 0.781337047
images/origin_image/[JZ-1187][TAG-FL251AGB][STATE-IN][IMAGEID-019ab62743447aafb12e0824f1df30bf].jpg 1 0 0.465746866 0.737714952 0.071291783 0.064960068
images/origin_image/[JZ-1188][TAG-FL495AHC][STATE-IN][IMAGEID-019ab51601807c35ba86431514727e7e].jpg 0 0 0.426575557 0.588440111 0.401897632 0.770194986
images/origin_image/[JZ-1188][TAG-FL495AHC][STATE-IN][IMAGEID-019ab51601807c35ba86431514727e7e].jpg 1 0 0.426183844 0.857066910 0.067374652 0.063024954
images/origin_image/[JZ-1189][TAG-FL741AHD][STATE-IN][IMAGEID-019ab3ae0a5a719d81bafa2b217b106f].jpg 0 0 0.630658078 0.470055710 0.633008357 0.792479109
images/origin_image/[JZ-1189][TAG-FL741AHD][STATE-IN][IMAGEID-019ab3ae0a5a719d81bafa2b217b106f].jpg 1 0 0.731720056 0.727019499 0.089310585 0.077994429
images/origin_image/[JZ-1190][TAG-FL741AHD][STATE-IN][IMAGEID-019ab3acc42d78e38f6857611e028e6d].jpg 0 0 0.598145891 0.607242340 0.762273677 0.763231198
images/origin_image/[JZ-1190][TAG-FL741AHD][STATE-IN][IMAGEID-019ab3acc42d78e38f6857611e028e6d].jpg 1 0 0.812819102 0.857420666 0.084610028 0.081208951
images/origin_image/[JZ-1191][TAG-FL251AHN][STATE-IN][IMAGEID-019ab396b5677ce1937826ec5dfc1d55].jpg 0 0 0.638666435 0.422005571 0.722667131 0.844011142
images/origin_image/[JZ-1191][TAG-FL251AHN][STATE-IN][IMAGEID-019ab396b5677ce1937826ec5dfc1d55].jpg 1 0 0.883928626 0.562062356 0.085393454 0.082508290
images/origin_image/[JZ-1192][TAG-FL251AHN][STATE-IN][IMAGEID-019ab394eb93756eb42d64984c75e092].jpg 0 0 0.450078343 0.541782730 0.649460306 0.791086351
images/origin_image/[JZ-1192][TAG-FL251AHN][STATE-IN][IMAGEID-019ab394eb93756eb42d64984c75e092].jpg 1 0 0.302989792 0.673773231 0.076775766 0.080779944
images/origin_image/[JZ-1193][TAG-FL752ACY][STATE-IN][IMAGEID-019ab2dfade675658adeec75f83582e2].jpg 0 0 0.455170613 0.605153203 0.372910864 0.736768802
images/origin_image/[JZ-1193][TAG-FL752ACY][STATE-IN][IMAGEID-019ab2dfade675658adeec75f83582e2].jpg 1 0 0.455954039 0.769685935 0.070508357 0.059513923
images/origin_image/[JZ-1194][TAG-FL651ABJ][STATE-IN][IMAGEID-019ab2de400c79469d4c4be4d8aab119].jpg 0 0 0.471622563 0.590341920 0.394846797 0.730179670
images/origin_image/[JZ-1194][TAG-FL651ABJ][STATE-IN][IMAGEID-019ab2de400c79469d4c4be4d8aab119].jpg 1 0 0.477949180 0.782587681 0.070626772 0.062674095
images/origin_image/[JZ-1195][TAG-FL741AHD][STATE-IN][IMAGEID-019ab2ad4f0972a6a0ade509a1c0e1f2].jpg 0 0 0.452924637 0.582172702 0.386803930 0.715877437
images/origin_image/[JZ-1195][TAG-FL741AHD][STATE-IN][IMAGEID-019ab2ad4f0972a6a0ade509a1c0e1f2].jpg 1 0 0.459871170 0.866295265 0.067374652 0.064066852
images/origin_image/[JZ-1196][TAG-FL505AGC][STATE-IN][IMAGEID-019ab243e82e7a0a943e326a29cfe835].jpg 0 0 0.415607591 0.594707521 0.359592618 0.757660167
images/origin_image/[JZ-1196][TAG-FL505AGC][STATE-IN][IMAGEID-019ab243e82e7a0a943e326a29cfe835].jpg 1 0 0.414040738 0.798467611 0.068158078 0.052089848
images/origin_image/[JZ-1197][TAG-FL251AHN][STATE-IN][IMAGEID-019ab2289b01743d9740f6ca1f342acd].jpg 0 0 0.461829735 0.597493036 0.417566156 0.791086351
images/origin_image/[JZ-1197][TAG-FL251AHN][STATE-IN][IMAGEID-019ab2289b01743d9740f6ca1f342acd].jpg 1 0 0.465763091 0.871071022 0.074393038 0.071228429
images/origin_image/[JZ-1198][TAG-FL159AHN][STATE-IN][IMAGEID-019ab1e9c0a37eb8833d2dbb1774a532].jpg 0 0 0.438718663 0.597493036 0.416782730 0.782729805
images/origin_image/[JZ-1198][TAG-FL159AHN][STATE-IN][IMAGEID-019ab1e9c0a37eb8833d2dbb1774a532].jpg 1 0 0.435193245 0.865598886 0.074425487 0.065459610
images/origin_image/[JZ-1199][TAG-FL973AGB][STATE-IN][IMAGEID-019ab1b194337b238fbb116aa5e45886].jpg 0 0 0.488857939 0.584261838 0.357242340 0.750696379
images/origin_image/[JZ-1199][TAG-FL973AGB][STATE-IN][IMAGEID-019ab1b194337b238fbb116aa5e45886].jpg 1 0 0.490033078 0.784122563 0.066591226 0.050139276
images/origin_image/[JZ-1200][TAG-FL973AGB][STATE-IN][IMAGEID-019ab17f34377b11881080fb02f0c6c2].jpg 0 0 0.427750696 0.607242340 0.405814763 0.785515320
images/origin_image/[JZ-1200][TAG-FL973AGB][STATE-IN][IMAGEID-019ab17f34377b11881080fb02f0c6c2].jpg 1 0 0.427593811 0.756232324 0.072388980 0.061351509
images/origin_image/[JZ-1201][TAG-FL505AGC][STATE-IN][IMAGEID-019ab12ff964740481484e2cc2a4c8b5].jpg 0 0 0.443810933 0.610724234 0.408165042 0.778551532
images/origin_image/[JZ-1201][TAG-FL505AGC][STATE-IN][IMAGEID-019ab12ff964740481484e2cc2a4c8b5].jpg 1 0 0.446552925 0.761995022 0.075208914 0.063753688
images/origin_image/[JZ-1202][TAG-FL159AHN][STATE-IN][IMAGEID-019ab10c9c1f756e9c49c293304fdfae].jpg 0 0 0.532729805 0.613509749 0.366643454 0.767409471
images/origin_image/[JZ-1202][TAG-FL159AHN][STATE-IN][IMAGEID-019ab10c9c1f756e9c49c293304fdfae].jpg 1 0 0.541739206 0.922005571 0.068158078 0.055710306
images/origin_image/[JZ-1203][TAG-FL279ADP][STATE-IN][IMAGEID-019ab10740aa7415a6555a0aa3d49e14].jpg 0 0 0.448511490 0.580083565 0.395630223 0.750696379
images/origin_image/[JZ-1203][TAG-FL279ADP][STATE-IN][IMAGEID-019ab10740aa7415a6555a0aa3d49e14].jpg 1 0 0.448511490 0.852367688 0.071291783 0.058495822
images/origin_image/[JZ-1204][TAG-FL159AHN][STATE-IN][IMAGEID-019ab078d55c704ba0d4de93c0effd65].jpg 0 0 0.439893802 0.573816156 0.408165042 0.774373259
images/origin_image/[JZ-1204][TAG-FL159AHN][STATE-IN][IMAGEID-019ab078d55c704ba0d4de93c0effd65].jpg 1 0 0.438326950 0.837047354 0.072858635 0.066852368
images/origin_image/[JZ-1205][TAG-FL688ABH][STATE-IN][IMAGEID-019aad3fb141750580eefbee41d30d6f].jpg 0 0 0.606937674 0.500696379 0.786124652 0.967966574
images/origin_image/[JZ-1205][TAG-FL688ABH][STATE-IN][IMAGEID-019aad3fb141750580eefbee41d30d6f].jpg 1 0 0.769989471 0.567117693 0.090094011 0.081981806
images/origin_image/[JZ-1206][TAG-FL688ABH][STATE-IN][IMAGEID-019aad3d7e377cb484569a94df605c6e].jpg 0 0 0.603238162 0.541782730 0.731720056 0.855153203
images/origin_image/[JZ-1206][TAG-FL688ABH][STATE-IN][IMAGEID-019aad3d7e377cb484569a94df605c6e].jpg 1 0 0.782618908 0.562413697 0.080692897 0.079680210
images/origin_image/[JZ-1207][TAG-FL622ABL][STATE-IN][IMAGEID-019aad140e32745ab8831bf21446893b].jpg 0 0 0.596187326 0.497910864 0.784993036 0.995821727
images/origin_image/[JZ-1207][TAG-FL622ABL][STATE-IN][IMAGEID-019aad140e32745ab8831bf21446893b].jpg 1 0 0.713724688 0.694612209 0.097928273 0.093514728
images/origin_image/[JZ-1208][TAG-FL622ABL][STATE-IN][IMAGEID-019aad13232a7566a15dafb119a36018].jpg 0 0 0.580518802 0.486072423 0.756789694 0.849582173
images/origin_image/[JZ-1208][TAG-FL622ABL][STATE-IN][IMAGEID-019aad13232a7566a15dafb119a36018].jpg 1 0 0.775983635 0.560584958 0.075992340 0.076601671
images/origin_image/[JZ-1209][TAG-FL688ABH][STATE-IN][IMAGEID-019aace94a4077b3986048dba384f8b5].jpg 0 0 0.456345752 0.600974930 0.428534123 0.798050139
images/origin_image/[JZ-1209][TAG-FL688ABH][STATE-IN][IMAGEID-019aace94a4077b3986048dba384f8b5].jpg 1 0 0.455954039 0.776332756 0.073642061 0.065718890
images/origin_image/[JZ-1210][TAG-FL495AHC][STATE-IN][IMAGEID-019aac671f8f7c99bdf05fbeac7d38ec].jpg 0 0 0.323163301 0.373955432 0.616556407 0.747910864
images/origin_image/[JZ-1210][TAG-FL495AHC][STATE-IN][IMAGEID-019aac671f8f7c99bdf05fbeac7d38ec].jpg 1 0 0.236986421 0.537604457 0.079126045 0.069637883
images/origin_image/[JZ-1211][TAG-FL495AHC][STATE-IN][IMAGEID-019aac66048e78e6b0eb6d80b2a4970e].jpg 0 0 0.425008705 0.526462396 0.542914345 0.674094708
images/origin_image/[JZ-1211][TAG-FL495AHC][STATE-IN][IMAGEID-019aac66048e78e6b0eb6d80b2a4970e].jpg 1 0 0.537038649 0.671179552 0.066591226 0.064326132
images/origin_image/[JZ-1212][TAG-FL846ACR][STATE-IN][IMAGEID-019aac591df573b5aba2b714f8bc2ede].jpg 0 0 0.379178273 0.348885794 0.684714485 0.692200557
images/origin_image/[JZ-1212][TAG-FL846ACR][STATE-IN][IMAGEID-019aac591df573b5aba2b714f8bc2ede].jpg 1 0 0.229315510 0.379842954 0.078342618 0.075208914
images/origin_image/[JZ-1213][TAG-FL846ACR][STATE-IN][IMAGEID-019aac5872457a03962439ea6adf1d78].jpg 0 0 0.456345752 0.552228412 0.594620474 0.739554318
images/origin_image/[JZ-1213][TAG-FL846ACR][STATE-IN][IMAGEID-019aac5872457a03962439ea6adf1d78].jpg 1 0 0.584745939 0.604167478 0.076775766 0.071311328
images/origin_image/[JZ-1214][TAG-FL361AHN][STATE-IN][IMAGEID-019aac3fa5027f38960f1d181f123f42].jpg 0 0 0.325513579 0.463788301 0.651027159 0.927576602
images/origin_image/[JZ-1214][TAG-FL361AHN][STATE-IN][IMAGEID-019aac3fa5027f38960f1d181f123f42].jpg 1 0 0.104605808 0.652177407 0.096859768 0.081070546
images/origin_image/[JZ-1215][TAG-FL361AHN][STATE-IN][IMAGEID-019aac3eb7b57412a058f1e3500bd2a6].jpg 0 0 0.432451253 0.520194986 0.462221448 0.689415042
images/origin_image/[JZ-1215][TAG-FL361AHN][STATE-IN][IMAGEID-019aac3eb7b57412a058f1e3500bd2a6].jpg 1 0 0.495157060 0.640373969 0.074425487 0.067236533
images/origin_image/[JZ-1216][TAG-FL905ACZ][STATE-IN][IMAGEID-019aac34803e722da185962ab8556ad3].jpg 0 0 0.472405989 0.581476323 0.408948468 0.722841226
images/origin_image/[JZ-1216][TAG-FL905ACZ][STATE-IN][IMAGEID-019aac34803e722da185962ab8556ad3].jpg 1 0 0.496630998 0.743545841 0.069796023 0.056685250
images/origin_image/[JZ-1217][TAG-FL905ACZ][STATE-IN][IMAGEID-019aac1313af7d01904697245b11b530].jpg 0 0 0.412865599 0.525069638 0.564066852 0.830083565
images/origin_image/[JZ-1217][TAG-FL905ACZ][STATE-IN][IMAGEID-019aac1313af7d01904697245b11b530].jpg 1 0 0.379178273 0.624651811 0.089310585 0.079387187
images/origin_image/[JZ-1218][TAG-FL905ACZ][STATE-IN][IMAGEID-019aac11710d7131a509015c2c6acfd1].jpg 0 0 0.486507660 0.573119777 0.665912256 0.736768802
images/origin_image/[JZ-1218][TAG-FL905ACZ][STATE-IN][IMAGEID-019aac11710d7131a509015c2c6acfd1].jpg 1 0 0.329430710 0.609331476 0.079126045 0.079387187
images/origin_image/[JZ-1219][TAG-FL746AHM][STATE-IN][IMAGEID-019aac04db5d78f59e24a499837d4e58].jpg 0 0 0.592661908 0.419220056 0.751305710 0.835654596
images/origin_image/[JZ-1219][TAG-FL746AHM][STATE-IN][IMAGEID-019aac04db5d78f59e24a499837d4e58].jpg 1 0 0.776871184 0.440918419 0.079126045 0.072423398
images/origin_image/[JZ-1220][TAG-FL746AHM][STATE-IN][IMAGEID-019aac03bbbd7eeea3abedf492c3642f].jpg 0 0 0.500217618 0.594011142 0.633791783 0.798050139
images/origin_image/[JZ-1220][TAG-FL746AHM][STATE-IN][IMAGEID-019aac03bbbd7eeea3abedf492c3642f].jpg 1 0 0.655992205 0.613024155 0.074034776 0.073539028
images/origin_image/[JZ-1221][TAG-FL361AHN][STATE-IN][IMAGEID-019aabbefcb27f3289dadbbea060097c].jpg 0 0 0.515102716 0.565459610 0.411298747 0.771587744
images/origin_image/[JZ-1221][TAG-FL361AHN][STATE-IN][IMAGEID-019aabbefcb27f3289dadbbea060097c].jpg 1 0 0.523720404 0.810898123 0.071291783 0.062303242
images/origin_image/[JZ-1222][TAG-FL905ACZ][STATE-IN][IMAGEID-019aabaf8a6d799681974f672dca3adc].jpg 0 0 0.496300487 0.580083565 0.387795961 0.720055710
images/origin_image/[JZ-1222][TAG-FL905ACZ][STATE-IN][IMAGEID-019aabaf8a6d799681974f672dca3adc].jpg 1 0 0.499042479 0.742339833 0.070508357 0.064066852
images/origin_image/[JZ-1223][TAG-FL573ABL][STATE-IN][IMAGEID-019aab9d5e5572df9febf2860a6855d3].jpg 0 0 0.446944638 0.541086351 0.558582869 0.917827298
images/origin_image/[JZ-1223][TAG-FL573ABL][STATE-IN][IMAGEID-019aab9d5e5572df9febf2860a6855d3].jpg 1 0 0.440285515 0.614206128 0.092444290 0.086350975
images/origin_image/[JZ-1224][TAG-FL573ABL][STATE-IN][IMAGEID-019aab986bae7410b3c91fb55462449d].jpg 0 0 0.491599930 0.554317549 0.688631616 0.863509749
images/origin_image/[JZ-1224][TAG-FL573ABL][STATE-IN][IMAGEID-019aab986bae7410b3c91fb55462449d].jpg 1 0 0.321798974 0.531789544 0.080692897 0.083565460
images/origin_image/[JZ-1225][TAG-FL973AGB][STATE-IN][IMAGEID-019aa9d17acf751caa7f0c922973e855].jpg 0 0 0.611464136 0.401810585 0.690198468 0.798050139
images/origin_image/[JZ-1225][TAG-FL973AGB][STATE-IN][IMAGEID-019aa9d17acf751caa7f0c922973e855].jpg 1 0 0.752015818 0.425491061 0.082259749 0.072423398
images/origin_image/[JZ-1226][TAG-FL973AGB][STATE-IN][IMAGEID-019aa9cfb22579f0a4954025e40e59a0].jpg 0 0 0.564458565 0.554317549 0.691765320 0.849582173
images/origin_image/[JZ-1226][TAG-FL973AGB][STATE-IN][IMAGEID-019aa9cfb22579f0a4954025e40e59a0].jpg 1 0 0.727019499 0.559888579 0.083043175 0.077994429
images/origin_image/[JZ-1227][TAG-FL495AHC][STATE-IN][IMAGEID-019aa930a52b72a492f93d358b4e2488].jpg 0 0 0.544872911 0.488260570 0.325121866 0.703540639
images/origin_image/[JZ-1227][TAG-FL495AHC][STATE-IN][IMAGEID-019aa930a52b72a492f93d358b4e2488].jpg 1 0 0.551923747 0.754178273 0.054056407 0.037604457
images/origin_image/[JZ-1228][TAG-FL495AHC][STATE-IN][IMAGEID-019aa92c2a1a70e781d8e17ba209c312].jpg 0 0 0.559366295 0.579387187 0.752089136 0.841225627
images/origin_image/[JZ-1228][TAG-FL495AHC][STATE-IN][IMAGEID-019aa92c2a1a70e781d8e17ba209c312].jpg 1 0 0.733286908 0.837743733 0.087743733 0.082172702
images/origin_image/[JZ-1229][TAG-FL741AHD][STATE-IN][IMAGEID-019aa8c8991e7667a77eaa4d69099aeb].jpg 0 0 0.313762187 0.477019499 0.622823816 0.789693593
images/origin_image/[JZ-1229][TAG-FL741AHD][STATE-IN][IMAGEID-019aa8c8991e7667a77eaa4d69099aeb].jpg 1 0 0.079126045 0.760445682 0.090877437 0.083565460
images/origin_image/[JZ-1230][TAG-FL741AHD][STATE-IN][IMAGEID-019aa8c6f8887f8987d1e1d037305d0a].jpg 0 0 0.422658426 0.520194986 0.453603760 0.552924791
images/origin_image/[JZ-1230][TAG-FL741AHD][STATE-IN][IMAGEID-019aa8c6f8887f8987d1e1d037305d0a].jpg 1 0 0.510408043 0.691817581 0.065807799 0.063950551
images/origin_image/[JZ-1231][TAG-SP422TRQ][STATE-IN][IMAGEID-019aa8bdbf0a732a814fd7bdc87f9df8].jpg 0 0 0.500000000 0.486072423 1.000000000 0.972144847
images/origin_image/[JZ-1231][TAG-SP422TRQ][STATE-IN][IMAGEID-019aa8bdbf0a732a814fd7bdc87f9df8].jpg 1 0 0.218831440 0.841344676 0.111246518 0.108604586
images/origin_image/[JZ-1232][TAG-FL846ACR][STATE-IN][IMAGEID-019aa8a98fef758e86ea8698f4cfcbae].jpg 0 0 0.456737465 0.605849582 0.423050139 0.788300836
images/origin_image/[JZ-1232][TAG-FL846ACR][STATE-IN][IMAGEID-019aa8a98fef758e86ea8698f4cfcbae].jpg 1 0 0.461931610 0.819385415 0.075992340 0.064066852
images/origin_image/[JZ-1233][TAG-FL573ABL][STATE-IN][IMAGEID-019aa7ed214d7c199de2ee0c7679e9b0].jpg 0 0 0.484157382 0.594011142 0.404247911 0.775766017
images/origin_image/[JZ-1233][TAG-FL573ABL][STATE-IN][IMAGEID-019aa7ed214d7c199de2ee0c7679e9b0].jpg 1 0 0.484940808 0.735270787 0.072075209 0.061491853
images/origin_image/[JZ-1234][TAG-FL446ABB][STATE-IN][IMAGEID-019aa7c2b6567986b35535b6a50351a7].jpg 0 0 0.318854457 0.498607242 0.634575209 0.944289694
images/origin_image/[JZ-1234][TAG-FL446ABB][STATE-IN][IMAGEID-019aa7c2b6567986b35535b6a50351a7].jpg 1 0 0.119426991 0.725075874 0.099829710 0.084958217
images/origin_image/[JZ-1235][TAG-FL446ABB][STATE-IN][IMAGEID-019aa7c128a771569739a545172ed61f].jpg 0 0 0.351366643 0.506267409 0.519411560 0.667130919
images/origin_image/[JZ-1235][TAG-FL446ABB][STATE-IN][IMAGEID-019aa7c128a771569739a545172ed61f].jpg 1 0 0.459032579 0.638000268 0.063457521 0.061281337
images/origin_image/[JZ-1236][TAG-FL746AHM][STATE-IN][IMAGEID-019b05d827cc77f48524b50f8df6f036].jpg 0 0 0.613334037 0.380912162 0.732580236 0.758445946
images/origin_image/[JZ-1236][TAG-FL746AHM][STATE-IN][IMAGEID-019b05d827cc77f48524b50f8df6f036].jpg 1 0 0.796511579 0.349842650 0.078864020 0.071711561
images/origin_image/[JZ-1237][TAG-FL746AHM][STATE-IN][IMAGEID-019b05d61c2574028590f36e40b6cef4].jpg 0 0 0.553948480 0.608784647 0.695523649 0.782430705
images/origin_image/[JZ-1237][TAG-FL746AHM][STATE-IN][IMAGEID-019b05d61c2574028590f36e40b6cef4].jpg 1 0 0.726024888 0.638802504 0.078911740 0.079561563
images/origin_image/[JZ-1238][TAG-FL746AHM][STATE-IN][IMAGEID-019b05cd304c7a529b58a10510998c9b].jpg 0 0 0.523591962 0.659336465 0.488268373 0.641600586
images/origin_image/[JZ-1238][TAG-FL746AHM][STATE-IN][IMAGEID-019b05cd304c7a529b58a10510998c9b].jpg 1 0 0.453867848 0.667338655 0.053754842 0.052362276
images/origin_image/[JZ-1239][TAG-FL752ACY][STATE-IN][IMAGEID-019b05b7dd5e79e2b5a313911fbd6e44].jpg 0 0 0.641100084 0.436655405 0.717799831 0.809121622
images/origin_image/[JZ-1239][TAG-FL752ACY][STATE-IN][IMAGEID-019b05b7dd5e79e2b5a313911fbd6e44].jpg 1 0 0.935416861 0.516546811 0.088365709 0.082270499
images/origin_image/[JZ-1240][TAG-FL752ACY][STATE-IN][IMAGEID-019b05b66ecd752ca153b0c39a4dab23].jpg 0 0 0.408097551 0.601351351 0.656566723 0.733108108
images/origin_image/[JZ-1240][TAG-FL752ACY][STATE-IN][IMAGEID-019b05b66ecd752ca153b0c39a4dab23].jpg 1 0 0.254170186 0.661317568 0.075063345 0.079391892
images/origin_image/[JZ-1241][TAG-FL489ABG][STATE-IN][IMAGEID-019b0579d56c795094cca8728b63e7b4].jpg 0 0 0.315931166 0.489864865 0.631862331 0.810810811
images/origin_image/[JZ-1241][TAG-FL489ABG][STATE-IN][IMAGEID-019b0579d56c795094cca8728b63e7b4].jpg 1 0 0.132023711 0.790379567 0.095106914 0.081545367
images/origin_image/[JZ-1242][TAG-FL489ABG][STATE-IN][IMAGEID-019b0577e50e7e88ac8318f299b8fc00].jpg 0 0 0.429001267 0.619087838 0.681271115 0.704391892
images/origin_image/[JZ-1242][TAG-FL489ABG][STATE-IN][IMAGEID-019b0577e50e7e88ac8318f299b8fc00].jpg 1 0 0.602244243 0.857621347 0.075063345 0.078453411
images/origin_image/[JZ-1243][TAG-FL489ABG][STATE-IN][IMAGEID-019b057641227c11afdffe549f04b26c].jpg 0 0 0.526868666 0.570252817 0.424725507 0.785775904
images/origin_image/[JZ-1243][TAG-FL489ABG][STATE-IN][IMAGEID-019b057641227c11afdffe549f04b26c].jpg 1 0 0.586232875 0.927711968 0.061137831 0.055743243
images/origin_image/[JZ-1244][TAG-FL746AHM][STATE-IN][IMAGEID-019b056d3a6579109f2816c701b2787a].jpg 0 0 0.426150760 0.601351351 0.407622466 0.773648649
images/origin_image/[JZ-1244][TAG-FL746AHM][STATE-IN][IMAGEID-019b056d3a6579109f2816c701b2787a].jpg 1 0 0.424250422 0.749155405 0.075063345 0.062500000
images/origin_image/[JZ-1245][TAG-FL443ADW][STATE-IN][IMAGEID-019b0536b8d1776a866d5f36ffd63b2f].jpg 0 0 0.433752111 0.513513514 0.563450169 0.945945946
images/origin_image/[JZ-1245][TAG-FL443ADW][STATE-IN][IMAGEID-019b0536b8d1776a866d5f36ffd63b2f].jpg 1 0 0.429951436 0.676520270 0.090266047 0.079391892
images/origin_image/[JZ-1246][TAG-FL443ADW][STATE-IN][IMAGEID-019b05354e147660a589c85838f2480a].jpg 0 0 0.533044764 0.511824324 0.667018581 0.787162162
images/origin_image/[JZ-1246][TAG-FL443ADW][STATE-IN][IMAGEID-019b05354e147660a589c85838f2480a].jpg 1 0 0.372277494 0.588607687 0.074113176 0.070945946
images/origin_image/[JZ-1247][TAG-FL443ADW][STATE-IN][IMAGEID-019b052d4f2d7b5aaa9694b6a750909c].jpg 0 0 0.507180580 0.614060775 0.524493143 0.765172640
images/origin_image/[JZ-1247][TAG-FL443ADW][STATE-IN][IMAGEID-019b052d4f2d7b5aaa9694b6a750909c].jpg 1 0 0.391290181 0.884061345 0.056586067 0.059121622
images/origin_image/[JZ-1248][TAG-FL489ABG][STATE-IN][IMAGEID-019b05091dc97101a2d2a7197781e3bd].jpg 0 0 0.452755490 0.614020270 0.403821791 0.771959459
images/origin_image/[JZ-1248][TAG-FL489ABG][STATE-IN][IMAGEID-019b05091dc97101a2d2a7197781e3bd].jpg 1 0 0.452280405 0.935810811 0.070312500 0.060810811
images/origin_image/[JZ-1249][TAG-FL137ABE][STATE-IN][IMAGEID-019b04fd23e07813a7de4b233e210261].jpg 0 0 0.449429899 0.527871622 0.552998311 0.944256757
images/origin_image/[JZ-1249][TAG-FL137ABE][STATE-IN][IMAGEID-019b04fd23e07813a7de4b233e210261].jpg 1 0 0.439453125 0.765971564 0.090266047 0.081710010
images/origin_image/[JZ-1250][TAG-FL137ABE][STATE-IN][IMAGEID-019b04fbc5ec7b32ad211b99c1b30f4c].jpg 0 0 0.527343750 0.514358108 0.668918919 0.907094595
images/origin_image/[JZ-1250][TAG-FL137ABE][STATE-IN][IMAGEID-019b04fbc5ec7b32ad211b99c1b30f4c].jpg 1 0 0.367157497 0.709738241 0.077611156 0.082613049
images/origin_image/[JZ-1251][TAG-FL752ACY][STATE-IN][IMAGEID-019b04fbbbd67da6b870e9f239595877].jpg 0 0 0.432326858 0.625000000 0.385768581 0.736486486
images/origin_image/[JZ-1251][TAG-FL752ACY][STATE-IN][IMAGEID-019b04fbbbd67da6b870e9f239595877].jpg 1 0 0.431209076 0.808086088 0.070312500 0.057772861
images/origin_image/[JZ-1252][TAG-FL137ABE][STATE-IN][IMAGEID-019b04eb4cb77ef7b37d9292c774ebb9].jpg 0 0 0.529719172 0.559966216 0.424725507 0.755067568
images/origin_image/[JZ-1252][TAG-FL137ABE][STATE-IN][IMAGEID-019b04eb4cb77ef7b37d9292c774ebb9].jpg 1 0 0.583476775 0.861732653 0.061285979 0.051568572
images/origin_image/[JZ-1253][TAG-FL357AHP][STATE-IN][IMAGEID-019b04e5535d73ce91e64874b334b6fa].jpg 0 0 0.616395693 0.558277027 0.767208615 0.836148649
images/origin_image/[JZ-1253][TAG-FL357AHP][STATE-IN][IMAGEID-019b04e5535d73ce91e64874b334b6fa].jpg 1 0 0.451805321 0.512668919 0.086465372 0.079391892
images/origin_image/[JZ-1254][TAG-FL443ADW][STATE-IN][IMAGEID-019b04c086a27fa69100288928224ebf].jpg 0 0 0.495513091 0.597972973 0.424725507 0.804054054
images/origin_image/[JZ-1254][TAG-FL443ADW][STATE-IN][IMAGEID-019b04c086a27fa69100288928224ebf].jpg 1 0 0.500995102 0.819256757 0.072725001 0.064189189
images/origin_image/[JZ-1255][TAG-FL846ACR][STATE-IN][IMAGEID-019b04b6622471aa9f1190a430af39e6].jpg 0 0 0.522592905 0.581925676 0.729729730 0.836148649
images/origin_image/[JZ-1255][TAG-FL846ACR][STATE-IN][IMAGEID-019b04b6622471aa9f1190a430af39e6].jpg 1 0 0.690771612 0.908034947 0.098817568 0.091366990
images/origin_image/[JZ-1257][TAG-FL137ABE][STATE-IN][IMAGEID-019b048ddee378758f6b2cd1510440b8].jpg 0 0 0.410472973 0.598817568 0.402871622 0.765202703
images/origin_image/[JZ-1257][TAG-FL137ABE][STATE-IN][IMAGEID-019b048ddee378758f6b2cd1510440b8].jpg 1 0 0.412373311 0.873310811 0.070312500 0.067567568
images/origin_image/[JZ-1258][TAG-FL846ACR][STATE-IN][IMAGEID-019b047f1faa7f16b91cfd70b5ea2757].jpg 0 0 0.551097973 0.525337838 0.680320946 0.949324324
images/origin_image/[JZ-1258][TAG-FL846ACR][STATE-IN][IMAGEID-019b047f1faa7f16b91cfd70b5ea2757].jpg 1 0 0.604307432 0.608952703 0.104518581 0.086148649
images/origin_image/[JZ-1259][TAG-FL159AHN][STATE-IN][IMAGEID-019b0470f4077384af4493a9cd885e36].jpg 0 0 0.620460304 0.391891892 0.731630068 0.780405405
images/origin_image/[JZ-1259][TAG-FL159AHN][STATE-IN][IMAGEID-019b0470f4077384af4493a9cd885e36].jpg 1 0 0.782714132 0.515524573 0.080764358 0.072402211
images/origin_image/[JZ-1260][TAG-FL159AHN][STATE-IN][IMAGEID-019b0469bedc7352ba182be7d2c01f05].jpg 0 0 0.573902027 0.512668919 0.684121622 0.788851351
images/origin_image/[JZ-1260][TAG-FL159AHN][STATE-IN][IMAGEID-019b0469bedc7352ba182be7d2c01f05].jpg 1 0 0.752360520 0.646536485 0.074113176 0.070945946
images/origin_image/[JZ-1261][TAG-FL159AHN][STATE-IN][IMAGEID-019b046750b7728d8a32a1b8241e4f00].jpg 0 0 0.544921875 0.589527027 0.460831926 0.820945946
images/origin_image/[JZ-1261][TAG-FL159AHN][STATE-IN][IMAGEID-019b046750b7728d8a32a1b8241e4f00].jpg 1 0 0.611561499 0.893581081 0.067206395 0.054054054
images/origin_image/[JZ-1262][TAG-FL866ABD][STATE-IN][IMAGEID-019b04007ab27ecba4b4637bc946b83c].jpg 0 0 0.627111486 0.385135135 0.630912162 0.766891892
images/origin_image/[JZ-1262][TAG-FL866ABD][STATE-IN][IMAGEID-019b04007ab27ecba4b4637bc946b83c].jpg 1 0 0.734263798 0.380005925 0.078864020 0.069512078
images/origin_image/[JZ-1263][TAG-FL866ABD][STATE-IN][IMAGEID-019b03ff04147f6c8a04fb0440eefada].jpg 0 0 0.614284206 0.533783784 0.726879223 0.905405405
images/origin_image/[JZ-1263][TAG-FL866ABD][STATE-IN][IMAGEID-019b03ff04147f6c8a04fb0440eefada].jpg 1 0 0.803842905 0.557432432 0.079814189 0.081081081
images/origin_image/[JZ-1264][TAG-FL866ABD][STATE-IN][IMAGEID-019b03fe1aa67cbe81be401765585639].jpg 0 0 0.511665963 0.620777027 0.498838682 0.734797297
images/origin_image/[JZ-1264][TAG-FL866ABD][STATE-IN][IMAGEID-019b03fe1aa67cbe81be401765585639].jpg 1 0 0.388173200 0.819849957 0.057395802 0.056828290
images/origin_image/[JZ-1265][TAG-FL159AHN][STATE-IN][IMAGEID-019b03fb48787a48bf5729ff1faca671].jpg 0 0 0.475084459 0.595594115 0.416173986 0.791919878
images/origin_image/[JZ-1265][TAG-FL159AHN][STATE-IN][IMAGEID-019b03fb48787a48bf5729ff1faca671].jpg 1 0 0.477934966 0.853040541 0.072212838 0.060810811
images/origin_image/[JZ-1266][TAG-FL629AGB][STATE-IN][IMAGEID-019b03ccab677fcdbbfb6c398280c6c5].jpg 0 0 0.578177787 0.388513514 0.742081926 0.773648649
images/origin_image/[JZ-1266][TAG-FL629AGB][STATE-IN][IMAGEID-019b03ccab677fcdbbfb6c398280c6c5].jpg 1 0 0.767341296 0.366914820 0.074776060 0.071364877
images/origin_image/[JZ-1267][TAG-FL629AGB][STATE-IN][IMAGEID-019b03c905f076dd95599703551b39a0].jpg 0 0 0.476984797 0.525337838 0.575802365 0.733108108
images/origin_image/[JZ-1267][TAG-FL629AGB][STATE-IN][IMAGEID-019b03c905f076dd95599703551b39a0].jpg 1 0 0.620768173 0.529232730 0.063661318 0.060895918
images/origin_image/[JZ-1268][TAG-FL629AGB][STATE-IN][IMAGEID-019b03c7832d78efbba05fb00f7b4332].jpg 0 0 0.517842061 0.602195946 0.495988176 0.721283784
images/origin_image/[JZ-1268][TAG-FL629AGB][STATE-IN][IMAGEID-019b03c7832d78efbba05fb00f7b4332].jpg 1 0 0.392086011 0.791687003 0.055723498 0.052752353
images/origin_image/[JZ-1269][TAG-FL653AGB][STATE-IN][IMAGEID-019b03a1bf867403af0824aaafb7b69d].jpg 0 0 0.533474563 0.518832393 0.716101669 0.962335214
images/origin_image/[JZ-1269][TAG-FL653AGB][STATE-IN][IMAGEID-019b03a1bf867403af0824aaafb7b69d].jpg 1 0 0.598728814 0.601883239 0.105932203 0.091902071
images/origin_image/[JZ-1270][TAG-FL866ABD][STATE-IN][IMAGEID-019b0395f1b2786ab2fd63612a82245e].jpg 0 0 0.379661005 0.591298666 0.403389803 0.767984936
images/origin_image/[JZ-1270][TAG-FL866ABD][STATE-IN][IMAGEID-019b0395f1b2786ab2fd63612a82245e].jpg 1 0 0.375000000 0.736911007 0.072033898 0.056874785
images/origin_image/[JZ-1271][TAG-FL973AGB][STATE-IN][IMAGEID-019b03899d307446ae548943bd0a437a].jpg 0 0 0.450423716 0.542184558 0.558474549 0.915630883
images/origin_image/[JZ-1271][TAG-FL973AGB][STATE-IN][IMAGEID-019b03899d307446ae548943bd0a437a].jpg 1 0 0.440254237 0.622222222 0.092372881 0.084369115
images/origin_image/[JZ-1272][TAG-FL973AGB][STATE-IN][IMAGEID-019b03888d587851b2903893feea1850].jpg 0 0 0.522881359 0.520527307 0.616949149 0.787947276
images/origin_image/[JZ-1272][TAG-FL973AGB][STATE-IN][IMAGEID-019b03888d587851b2903893feea1850].jpg 1 0 0.386864407 0.505461394 0.073728814 0.073822976
images/origin_image/[JZ-1273][TAG-FL973AGB][STATE-IN][IMAGEID-019b038240d27f65893689cce075dc25].jpg 0 0 0.532203386 0.574576276 0.484745738 0.709227874
images/origin_image/[JZ-1273][TAG-FL973AGB][STATE-IN][IMAGEID-019b038240d27f65893689cce075dc25].jpg 1 0 0.408403314 0.756999992 0.054470233 0.053882980
images/origin_image/[JZ-1274][TAG-FL443ADW][STATE-IN][IMAGEID-019b037f7434715e887f727ae3785bb9].jpg 0 0 0.539830497 0.594915251 0.671186412 0.810169497
images/origin_image/[JZ-1274][TAG-FL443ADW][STATE-IN][IMAGEID-019b037f7434715e887f727ae3785bb9].jpg 1 0 0.676694915 0.694538606 0.085593220 0.084369115
images/origin_image/[JZ-1275][TAG-FL489ABG][STATE-IN][IMAGEID-019b03638a167d9f88dabe912a1e036f].jpg 0 0 0.408898314 0.501694915 0.378813551 0.674952926
images/origin_image/[JZ-1275][TAG-FL489ABG][STATE-IN][IMAGEID-019b03638a167d9f88dabe912a1e036f].jpg 1 0 0.344056660 0.798901477 0.050609635 0.049717514
images/origin_image/[JZ-1276][TAG-FL489ABG][STATE-IN][IMAGEID-019b036050967218b61ae1037dd8f978].jpg 0 0 0.565254244 0.592843687 0.488135589 0.742749520
images/origin_image/[JZ-1276][TAG-FL489ABG][STATE-IN][IMAGEID-019b036050967218b61ae1037dd8f978].jpg 1 0 0.453350402 0.922859493 0.055932203 0.053037580
images/origin_image/[JZ-1277][TAG-FL629AGB][STATE-IN][IMAGEID-019b032ff36f751fad7d8cf5ad8e2144].jpg 0 0 0.456355920 0.611487758 0.407627092 0.777024483
images/origin_image/[JZ-1277][TAG-FL629AGB][STATE-IN][IMAGEID-019b032ff36f751fad7d8cf5ad8e2144].jpg 1 0 0.455932203 0.758838924 0.074576271 0.070269422
images/origin_image/[JZ-1278][TAG-FL846ACR][STATE-IN][IMAGEID-019b03272c557857809530200841d56e].jpg 0 0 0.408474565 0.555743878 0.706779631 0.888512244
images/origin_image/[JZ-1278][TAG-FL846ACR][STATE-IN][IMAGEID-019b03272c557857809530200841d56e].jpg 1 0 0.584814541 0.748566603 0.080820625 0.076836158
images/origin_image/[JZ-1279][TAG-FL489ABG][STATE-IN][IMAGEID-019b031259f47dcaa01215ddce388092].jpg 0 0 0.416525424 0.592090396 0.397457627 0.762335216
images/origin_image/[JZ-1279][TAG-FL489ABG][STATE-IN][IMAGEID-019b031259f47dcaa01215ddce388092].jpg 1 0 0.418644068 0.900941620 0.067796610 0.063276836
images/origin_image/[JZ-1280][TAG-FL755ABE][STATE-IN][IMAGEID-019b00c3bf007893bbafb2f302393a4c].jpg 0 0 0.407203378 0.584369116 0.663559294 0.831261767
images/origin_image/[JZ-1280][TAG-FL755ABE][STATE-IN][IMAGEID-019b00c3bf007893bbafb2f302393a4c].jpg 1 0 0.468758876 0.771292858 0.103389831 0.090056719
images/origin_image/[JZ-1281][TAG-FL755ABE][STATE-IN][IMAGEID-019b00bea48577369941efd037653cfa].jpg 0 0 0.535593208 0.559349702 0.730508447 0.881300595
images/origin_image/[JZ-1281][TAG-FL755ABE][STATE-IN][IMAGEID-019b00bea48577369941efd037653cfa].jpg 1 0 0.715677966 0.565444576 0.087288136 0.086436648
images/origin_image/[JZ-1282][TAG-FL755ABE][STATE-IN][IMAGEID-019b00bd3dc17a7bafd713de42c2b3d6].jpg 0 0 0.526694921 0.597363464 0.495762707 0.724670427
images/origin_image/[JZ-1282][TAG-FL755ABE][STATE-IN][IMAGEID-019b00bd3dc17a7bafd713de42c2b3d6].jpg 1 0 0.402206203 0.795921121 0.055454830 0.053254437
images/origin_image/[JZ-1283][TAG-FL350ABN][STATE-IN][IMAGEID-019b00aaeeef7e79afb9976c30e689e4].jpg 0 0 0.488559311 0.512806027 0.685593191 0.944256121
images/origin_image/[JZ-1283][TAG-FL350ABN][STATE-IN][IMAGEID-019b00aaeeef7e79afb9976c30e689e4].jpg 1 0 0.610479484 0.732801040 0.087288136 0.085976189
images/origin_image/[JZ-1286][TAG-FL973AGB][STATE-IN][IMAGEID-019b009251467f6b86162c5c34aa8c3d].jpg 0 0 0.427542374 0.586064029 0.402542371 0.762335219
images/origin_image/[JZ-1286][TAG-FL973AGB][STATE-IN][IMAGEID-019b009251467f6b86162c5c34aa8c3d].jpg 1 0 0.426694915 0.729943503 0.075423729 0.058757062
images/origin_image/[JZ-1287][TAG-FL128ADA][STATE-IN][IMAGEID-019b00823f077b42a75d2c938006a171].jpg 0 0 0.714406780 0.508424352 0.571186440 0.890295031
images/origin_image/[JZ-1287][TAG-FL128ADA][STATE-IN][IMAGEID-019b00823f077b42a75d2c938006a171].jpg 1 0 0.857868464 0.757799841 0.096778795 0.083141573
images/origin_image/[JZ-1289][TAG-FL128ADA][STATE-IN][IMAGEID-019b00788eb977ac810984ae66d15177].jpg 0 0 0.533050847 0.565725047 0.423728815 0.775894544
images/origin_image/[JZ-1289][TAG-FL128ADA][STATE-IN][IMAGEID-019b00788eb977ac810984ae66d15177].jpg 1 0 0.589813415 0.880602637 0.060982763 0.043691149
images/origin_image/[JZ-1290][TAG-FL251AHN][STATE-IN][IMAGEID-019b0025ca747869bb33d5e7f1c2041d].jpg 0 0 0.616525424 0.377401130 0.711016950 0.745762713
images/origin_image/[JZ-1290][TAG-FL251AHN][STATE-IN][IMAGEID-019b0025ca747869bb33d5e7f1c2041d].jpg 1 0 0.772932524 0.478003929 0.077966102 0.072535221
images/origin_image/[JZ-1291][TAG-FL251AHN][STATE-IN][IMAGEID-019b0024a5207716a5dd843b226cf188].jpg 0 0 0.427118645 0.523057379 0.559322032 0.680979291
images/origin_image/[JZ-1291][TAG-FL251AHN][STATE-IN][IMAGEID-019b0024a5207716a5dd843b226cf188].jpg 1 0 0.551244347 0.626572810 0.066639408 0.064783427
images/origin_image/[JZ-1292][TAG-FL431ACT][STATE-IN][IMAGEID-019afff5a751748bb5a0fee8b5386a28].jpg 0 0 0.625423729 0.438418078 0.705084746 0.873822974
images/origin_image/[JZ-1292][TAG-FL431ACT][STATE-IN][IMAGEID-019afff5a751748bb5a0fee8b5386a28].jpg 1 0 0.764552158 0.461589508 0.082203390 0.071037514
images/origin_image/[JZ-1293][TAG-FL431ACT][STATE-IN][IMAGEID-019afff4717870599322663a6bd0de64].jpg 0 0 0.593644068 0.522787193 0.655084745 0.873822975
images/origin_image/[JZ-1293][TAG-FL431ACT][STATE-IN][IMAGEID-019afff4717870599322663a6bd0de64].jpg 1 0 0.741101695 0.546892655 0.083898305 0.081355932
images/origin_image/[JZ-1295][TAG-FL431ACT][STATE-IN][IMAGEID-019affdeff5a7e2e8ccf27aa4a856c75].jpg 0 0 0.505508475 0.562711864 0.427966102 0.781920909
images/origin_image/[JZ-1295][TAG-FL431ACT][STATE-IN][IMAGEID-019affdeff5a7e2e8ccf27aa4a856c75].jpg 1 0 0.571186441 0.769868173 0.066101695 0.051224105
images/origin_image/[JZ-1296][TAG-FL128ADA][STATE-IN][IMAGEID-019affc8759b7a0e8618e2489ecc7595].jpg 0 0 0.420338982 0.589077213 0.393220339 0.750282484
images/origin_image/[JZ-1296][TAG-FL128ADA][STATE-IN][IMAGEID-019affc8759b7a0e8618e2489ecc7595].jpg 1 0 0.422457627 0.867680126 0.073728814 0.057483439
images/origin_image/[JZ-1297][TAG-FL746AHM][STATE-IN][IMAGEID-019aff9e606772f492a61c7397a7cb12].jpg 0 0 0.611864394 0.487193976 0.766101670 0.959322036
images/origin_image/[JZ-1297][TAG-FL746AHM][STATE-IN][IMAGEID-019aff9e606772f492a61c7397a7cb12].jpg 1 0 0.777853785 0.518767311 0.087288136 0.076050335
images/origin_image/[JZ-1298][TAG-FL746AHM][STATE-IN][IMAGEID-019aff993b7e7d11b27b254494dba815].jpg 0 0 0.515677968 0.566478344 0.602542370 0.813559320
images/origin_image/[JZ-1298][TAG-FL746AHM][STATE-IN][IMAGEID-019aff993b7e7d11b27b254494dba815].jpg 1 0 0.652159667 0.573822202 0.074576271 0.070134329
images/origin_image/[JZ-1299][TAG-FL746AHM][STATE-IN][IMAGEID-019aff9166dc7ba2a03512b86c20a299].jpg 0 0 0.519974942 0.536938016 0.426515851 0.751465490
images/origin_image/[JZ-1299][TAG-FL746AHM][STATE-IN][IMAGEID-019aff9166dc7ba2a03512b86c20a299].jpg 1 0 0.590512903 0.728268140 0.065254237 0.051224105
images/origin_image/[JZ-1300][TAG-FL846ACR][STATE-IN][IMAGEID-019aff888cc2747993ae0f8010845739].jpg 0 0 0.567372883 0.474576271 0.797457625 0.888888888
images/origin_image/[JZ-1300][TAG-FL846ACR][STATE-IN][IMAGEID-019aff888cc2747993ae0f8010845739].jpg 1 0 0.769231277 0.530146392 0.088983051 0.076160694
images/origin_image/[JZ-1301][TAG-FL846ACR][STATE-IN][IMAGEID-019aff882c7b7bc58ac41a8fa37e5ab5].jpg 0 0 0.579661005 0.552730695 0.833898278 0.894538610
images/origin_image/[JZ-1301][TAG-FL846ACR][STATE-IN][IMAGEID-019aff882c7b7bc58ac41a8fa37e5ab5].jpg 1 0 0.644915254 0.755555555 0.130508474 0.112994349
images/origin_image/[JZ-1302][TAG-FL846ACR][STATE-IN][IMAGEID-019aff82e28774858dd0debbd3697e81].jpg 0 0 0.401271175 0.554990582 0.688983022 0.890018835
images/origin_image/[JZ-1302][TAG-FL846ACR][STATE-IN][IMAGEID-019aff82e28774858dd0debbd3697e81].jpg 1 0 0.573773152 0.732336897 0.078191916 0.078061271
images/origin_image/[JZ-1304][TAG-FL350ABN][STATE-IN][IMAGEID-019aff58e9ab74409ab2258aeca541fe].jpg 0 0 0.452542373 0.588323916 0.401694915 0.754802262
images/origin_image/[JZ-1304][TAG-FL350ABN][STATE-IN][IMAGEID-019aff58e9ab74409ab2258aeca541fe].jpg 1 0 0.452966102 0.867646817 0.070338983 0.059964066
images/origin_image/[JZ-1305][TAG-FL653AGB][STATE-IN][IMAGEID-019aff35d9357296b8110f202e579ec7].jpg 0 0 0.443728885 0.561655405 0.568201014 0.863175676
images/origin_image/[JZ-1305][TAG-FL653AGB][STATE-IN][IMAGEID-019aff35d9357296b8110f202e579ec7].jpg 1 0 0.553385884 0.670566993 0.082664696 0.072310789
images/origin_image/[JZ-1306][TAG-FL653AGB][STATE-IN][IMAGEID-019aff2e36ab71cea2fb410a1130c05f].jpg 0 0 0.550622889 0.561655405 0.704075169 0.876689189
images/origin_image/[JZ-1306][TAG-FL653AGB][STATE-IN][IMAGEID-019aff2e36ab71cea2fb410a1130c05f].jpg 1 0 0.690297720 0.636824324 0.092166385 0.094594595
images/origin_image/[JZ-1307][TAG-FL846ACR][STATE-IN][IMAGEID-019aff267ab47579ab5a86d0e5473f82].jpg 0 0 0.562500000 0.542229730 0.746832770 0.915540541
images/origin_image/[JZ-1307][TAG-FL846ACR][STATE-IN][IMAGEID-019aff267ab47579ab5a86d0e5473f82].jpg 1 0 0.609533361 0.691722973 0.114970439 0.106418919
images/origin_image/[JZ-1308][TAG-FL443ADW][STATE-IN][IMAGEID-019afefdaded7d208d510ad96cb579b2].jpg 0 0 0.430426520 0.525337838 0.739231419 0.949324324
images/origin_image/[JZ-1308][TAG-FL443ADW][STATE-IN][IMAGEID-019afefdaded7d208d510ad96cb579b2].jpg 1 0 0.352512322 0.553209459 0.102618937 0.089527027
images/origin_image/[JZ-1309][TAG-FL746AHM][STATE-IN][IMAGEID-019afefd316f738da6e3f26c9e4ce9ee].jpg 0 0 0.429001267 0.589527027 0.400021115 0.763513514
images/origin_image/[JZ-1309][TAG-FL746AHM][STATE-IN][IMAGEID-019afefd316f738da6e3f26c9e4ce9ee].jpg 1 0 0.429119734 0.739395327 0.071025734 0.061749887
images/origin_image/[JZ-1310][TAG-FL443ADW][STATE-IN][IMAGEID-019afef6fdaf74998f588be9604a1b9c].jpg 0 0 0.579569267 0.627019908 0.442711169 0.670186220
images/origin_image/[JZ-1310][TAG-FL443ADW][STATE-IN][IMAGEID-019afef6fdaf74998f588be9604a1b9c].jpg 1 0 0.600079545 0.691976135 0.069458077 0.058615297
images/origin_image/[JZ-1311][TAG-FL796AGB][STATE-IN][IMAGEID-019afedfda7f7bfca4008a004bc29547].jpg 0 0 0.442303632 0.601817282 0.411423142 0.769338410
images/origin_image/[JZ-1311][TAG-FL796AGB][STATE-IN][IMAGEID-019afedfda7f7bfca4008a004bc29547].jpg 1 0 0.431376689 0.750551820 0.068412162 0.066463928
images/origin_image/[JZ-1312][TAG-FL256AGB][STATE-IN][IMAGEID-019afed110bc7a029cd0eda9f5f80701].jpg 0 0 0.522117821 0.554054054 0.571051520 0.881756757
images/origin_image/[JZ-1312][TAG-FL256AGB][STATE-IN][IMAGEID-019afed110bc7a029cd0eda9f5f80701].jpg 1 0 0.632559950 0.894549635 0.072882937 0.053873378
images/origin_image/[JZ-1313][TAG-FL688ABH][STATE-IN][IMAGEID-019afebc79f17c56bd8cb5bd8da36d90].jpg 0 0 0.582928632 0.487331081 0.696473818 0.951013514
images/origin_image/[JZ-1313][TAG-FL688ABH][STATE-IN][IMAGEID-019afebc79f17c56bd8cb5bd8da36d90].jpg 1 0 0.695855559 0.554750310 0.088365709 0.080659863
images/origin_image/[JZ-1314][TAG-FL688ABH][STATE-IN][IMAGEID-019afebad5957ec29b70415a2f62c063].jpg 0 0 0.603093328 0.543918919 0.753906250 0.854729730
images/origin_image/[JZ-1314][TAG-FL688ABH][STATE-IN][IMAGEID-019afebad5957ec29b70415a2f62c063].jpg 1 0 0.808593750 0.561655405 0.079814189 0.089527027
images/origin_image/[JZ-1315][TAG-FL605ADV][STATE-IN][IMAGEID-019afeb8bc6c78a4bbe103a9aece0b81].jpg 0 0 0.530568021 0.537162162 0.762783001 0.925675676
images/origin_image/[JZ-1315][TAG-FL605ADV][STATE-IN][IMAGEID-019afeb8bc6c78a4bbe103a9aece0b81].jpg 1 0 0.655346737 0.701085394 0.126214927 0.105130071
images/origin_image/[JZ-1316][TAG-FL688ABH][STATE-IN][IMAGEID-019afeac19c273bebce38e4b43fefab9].jpg 0 0 0.575327280 0.587837838 0.476034628 0.824324324
images/origin_image/[JZ-1316][TAG-FL688ABH][STATE-IN][IMAGEID-019afeac19c273bebce38e4b43fefab9].jpg 1 0 0.659351736 0.836523527 0.063456633 0.047297297
images/origin_image/[JZ-1317][TAG-FL688ABH][STATE-IN][IMAGEID-019afe9f9230726e8edf66477ceeb0dc].jpg 0 0 0.552048142 0.595439189 0.492187500 0.809121622
images/origin_image/[JZ-1317][TAG-FL688ABH][STATE-IN][IMAGEID-019afe9f9230726e8edf66477ceeb0dc].jpg 1 0 0.632160973 0.891998249 0.068156564 0.048986486
images/origin_image/[JZ-1318][TAG-P585671][STATE-IN][IMAGEID-019afe9c04227e4bbe17b4b2b80543c9].jpg 0 0 0.524493243 0.380912162 0.864653716 0.761824324
images/origin_image/[JZ-1318][TAG-P585671][STATE-IN][IMAGEID-019afe9c04227e4bbe17b4b2b80543c9].jpg 1 0 0.485380972 0.620480348 0.065491979 0.059121622
images/origin_image/[JZ-1319][TAG-P585671][STATE-IN][IMAGEID-019afe8880aa735a8ecbb2e5c5372e78].jpg 0 0 0.546347128 0.446790541 0.891258446 0.893581081
images/origin_image/[JZ-1319][TAG-P585671][STATE-IN][IMAGEID-019afe8880aa735a8ecbb2e5c5372e78].jpg 1 0 0.311180321 0.603040541 0.080764358 0.070945946
images/origin_image/[JZ-1320][TAG-FL450ACX][STATE-IN][IMAGEID-019afe7b8de671618c4492e287ec160b].jpg 0 0 0.626636402 0.321790541 0.580553209 0.643581081
images/origin_image/[JZ-1320][TAG-FL450ACX][STATE-IN][IMAGEID-019afe7b8de671618c4492e287ec160b].jpg 1 0 0.724978885 0.426671736 0.074113176 0.065575447
images/origin_image/[JZ-1321][TAG-FL450ACX][STATE-IN][IMAGEID-019afe79d283720b8413db57a68680ab].jpg 0 0 0.449429899 0.470439189 0.522592905 0.694256757
images/origin_image/[JZ-1321][TAG-FL450ACX][STATE-IN][IMAGEID-019afe79d283720b8413db57a68680ab].jpg 1 0 0.564963995 0.657965265 0.065561655 0.064905341
images/origin_image/[JZ-1322][TAG-FL450ACX][STATE-IN][IMAGEID-019afe6ce1557e94a7b69ec2b9d3e684].jpg 0 0 0.552523226 0.566510351 0.436127534 0.758871189
images/origin_image/[JZ-1322][TAG-FL450ACX][STATE-IN][IMAGEID-019afe6ce1557e94a7b69ec2b9d3e684].jpg 1 0 0.614572323 0.864150872 0.061184746 0.049247690
images/origin_image/[JZ-1323][TAG-FL137ABE][STATE-IN][IMAGEID-019afe5855007bc781fa2474b4618eeb].jpg 0 0 0.343961149 0.314189189 0.642314189 0.625000000
images/origin_image/[JZ-1323][TAG-FL137ABE][STATE-IN][IMAGEID-019afe5855007bc781fa2474b4618eeb].jpg 1 0 0.209458405 0.400731087 0.075063345 0.069256757
images/origin_image/[JZ-1324][TAG-FL137ABE][STATE-IN][IMAGEID-019afe56e5e272cc972325d415d25f2c].jpg 0 0 0.379117399 0.524493243 0.533994932 0.677364865
images/origin_image/[JZ-1324][TAG-FL137ABE][STATE-IN][IMAGEID-019afe56e5e272cc972325d415d25f2c].jpg 1 0 0.490762247 0.658783784 0.069362331 0.064189189
images/origin_image/[JZ-1325][TAG-FL137ABE][STATE-IN][IMAGEID-019afe50b553759d874c5d3585d60d15].jpg 0 0 0.523067990 0.597128378 0.438027872 0.805743243
images/origin_image/[JZ-1325][TAG-FL137ABE][STATE-IN][IMAGEID-019afe50b553759d874c5d3585d60d15].jpg 1 0 0.579603041 0.909628378 0.062711149 0.048986486
images/origin_image/[JZ-1326][TAG-FL431ACT][STATE-IN][IMAGEID-019afe1215247821819f63cba660dbce].jpg 0 0 0.441353463 0.598817568 0.411423142 0.771959459
images/origin_image/[JZ-1326][TAG-FL431ACT][STATE-IN][IMAGEID-019afe1215247821819f63cba660dbce].jpg 1 0 0.451296590 0.751811255 0.073163007 0.064359403
images/origin_image/[JZ-1329][TAG-FL317ABL][STATE-IN][IMAGEID-019afe089ec2701dac074b10f157efb8].jpg 0 0 0.466373920 0.606781730 0.411647110 0.786436540
images/origin_image/[JZ-1329][TAG-FL317ABL][STATE-IN][IMAGEID-019afe089ec2701dac074b10f157efb8].jpg 1 0 0.397946833 0.865915597 0.062711149 0.044803318
images/origin_image/[JZ-1330][TAG-FL846ACR][STATE-IN][IMAGEID-019afe084b4e779ea181127c9a4ac481].jpg 0 0 0.521642736 0.581925676 0.725929054 0.836148649
images/origin_image/[JZ-1330][TAG-FL846ACR][STATE-IN][IMAGEID-019afe084b4e779ea181127c9a4ac481].jpg 1 0 0.687271834 0.893907575 0.093838397 0.095395339
images/origin_image/[JZ-1331][TAG-FL317ABL][STATE-IN][IMAGEID-019afe00cb0b7e63946d5b3fb9c744f0].jpg 0 0 0.556425943 0.570220324 0.456827169 0.668193297
images/origin_image/[JZ-1331][TAG-FL317ABL][STATE-IN][IMAGEID-019afe00cb0b7e63946d5b3fb9c744f0].jpg 1 0 0.446204785 0.752673181 0.054159628 0.047977671
images/origin_image/[JZ-1337][TAG-FL832ABE][STATE-IN][IMAGEID-019afbccfa0570ed9897904f1992ab17].jpg 0 0 0.600981841 0.468750000 0.738281250 0.930743243
images/origin_image/[JZ-1337][TAG-FL832ABE][STATE-IN][IMAGEID-019afbccfa0570ed9897904f1992ab17].jpg 1 0 0.752666482 0.493764453 0.088365709 0.084426075
images/origin_image/[JZ-1338][TAG-FL832ABE][STATE-IN][IMAGEID-019afbcc16727481a91e790deece9f1c].jpg 0 0 0.486486486 0.509290541 0.608108108 0.751689189
images/origin_image/[JZ-1338][TAG-FL832ABE][STATE-IN][IMAGEID-019afbcc16727481a91e790deece9f1c].jpg 1 0 0.344436233 0.496621622 0.071262669 0.074324324
images/origin_image/[JZ-1339][TAG-FL159AHN][STATE-IN][IMAGEID-019afbc2c7567f69bda3b22b853f1f48].jpg 0 0 0.641575169 0.453547297 0.716849662 0.903716216
images/origin_image/[JZ-1339][TAG-FL159AHN][STATE-IN][IMAGEID-019afbc2c7567f69bda3b22b853f1f48].jpg 1 0 0.791572438 0.642775101 0.089315878 0.079311381
images/origin_image/[JZ-1340][TAG-FL159AHN][STATE-IN][IMAGEID-019afbc1483977108369afe20996a34a].jpg 0 0 0.435652449 0.547297297 0.705975507 0.773648649
images/origin_image/[JZ-1340][TAG-FL159AHN][STATE-IN][IMAGEID-019afbc1483977108369afe20996a34a].jpg 1 0 0.242539997 0.679499466 0.074113176 0.074708127
images/origin_image/[JZ-1341][TAG-FL934ABE][STATE-IN][IMAGEID-019afb9329c07a4d8dc974d154eafb6a].jpg 0 0 0.579603041 0.526182432 0.668918919 0.947635135
images/origin_image/[JZ-1341][TAG-FL934ABE][STATE-IN][IMAGEID-019afb9329c07a4d8dc974d154eafb6a].jpg 1 0 0.674205818 0.569000550 0.090266047 0.081395546
images/origin_image/[JZ-1343][TAG-FL688ABH][STATE-IN][IMAGEID-019afb72051475a9bb11859da3e11886].jpg 0 0 0.397170608 0.598817568 0.427576014 0.798986486
images/origin_image/[JZ-1343][TAG-FL688ABH][STATE-IN][IMAGEID-019afb72051475a9bb11859da3e11886].jpg 1 0 0.390044341 0.767736486 0.073163007 0.065878378
images/origin_image/[JZ-1344][TAG-FL688ABH][STATE-IN][IMAGEID-019afb6fedeb77b18fe525ff062e909b].jpg 0 0 0.419974662 0.543074324 0.581503378 0.913851351
images/origin_image/[JZ-1344][TAG-FL688ABH][STATE-IN][IMAGEID-019afb6fedeb77b18fe525ff062e909b].jpg 1 0 0.424250422 0.676520270 0.095967061 0.086148649
images/origin_image/[JZ-1345][TAG-FL688ABH][STATE-IN][IMAGEID-019afb6f060879c59fcd50efc218958f].jpg 0 0 0.530194257 0.464527027 0.651815878 0.699324324
images/origin_image/[JZ-1345][TAG-FL688ABH][STATE-IN][IMAGEID-019afb6f060879c59fcd50efc218958f].jpg 1 0 0.363855154 0.492983416 0.070453305 0.076013514
images/origin_image/[JZ-1348][TAG-134RQE][STATE-IN][IMAGEID-019afb5ae17f7cb4b6dcb25b7a0cc831].jpg 0 0 0.437077703 0.594594595 0.412373311 0.800675676
images/origin_image/[JZ-1348][TAG-134RQE][STATE-IN][IMAGEID-019afb5ae17f7cb4b6dcb25b7a0cc831].jpg 1 0 0.430831010 0.753420932 0.073021817 0.061066132
images/origin_image/[JZ-1349][TAG-FL310AGB][STATE-IN][IMAGEID-019afb484fb57aa9a2783b1764e979b2].jpg 0 0 0.290751689 0.446790541 0.579603041 0.886824324
images/origin_image/[JZ-1349][TAG-FL310AGB][STATE-IN][IMAGEID-019afb484fb57aa9a2783b1764e979b2].jpg 1 0 0.151529290 0.481215018 0.094066723 0.078168633
images/origin_image/[JZ-1350][TAG-FL310AGB][STATE-IN][IMAGEID-019afb465b507c94a0267ac1ff8d1f09].jpg 0 0 0.489336993 0.581081081 0.665118243 0.837837838
images/origin_image/[JZ-1350][TAG-FL310AGB][STATE-IN][IMAGEID-019afb465b507c94a0267ac1ff8d1f09].jpg 1 0 0.648965372 0.614358540 0.083614865 0.077370909
images/origin_image/[JZ-1351][TAG-FL395AHA][STATE-IN][IMAGEID-019afb43cd8b72eda447b5bc3e0ec2ed].jpg 0 0 0.543496622 0.419763514 0.644214527 0.839527027
images/origin_image/[JZ-1351][TAG-FL395AHA][STATE-IN][IMAGEID-019afb43cd8b72eda447b5bc3e0ec2ed].jpg 1 0 0.655753713 0.466126017 0.082664696 0.073859566
images/origin_image/[JZ-1353][TAG-FL755AAG][STATE-IN][IMAGEID-019afb3cf7c97f45a2db75abd4eccea1].jpg 0 0 0.606207770 0.550675676 0.739231419 0.871621622
images/origin_image/[JZ-1353][TAG-FL755AAG][STATE-IN][IMAGEID-019afb3cf7c97f45a2db75abd4eccea1].jpg 1 0 0.769161740 0.576013514 0.092166385 0.084459459
images/origin_image/[JZ-1354][TAG-FL159AHN][STATE-IN][IMAGEID-019afb325c127e4a9f701666e120561d].jpg 0 0 0.460356841 0.588682432 0.411423142 0.782094595
images/origin_image/[JZ-1354][TAG-FL159AHN][STATE-IN][IMAGEID-019afb325c127e4a9f701666e120561d].jpg 1 0 0.467021087 0.843908144 0.074113176 0.064212094
images/origin_image/[JZ-1355][TAG-FL395AHA][STATE-IN][IMAGEID-019afad321e075d7ac2e19dd04ab2c9a].jpg 0 0 0.452280405 0.609797297 0.404771959 0.780405405
images/origin_image/[JZ-1355][TAG-FL395AHA][STATE-IN][IMAGEID-019afad321e075d7ac2e19dd04ab2c9a].jpg 1 0 0.454655828 0.756418487 0.071262669 0.068244107
images/origin_image/[JZ-1356][TAG-FL137ABE][STATE-IN][IMAGEID-019afac57cb47d0cb5b7c6c026f7ac9e].jpg 0 0 0.468433277 0.570945946 0.400971284 0.739864865
images/origin_image/[JZ-1356][TAG-FL137ABE][STATE-IN][IMAGEID-019afac57cb47d0cb5b7c6c026f7ac9e].jpg 1 0 0.469858530 0.844594595 0.069362331 0.064189189
images/origin_image/[JZ-1357][TAG-FL624AGB][STATE-IN][IMAGEID-019afac160777d358456c6b767598e33].jpg 0 0 0.668443834 0.417229730 0.639463682 0.834459459
images/origin_image/[JZ-1357][TAG-FL624AGB][STATE-IN][IMAGEID-019afac160777d358456c6b767598e33].jpg 1 0 0.764355488 0.438114716 0.083614865 0.074075697
images/origin_image/[JZ-1359][TAG-FL934ABE][STATE-IN][IMAGEID-019afab6563b78beae7761a36a9879d1].jpg 0 0 0.417124155 0.592905405 0.399070946 0.766891892
images/origin_image/[JZ-1359][TAG-FL934ABE][STATE-IN][IMAGEID-019afab6563b78beae7761a36a9879d1].jpg 1 0 0.416173986 0.742398649 0.072212838 0.069256757
images/origin_image/[JZ-1360][TAG-FL310AGB][STATE-IN][IMAGEID-019afab1bd5f740f8a6ee253c8b33ff0].jpg 0 0 0.392579810 0.597449909 0.405522002 0.756207459
images/origin_image/[JZ-1360][TAG-FL310AGB][STATE-IN][IMAGEID-019afab1bd5f740f8a6ee253c8b33ff0].jpg 1 0 0.386540121 0.755171985 0.074201898 0.072629858
images/origin_image/[JZ-1361][TAG-FL688ABH][STATE-IN][IMAGEID-019afa8df8667a59a6413d4d3cab7971].jpg 0 0 0.437014668 0.599750743 0.425366695 0.794554693
images/origin_image/[JZ-1361][TAG-FL688ABH][STATE-IN][IMAGEID-019afa8df8667a59a6413d4d3cab7971].jpg 1 0 0.437446074 0.773080242 0.075927524 0.058287796
images/origin_image/[JZ-1363][TAG-FL573ABL][STATE-IN][IMAGEID-019afa7f4d6b74cabea14bcdc7665a12].jpg 0 0 0.461738302 0.520992720 0.647376517 0.793495363
images/origin_image/[JZ-1363][TAG-FL573ABL][STATE-IN][IMAGEID-019afa7f4d6b74cabea14bcdc7665a12].jpg 1 0 0.303234159 0.497612887 0.073339085 0.073563156
images/origin_image/[JZ-1364][TAG-FL832ABE][STATE-IN][IMAGEID-019afa3a111a742e8f3ffac987e656d9].jpg 0 0 0.447368421 0.602003643 0.408110440 0.771450484
images/origin_image/[JZ-1364][TAG-FL832ABE][STATE-IN][IMAGEID-019afa3a111a742e8f3ffac987e656d9].jpg 1 0 0.446074202 0.753906624 0.074201898 0.059821685
images/origin_image/[JZ-1365][TAG-FL624AGB][STATE-IN][IMAGEID-019afa3178c37df5a554d1d06764e1b4].jpg 0 0 0.451682485 0.614274758 0.411561691 0.771450484
images/origin_image/[JZ-1365][TAG-FL624AGB][STATE-IN][IMAGEID-019afa3178c37df5a554d1d06764e1b4].jpg 1 0 0.452545298 0.770779408 0.073339085 0.062889464
images/origin_image/[JZ-1366][TAG-FL159AHN][STATE-IN][IMAGEID-019afa25954a7999b413c9dfe97451f0].jpg 0 0 0.415012942 0.514619883 0.578084556 0.931070847
images/origin_image/[JZ-1366][TAG-FL159AHN][STATE-IN][IMAGEID-019afa25954a7999b413c9dfe97451f0].jpg 1 0 0.394305436 0.713258556 0.091458154 0.079762247
images/origin_image/[JZ-1367][TAG-FL159AHN][STATE-IN][IMAGEID-019afa24958a7a7e93450b5b686ec382].jpg 0 0 0.469801553 0.496980155 0.644521139 0.739334675
images/origin_image/[JZ-1367][TAG-FL159AHN][STATE-IN][IMAGEID-019afa24958a7a7e93450b5b686ec382].jpg 1 0 0.309028494 0.601115496 0.074180361 0.073633071
images/origin_image/[JZ-1368][TAG-FL251AHN][STATE-IN][IMAGEID-019afa11bf867ac4a13f25ca1e6e6c06].jpg 0 0 0.460742019 0.602818522 0.417601381 0.788419135
images/origin_image/[JZ-1368][TAG-FL251AHN][STATE-IN][IMAGEID-019afa11bf867ac4a13f25ca1e6e6c06].jpg 1 0 0.461604832 0.877384719 0.074201898 0.064423353
images/origin_image/[JZ-1369][TAG-FL317ABL][STATE-IN][IMAGEID-019af9d37acd75d2aa1b2a7923201fd5].jpg 0 0 0.521138913 0.605119356 0.389991372 0.734733007
images/origin_image/[JZ-1369][TAG-FL317ABL][STATE-IN][IMAGEID-019af9d37acd75d2aa1b2a7923201fd5].jpg 1 0 0.520707506 0.762343016 0.071613460 0.061355575
images/origin_image/[JZ-1370][TAG-FL573ABL][STATE-IN][IMAGEID-019af97254107477bfbeeb3e86fe5b37].jpg 0 0 0.556082830 0.539114179 0.716997412 0.921771642
images/origin_image/[JZ-1370][TAG-FL573ABL][STATE-IN][IMAGEID-019af97254107477bfbeeb3e86fe5b37].jpg 1 0 0.609145815 0.599750743 0.108714409 0.098168920
images/origin_image/[JZ-1371][TAG-FL573ABL][STATE-IN][IMAGEID-019af95c6493716c8ef26aa5016341c1].jpg 0 0 0.586712683 0.596635030 0.826574633 0.806729940
images/origin_image/[JZ-1371][TAG-FL573ABL][STATE-IN][IMAGEID-019af95c6493716c8ef26aa5016341c1].jpg 1 0 0.811602482 0.900690938 0.092242600 0.100319584
images/origin_image/[JZ-1372][TAG-FL573ABL][STATE-IN][IMAGEID-019af952d5127106935e549e59884424].jpg 0 0 0.578947368 0.559821685 0.842105263 0.880356629
images/origin_image/[JZ-1372][TAG-FL573ABL][STATE-IN][IMAGEID-019af952d5127106935e549e59884424].jpg 1 0 0.663934426 0.691784105 0.125107852 0.104304477
images/origin_image/[JZ-1373][TAG-FL573ABL][STATE-IN][IMAGEID-019af92437e3782fb8ed7632166bbdd9].jpg 0 0 0.415875755 0.528424887 0.538395168 0.842105263
images/origin_image/[JZ-1373][TAG-FL573ABL][STATE-IN][IMAGEID-019af92437e3782fb8ed7632166bbdd9].jpg 1 0 0.517344850 0.626246469 0.075804522 0.072515894
images/origin_image/[JZ-1374][TAG-FL573ABL][STATE-IN][IMAGEID-019af91c2cc17725a777627d44e83799].jpg 0 0 0.490940466 0.579810181 0.647109577 0.797622471
images/origin_image/[JZ-1374][TAG-FL573ABL][STATE-IN][IMAGEID-019af91c2cc17725a777627d44e83799].jpg 1 0 0.649698016 0.561403509 0.072476273 0.076694468
images/origin_image/[JZ-1375][TAG-FL450ACX][STATE-IN][IMAGEID-019af8c4f0d1714e88c51acb48321e8c].jpg 0 0 0.436583261 0.594382130 0.405522002 0.759275237
images/origin_image/[JZ-1375][TAG-FL450ACX][STATE-IN][IMAGEID-019af8c4f0d1714e88c51acb48321e8c].jpg 1 0 0.433563417 0.875850829 0.071613460 0.064423353
images/origin_image/[JZ-1376][TAG-FL159AHN][STATE-IN][IMAGEID-019af87a86c870359ad88a5ca13fa0f4].jpg 0 0 0.462899051 0.589013517 0.413287317 0.770012463
images/origin_image/[JZ-1376][TAG-FL159AHN][STATE-IN][IMAGEID-019af87a86c870359ad88a5ca13fa0f4].jpg 1 0 0.463330457 0.853609433 0.070750647 0.062889464
images/origin_image/[JZ-1378][TAG-FL653AGB][STATE-IN][IMAGEID-019af85d0db9794a9d0da9e5ec4766d7].jpg 0 0 0.459447800 0.593615186 0.399482312 0.770012463
images/origin_image/[JZ-1378][TAG-FL653AGB][STATE-IN][IMAGEID-019af85d0db9794a9d0da9e5ec4766d7].jpg 1 0 0.462899051 0.736266897 0.075064711 0.064423353
images/origin_image/[JZ-1379][TAG-FL483AHN][STATE-IN][IMAGEID-019af6b08eb97c5e882621bf8188050a].jpg 0 0 0.502588438 0.486242930 0.544434858 0.855910267
images/origin_image/[JZ-1379][TAG-FL483AHN][STATE-IN][IMAGEID-019af6b08eb97c5e882621bf8188050a].jpg 1 0 0.489214840 0.720928003 0.089732528 0.079762247
images/origin_image/[JZ-1380][TAG-FL483AHN][STATE-IN][IMAGEID-019af6afbcee79898853f31238d014aa].jpg 0 0 0.451405811 0.532122070 0.679896462 0.791486914
images/origin_image/[JZ-1380][TAG-FL483AHN][STATE-IN][IMAGEID-019af6afbcee79898853f31238d014aa].jpg 1 0 0.282433575 0.650456585 0.077630419 0.075160579
images/origin_image/[JZ-1381][TAG-FL260AHA][STATE-IN][IMAGEID-019af663a7327fedad585ecbc22a8c84].jpg 0 0 0.486194996 0.524590164 0.549611734 0.831368038
images/origin_image/[JZ-1381][TAG-FL260AHA][STATE-IN][IMAGEID-019af663a7327fedad585ecbc22a8c84].jpg 1 0 0.485332183 0.650369092 0.095772217 0.076694468
images/origin_image/[JZ-1382][TAG-FL260AHA][STATE-IN][IMAGEID-019af656f9677881bbeaeae52c10300c].jpg 0 0 0.465487489 0.526124053 0.651423641 0.797622471
images/origin_image/[JZ-1382][TAG-FL260AHA][STATE-IN][IMAGEID-019af656f9677881bbeaeae52c10300c].jpg 1 0 0.304141501 0.509251270 0.075064711 0.079762247
images/origin_image/[JZ-1383][TAG-FL962AGC][STATE-IN][IMAGEID-019af5e35eff79a19c5d6e8f0166ea78].jpg 0 0 0.306729940 0.509251270 0.610008628 0.914198063
images/origin_image/[JZ-1383][TAG-FL962AGC][STATE-IN][IMAGEID-019af5e35eff79a19c5d6e8f0166ea78].jpg 1 0 0.223790464 0.745928559 0.089709600 0.082830026
images/origin_image/[JZ-1385][TAG-FL483AHN][STATE-IN][IMAGEID-019af5d9b3db7ad59d05774f66d09626].jpg 0 0 0.458584987 0.607420190 0.418464193 0.779215799
images/origin_image/[JZ-1385][TAG-FL483AHN][STATE-IN][IMAGEID-019af5d9b3db7ad59d05774f66d09626].jpg 1 0 0.465056083 0.883520276 0.074201898 0.061355575
images/origin_image/[JZ-1386][TAG-FL350ABN][STATE-IN][IMAGEID-019af5be1e0e740380c71c1aea504152].jpg 0 0 0.606988783 0.370434282 0.673856773 0.737800786
images/origin_image/[JZ-1386][TAG-FL350ABN][STATE-IN][IMAGEID-019af5be1e0e740380c71c1aea504152].jpg 1 0 0.751422240 0.516401840 0.079378775 0.064814038
images/origin_image/[JZ-1387][TAG-FL350ABN][STATE-IN][IMAGEID-019af5bcaafa79b5b297169c03714c2e].jpg 0 0 0.490077653 0.486242930 0.595340811 0.800690250
images/origin_image/[JZ-1387][TAG-FL350ABN][STATE-IN][IMAGEID-019af5bcaafa79b5b297169c03714c2e].jpg 1 0 0.358930112 0.668775765 0.070750647 0.076694468
images/origin_image/[JZ-1388][TAG-FL443ADW][STATE-IN][IMAGEID-019af598a9d77a2c9061e12d695625b9].jpg 0 0 0.575064711 0.597449909 0.680759275 0.802224140
images/origin_image/[JZ-1388][TAG-FL443ADW][STATE-IN][IMAGEID-019af598a9d77a2c9061e12d695625b9].jpg 1 0 0.714408973 0.687949382 0.082830026 0.081296137
images/origin_image/[JZ-1389][TAG-FL934ABE][STATE-IN][IMAGEID-019af58c135c7e54ac551b2d9b7f26d8].jpg 0 0 0.347713546 0.348192887 0.664365833 0.690250216
images/origin_image/[JZ-1389][TAG-FL934ABE][STATE-IN][IMAGEID-019af58c135c7e54ac551b2d9b7f26d8].jpg 1 0 0.207489800 0.301767967 0.077566442 0.071695050
images/origin_image/[JZ-1390][TAG-FL934ABE][STATE-IN][IMAGEID-019af58ac70d798397b70e6eef0796d4].jpg 0 0 0.431406385 0.572140734 0.631578947 0.843639153
images/origin_image/[JZ-1390][TAG-FL934ABE][STATE-IN][IMAGEID-019af58ac70d798397b70e6eef0796d4].jpg 1 0 0.573770492 0.582877960 0.075927524 0.070558911
images/origin_image/[JZ-1391][TAG-FL962AGC][STATE-IN][IMAGEID-019af551f82c703d8ac6b98455dfba26].jpg 0 0 0.448077891 0.602600435 0.402749553 0.769576289
images/origin_image/[JZ-1391][TAG-FL962AGC][STATE-IN][IMAGEID-019af551f82c703d8ac6b98455dfba26].jpg 1 0 0.446822772 0.868914176 0.071331348 0.059843528
images/origin_image/[JZ-1392][TAG-FL573ABL][STATE-IN][IMAGEID-019af547ef9d7837a13b305819fc6978].jpg 0 0 0.490509060 0.605886300 0.420189819 0.770012463
images/origin_image/[JZ-1392][TAG-FL573ABL][STATE-IN][IMAGEID-019af547ef9d7837a13b305819fc6978].jpg 1 0 0.504231170 0.763174603 0.074201898 0.066517877
images/origin_image/[JZ-1393][TAG-FL576AHA][STATE-IN][IMAGEID-019af531de92724eb5985b9a802976c2].jpg 0 0 0.414581536 0.538395168 0.542709232 0.914198063
images/origin_image/[JZ-1393][TAG-FL576AHA][STATE-IN][IMAGEID-019af531de92724eb5985b9a802976c2].jpg 1 0 0.415444349 0.617390471 0.094046592 0.081296137
images/origin_image/[JZ-1394][TAG-FL576AHA][STATE-IN][IMAGEID-019af5305bc37e9c8a4fa8afc49fd2ba].jpg 0 0 0.496548749 0.543715847 0.684210526 0.878822740
images/origin_image/[JZ-1394][TAG-FL576AHA][STATE-IN][IMAGEID-019af5305bc37e9c8a4fa8afc49fd2ba].jpg 1 0 0.329163072 0.557568785 0.080241588 0.081296137
images/origin_image/[JZ-1395][TAG-FL350ABN][STATE-IN][IMAGEID-019af50d22ba7d758f96c5e07b9cb3df].jpg 0 0 0.505608283 0.597449909 0.405522002 0.768478573
images/origin_image/[JZ-1395][TAG-FL350ABN][STATE-IN][IMAGEID-019af50d22ba7d758f96c5e07b9cb3df].jpg 1 0 0.509922347 0.872783051 0.070750647 0.061355575
images/origin_image/[JZ-1396][TAG-FL573ABL][STATE-IN][IMAGEID-019af504cfaa779a9d75a975860c0ce6].jpg 0 0 0.622088007 0.483942096 0.750647110 0.961748634
images/origin_image/[JZ-1396][TAG-FL573ABL][STATE-IN][IMAGEID-019af504cfaa779a9d75a975860c0ce6].jpg 1 0 0.773534586 0.517665334 0.085418464 0.078228358
images/origin_image/[JZ-1397][TAG-FL573ABL][STATE-IN][IMAGEID-019af501fd0a7a078db2ecb440ed75c5].jpg 0 0 0.584987058 0.513085994 0.571182053 0.774614131
images/origin_image/[JZ-1397][TAG-FL573ABL][STATE-IN][IMAGEID-019af501fd0a7a078db2ecb440ed75c5].jpg 1 0 0.475841242 0.505416547 0.075064711 0.078228358
images/origin_image/[JZ-1398][TAG-FL443ADW][STATE-IN][IMAGEID-019af4e7a21b7bb9ac3e22db99ad05b0].jpg 0 0 0.468075928 0.568306011 0.421915444 0.780749688
images/origin_image/[JZ-1398][TAG-FL443ADW][STATE-IN][IMAGEID-019af4e7a21b7bb9ac3e22db99ad05b0].jpg 1 0 0.474978430 0.783050522 0.069887834 0.065957243
images/origin_image/[JZ-1399][TAG-FL934ABE][STATE-IN][IMAGEID-019af4ceec247fa38272f8a0b2e46ae8].jpg 0 0 0.455565142 0.609721024 0.410698878 0.768478573
images/origin_image/[JZ-1399][TAG-FL934ABE][STATE-IN][IMAGEID-019af4ceec247fa38272f8a0b2e46ae8].jpg 1 0 0.453839517 0.773847186 0.072476273 0.069025022
images/origin_image/[JZ-1400][TAG-FL254AGB][STATE-IN][IMAGEID-019af4ba8c6c7ef6be5d81761c8a589c].jpg 0 0 0.421052632 0.520755441 0.538395168 0.937206404
images/origin_image/[JZ-1400][TAG-FL254AGB][STATE-IN][IMAGEID-019af4ba8c6c7ef6be5d81761c8a589c].jpg 1 0 0.416738568 0.579043237 0.089732528 0.078228358
images/origin_image/[JZ-1401][TAG-FL254AGB][STATE-IN][IMAGEID-019af4b9a7d77072aa0df53a8f7ec5b0].jpg 0 0 0.554357204 0.465535423 0.597929249 0.802224140
images/origin_image/[JZ-1401][TAG-FL254AGB][STATE-IN][IMAGEID-019af4b9a7d77072aa0df53a8f7ec5b0].jpg 1 0 0.415444349 0.467836257 0.069887834 0.073626690
images/origin_image/[JZ-1402][TAG-FL796AGB][STATE-IN][IMAGEID-019af4a3726671918344a512b3710763].jpg 0 0 0.600086281 0.394976512 0.739430544 0.786885246
images/origin_image/[JZ-1402][TAG-FL796AGB][STATE-IN][IMAGEID-019af4a3726671918344a512b3710763].jpg 1 0 0.783791608 0.388533765 0.078515962 0.078208016
images/origin_image/[JZ-1403][TAG-FL796AGB][STATE-IN][IMAGEID-019af4a1722c7ff788004a2c1d5c9211].jpg 0 0 0.603106126 0.616575592 0.729939603 0.766848816
images/origin_image/[JZ-1403][TAG-FL796AGB][STATE-IN][IMAGEID-019af4a1722c7ff788004a2c1d5c9211].jpg 1 0 0.793927330 0.686550054 0.076790336 0.079762247
images/origin_image/[JZ-1404][TAG-FL576AHA][STATE-IN][IMAGEID-019af426e06d784c8ad379e2969eaba9].jpg 0 0 0.463761864 0.576742402 0.399482312 0.760809127
images/origin_image/[JZ-1404][TAG-FL576AHA][STATE-IN][IMAGEID-019af426e06d784c8ad379e2969eaba9].jpg 1 0 0.462899051 0.714025501 0.071613460 0.059821685
images/origin_image/[JZ-1405][TAG-FL260AHA][STATE-IN][IMAGEID-019af3d2ff7f7a5d9289d4356112f712].jpg 0 0 0.532786885 0.592081296 0.665228645 0.806825808
images/origin_image/[JZ-1405][TAG-FL260AHA][STATE-IN][IMAGEID-019af3d2ff7f7a5d9289d4356112f712].jpg 1 0 0.660483175 0.612788803 0.090595341 0.087431694
images/origin_image/[JZ-1406][TAG-FL573ABL][STATE-IN][IMAGEID-019af3a8a05c74f0b2f3f1502681c147].jpg 0 0 0.468938740 0.588246573 0.409836066 0.774614131
images/origin_image/[JZ-1406][TAG-FL573ABL][STATE-IN][IMAGEID-019af3a8a05c74f0b2f3f1502681c147].jpg 1 0 0.481449525 0.724762726 0.070750647 0.065957243
images/origin_image/[JZ-1407][TAG-FL254AGB][STATE-IN][IMAGEID-019af35b4aba777e9eb5cf57a0c77e30].jpg 0 0 0.457290768 0.606653245 0.408973253 0.771546352
images/origin_image/[JZ-1407][TAG-FL254AGB][STATE-IN][IMAGEID-019af35b4aba777e9eb5cf57a0c77e30].jpg 1 0 0.458939721 0.758695114 0.071613460 0.069025022
images/origin_image/[JZ-1408][TAG-FL866ABD][STATE-IN][IMAGEID-019af1c098dc7ad291729fe9317c6a6a].jpg 0 0 0.606125971 0.397277346 0.708369284 0.788419135
images/origin_image/[JZ-1408][TAG-FL866ABD][STATE-IN][IMAGEID-019af1c098dc7ad291729fe9317c6a6a].jpg 1 0 0.764950156 0.392602228 0.081967213 0.074407249
images/origin_image/[JZ-1409][TAG-FL866ABD][STATE-IN][IMAGEID-019af1bea3b372588000de1893f98b96].jpg 0 0 0.511647972 0.536861279 0.676445211 0.871249161
images/origin_image/[JZ-1409][TAG-FL866ABD][STATE-IN][IMAGEID-019af1bea3b372588000de1893f98b96].jpg 1 0 0.341242450 0.556034896 0.076790336 0.081296137
images/origin_image/[JZ-1410][TAG-FL251AHN][STATE-IN][IMAGEID-019af113b60e7ebd8ae7d81d515740e4].jpg 0 0 0.528472821 0.619643371 0.784296808 0.760713259
images/origin_image/[JZ-1410][TAG-FL251AHN][STATE-IN][IMAGEID-019af113b60e7ebd8ae7d81d515740e4].jpg 1 0 0.708584879 0.919002211 0.095772217 0.098164500
images/origin_image/[JZ-1411][TAG-FL866ABD][STATE-IN][IMAGEID-019af1087ef172efbb7ac3bc2860162e].jpg 0 0 0.464624676 0.561403509 0.394305436 0.745470233
images/origin_image/[JZ-1411][TAG-FL866ABD][STATE-IN][IMAGEID-019af1087ef172efbb7ac3bc2860162e].jpg 1 0 0.464193270 0.706431376 0.069025022 0.062738820
images/origin_image/[JZ-1412][TAG-FL317ABL][STATE-IN][IMAGEID-019af0c5af96770483548adb002e8b45].jpg 0 0 0.575496117 0.493912377 0.667817084 0.816029144
images/origin_image/[JZ-1412][TAG-FL317ABL][STATE-IN][IMAGEID-019af0c5af96770483548adb002e8b45].jpg 1 0 0.691242253 0.583074245 0.090595341 0.079754279
images/origin_image/[JZ-1413][TAG-FL317ABL][STATE-IN][IMAGEID-019af0c43cc67a45a9d6b26a1ce0c051].jpg 0 0 0.477998274 0.585178794 0.662640207 0.725529671
images/origin_image/[JZ-1413][TAG-FL317ABL][STATE-IN][IMAGEID-019af0c43cc67a45a9d6b26a1ce0c051].jpg 1 0 0.316652286 0.625826862 0.079378775 0.079762247
images/origin_image/[JZ-1414][TAG-FL395AHA][STATE-IN][IMAGEID-019af0999d557adbb3ac030415ecde3d].jpg 0 0 0.329163072 0.549132394 0.613459879 0.889655834
images/origin_image/[JZ-1414][TAG-FL395AHA][STATE-IN][IMAGEID-019af0999d557adbb3ac030415ecde3d].jpg 1 0 0.302415876 0.654970760 0.100949094 0.082830026
images/origin_image/[JZ-1416][TAG-FL251AHN][STATE-IN][IMAGEID-019af08765727143a574d558eafa25af].jpg 0 0 0.425366695 0.624245039 0.441760138 0.751509922
images/origin_image/[JZ-1416][TAG-FL251AHN][STATE-IN][IMAGEID-019af08765727143a574d558eafa25af].jpg 1 0 0.424503883 0.940274183 0.077653149 0.067491132
images/origin_image/[JZ-1417][TAG-FL573ABL][STATE-IN][IMAGEID-019af0861eef761bb47a1b38f1f3d9a3].jpg 0 0 0.594477998 0.359697057 0.726488352 0.719394114
images/origin_image/[JZ-1417][TAG-FL573ABL][STATE-IN][IMAGEID-019af0861eef761bb47a1b38f1f3d9a3].jpg 1 0 0.778811983 0.318279993 0.070750647 0.068159324
images/origin_image/[JZ-1419][TAG-FL746AHM][STATE-IN][IMAGEID-019af076e9297220a6d871fbf78aac0d].jpg 0 0 0.646246764 0.521522385 0.700603969 0.951011408
images/origin_image/[JZ-1419][TAG-FL746AHM][STATE-IN][IMAGEID-019af076e9297220a6d871fbf78aac0d].jpg 1 0 0.752372735 0.588246573 0.091458154 0.072092800
images/origin_image/[JZ-1420][TAG-FL746AHM][STATE-IN][IMAGEID-019af075dea57190ba495320ddb1eb18].jpg 0 0 0.576358930 0.565957243 0.728213978 0.868085514
images/origin_image/[JZ-1420][TAG-FL746AHM][STATE-IN][IMAGEID-019af075dea57190ba495320ddb1eb18].jpg 1 0 0.764020708 0.569839900 0.081967213 0.081296137
images/origin_image/[JZ-1421][TAG-FL128ADA][STATE-IN][IMAGEID-019af06fe8e07a50b8bdec0c10b5c18f].jpg 0 0 0.633735979 0.431022912 0.718723037 0.862045825
images/origin_image/[JZ-1421][TAG-FL128ADA][STATE-IN][IMAGEID-019af06fe8e07a50b8bdec0c10b5c18f].jpg 1 0 0.784486819 0.638335050 0.085418464 0.078228358
images/origin_image/[JZ-1423][TAG-FL846ACR][STATE-IN][IMAGEID-019af043bc727b32bc21d16d58bacfd3].jpg 0 0 0.449094047 0.558335730 0.687661777 0.877384719
images/origin_image/[JZ-1423][TAG-FL846ACR][STATE-IN][IMAGEID-019af043bc727b32bc21d16d58bacfd3].jpg 1 0 0.614516045 0.749768818 0.084555651 0.084357210
images/origin_image/[JZ-1424][TAG-FL846ACR][STATE-IN][IMAGEID-019af03ab5937af28a2ebfa47069add8].jpg 0 0 0.587144090 0.594334196 0.742881795 0.811331608
images/origin_image/[JZ-1424][TAG-FL846ACR][STATE-IN][IMAGEID-019af03ab5937af28a2ebfa47069add8].jpg 1 0 0.735547886 0.693317994 0.097497843 0.095101141
images/origin_image/[JZ-1425][TAG-FL317ABL][STATE-IN][IMAGEID-019af027aa777123830aab2954ea0c45].jpg 0 0 0.478861087 0.620458249 0.396893874 0.740868565
images/origin_image/[JZ-1425][TAG-FL317ABL][STATE-IN][IMAGEID-019af027aa777123830aab2954ea0c45].jpg 1 0 0.479997039 0.790719969 0.071929995 0.062889464
images/origin_image/[JZ-1426][TAG-FL746AHM][STATE-IN][IMAGEID-019aefc904287cbb8e5ce0d3c16ac44d].jpg 0 0 0.443485764 0.598983798 0.405522002 0.777681910
images/origin_image/[JZ-1426][TAG-FL746AHM][STATE-IN][IMAGEID-019aefc904287cbb8e5ce0d3c16ac44d].jpg 1 0 0.446505608 0.746237178 0.073339085 0.065957243
images/origin_image/[JZ-1427][TAG-FL573ABL][STATE-IN][IMAGEID-019aefbc2e967198b0765562deb994f5].jpg 0 0 0.409404659 0.608906145 0.423641070 0.772984374
images/origin_image/[JZ-1427][TAG-FL573ABL][STATE-IN][IMAGEID-019aefbc2e967198b0765562deb994f5].jpg 1 0 0.393874029 0.766177739 0.073339085 0.069025022
images/origin_image/[JZ-1429][TAG-FL395AHA][STATE-IN][IMAGEID-019aefad3b1574c5947a04c27bdbfdad].jpg 0 0 0.450819672 0.608187135 0.409836066 0.771546352
images/origin_image/[JZ-1429][TAG-FL395AHA][STATE-IN][IMAGEID-019aefad3b1574c5947a04c27bdbfdad].jpg 1 0 0.450388266 0.759275237 0.075927524 0.061355575
images/origin_image/[JZ-1430][TAG-P976478][STATE-IN][IMAGEID-019aef97a4087443bdd36a7e3cca1a5a].jpg 0 0 0.501725626 0.457099032 0.996548749 0.892723612
images/origin_image/[JZ-1430][TAG-P976478][STATE-IN][IMAGEID-019aef97a4087443bdd36a7e3cca1a5a].jpg 1 0 0.396462468 0.706356054 0.104400345 0.090499473
images/origin_image/[JZ-1431][TAG-3177888][STATE-IN][IMAGEID-019aef975a597302911108d1955df0e3].jpg 0 0 0.500431406 0.487009874 0.999137187 0.974019749
images/origin_image/[JZ-1431][TAG-3177888][STATE-IN][IMAGEID-019aef975a597302911108d1955df0e3].jpg 1 0 0.279982744 0.891956668 0.081967213 0.075160579
images/origin_image/[JZ-1432][TAG-P976478][STATE-IN][IMAGEID-019aef8bd9ec7d3ab2e52149ebd0008b].jpg 0 0 0.522433132 0.383143251 0.908541846 0.766286503
images/origin_image/[JZ-1432][TAG-P976478][STATE-IN][IMAGEID-019aef8bd9ec7d3ab2e52149ebd0008b].jpg 1 0 0.539432902 0.604731103 0.061772678 0.055977402
images/origin_image/[JZ-1433][TAG-FL279ADP][STATE-IN][IMAGEID-019aef7ff9fa769a9ff8700ad7acfc7d].jpg 0 0 0.571182053 0.488543764 0.672993960 0.918799732
images/origin_image/[JZ-1433][TAG-FL279ADP][STATE-IN][IMAGEID-019aef7ff9fa769a9ff8700ad7acfc7d].jpg 1 0 0.686576632 0.712347693 0.088869715 0.078238830
images/origin_image/[JZ-1434][TAG-FL279ADP][STATE-IN][IMAGEID-019aef7e99e07bb2861fd4eb639fc929].jpg 0 0 0.546591890 0.549899339 0.649698016 0.842105263
images/origin_image/[JZ-1434][TAG-FL279ADP][STATE-IN][IMAGEID-019aef7e99e07bb2861fd4eb639fc929].jpg 1 0 0.677308024 0.750071901 0.084555651 0.079762247
images/origin_image/[JZ-1435][TAG-FL934ABE][STATE-IN][IMAGEID-019aef7172f57e9b846630300f9eff03].jpg 0 0 0.551768766 0.431789857 0.663503020 0.857444157
images/origin_image/[JZ-1435][TAG-FL934ABE][STATE-IN][IMAGEID-019aef7172f57e9b846630300f9eff03].jpg 1 0 0.674093042 0.454949762 0.081967213 0.073626690
images/origin_image/[JZ-1436][TAG-FL934ABE][STATE-IN][IMAGEID-019aef6f801776cdaaef33781f0e6712].jpg 0 0 0.391285591 0.519988496 0.539257981 0.733199118
images/origin_image/[JZ-1436][TAG-FL934ABE][STATE-IN][IMAGEID-019aef6f801776cdaaef33781f0e6712].jpg 1 0 0.507765315 0.523405362 0.066436583 0.066517877
images/origin_image/[JZ-1437][TAG-FL450ACX][STATE-IN][IMAGEID-019aef6d37507c46971a2a1905a28221].jpg 0 0 0.497842968 0.538395168 0.547023296 0.917265842
images/origin_image/[JZ-1437][TAG-FL450ACX][STATE-IN][IMAGEID-019aef6d37507c46971a2a1905a28221].jpg 1 0 0.497842968 0.806825808 0.091458154 0.082830026
images/origin_image/[JZ-1438][TAG-FL576AHA][STATE-IN][IMAGEID-019aef6cff577a1c8e5385b00b9a8a98].jpg 0 0 0.351596204 0.521474451 0.649698016 0.957051098
images/origin_image/[JZ-1438][TAG-FL576AHA][STATE-IN][IMAGEID-019aef6cff577a1c8e5385b00b9a8a98].jpg 1 0 0.277825712 0.585178794 0.094909405 0.081296137
images/origin_image/[JZ-1439][TAG-FL576AHA][STATE-IN][IMAGEID-019aef6c40367c338fdf9b87317ead14].jpg 0 0 0.353753236 0.503882657 0.526315789 0.713258556
images/origin_image/[JZ-1439][TAG-FL576AHA][STATE-IN][IMAGEID-019aef6c40367c338fdf9b87317ead14].jpg 1 0 0.464624676 0.510018215 0.064710958 0.065957243
images/origin_image/[JZ-1440][TAG-FL450ACX][STATE-IN][IMAGEID-019aef6c15007e1e8248d69f8d5ae7ad].jpg 0 0 0.523727351 0.491611543 0.648835203 0.863579714
images/origin_image/[JZ-1440][TAG-FL450ACX][STATE-IN][IMAGEID-019aef6c15007e1e8248d69f8d5ae7ad].jpg 1 0 0.364532279 0.676113591 0.071613460 0.081163369
images/origin_image/[JZ-1441][TAG-FL846ACR][STATE-IN][IMAGEID-019aef4d9bd1757f8c979f0d7dca108f].jpg 0 0 0.434857636 0.601284632 0.417601381 0.779215799
images/origin_image/[JZ-1441][TAG-FL846ACR][STATE-IN][IMAGEID-019aef4d9bd1757f8c979f0d7dca108f].jpg 1 0 0.428817947 0.812194420 0.072476273 0.062889464
images/origin_image/[JZ-1442][TAG-FL159AHN][STATE-IN][IMAGEID-019aef2f9aa97feca8f5786ae67674fb].jpg 0 0 0.427523727 0.520755441 0.549611734 0.940274183
images/origin_image/[JZ-1442][TAG-FL159AHN][STATE-IN][IMAGEID-019aef2f9aa97feca8f5786ae67674fb].jpg 1 0 0.424935289 0.720928003 0.090595341 0.073626690
images/origin_image/[JZ-1444][TAG-FL450ACX][STATE-IN][IMAGEID-019aef0eb21579ea82e8aad5c0f1a937].jpg 0 0 0.436151855 0.541462947 0.389128559 0.717860224
images/origin_image/[JZ-1444][TAG-FL450ACX][STATE-IN][IMAGEID-019aef0eb21579ea82e8aad5c0f1a937].jpg 1 0 0.437014668 0.806825808 0.069887834 0.061355575
images/origin_image/[JZ-1445][TAG-FL720ADN][STATE-IN][IMAGEID-019aee936daf775d8809cdacbef4ab04].jpg 0 0 0.472821398 0.586712683 0.402070751 0.750071901
images/origin_image/[JZ-1445][TAG-FL720ADN][STATE-IN][IMAGEID-019aee936daf775d8809cdacbef4ab04].jpg 1 0 0.473252804 0.865113604 0.069887834 0.061355575
images/origin_image/[JZ-1446][TAG-FL159AHN][STATE-IN][IMAGEID-019aee7245b87a91a0fbc5484bcde5d8].jpg 0 0 0.434426230 0.520755441 0.396031061 0.731665229
images/origin_image/[JZ-1446][TAG-FL159AHN][STATE-IN][IMAGEID-019aee7245b87a91a0fbc5484bcde5d8].jpg 1 0 0.434426230 0.768478573 0.068162209 0.064423353
images/origin_image/[JZ-1447][TAG-FL279ADP][STATE-IN][IMAGEID-019aee54ce31730ab4cf570f5c2341fb].jpg 0 0 0.432700604 0.553734062 0.392579810 0.727063561
images/origin_image/[JZ-1447][TAG-FL279ADP][STATE-IN][IMAGEID-019aee54ce31730ab4cf570f5c2341fb].jpg 1 0 0.432269198 0.822164701 0.067299396 0.064423353
images/origin_image/[JZ-1448][TAG-FL576AHA][STATE-IN][IMAGEID-019aee54baaa77f59cc9317b094e244d].jpg 0 0 0.462036238 0.618876426 0.416738568 0.762247148
images/origin_image/[JZ-1448][TAG-FL576AHA][STATE-IN][IMAGEID-019aee54baaa77f59cc9317b094e244d].jpg 1 0 0.463761864 0.783050522 0.075064711 0.062889464
images/origin_image/[JZ-1449][TAG-FL934ABE][STATE-IN][IMAGEID-019aee3e1fe277f897320cf35b49d94f].jpg 0 0 0.433132010 0.562170453 0.395168248 0.759275237
images/origin_image/[JZ-1449][TAG-FL934ABE][STATE-IN][IMAGEID-019aee3e1fe277f897320cf35b49d94f].jpg 1 0 0.428386540 0.694084939 0.069887834 0.056753907
images/origin_image/[JZ-1450][TAG-FL254AGB][STATE-IN][IMAGEID-019aec99f4d87c51afb4fed97f6c8caa].jpg 0 0 0.599223469 0.506183492 0.751509922 0.923401400
images/origin_image/[JZ-1450][TAG-FL254AGB][STATE-IN][IMAGEID-019aec99f4d87c51afb4fed97f6c8caa].jpg 1 0 0.752809641 0.550253168 0.089732528 0.080060677
images/origin_image/[JZ-1451][TAG-FL254AGB][STATE-IN][IMAGEID-019aec9763ce7bc2927a1034d1794733].jpg 0 0 0.487057808 0.595868086 0.628990509 0.786789378
images/origin_image/[JZ-1451][TAG-FL254AGB][STATE-IN][IMAGEID-019aec9763ce7bc2927a1034d1794733].jpg 1 0 0.637669729 0.588431253 0.074201898 0.074049783
images/origin_image/[JZ-1454][TAG-FL137ABE][STATE-IN][IMAGEID-019aec203e3478dbb28e3b38ed9e9b0a].jpg 0 0 0.429249353 0.547598504 0.556514236 0.901926949
images/origin_image/[JZ-1454][TAG-FL137ABE][STATE-IN][IMAGEID-019aec203e3478dbb28e3b38ed9e9b0a].jpg 1 0 0.427523727 0.810660531 0.092320966 0.084363915
images/origin_image/[JZ-1455][TAG-FL137ABE][STATE-IN][IMAGEID-019aec1f118f7d12a30a094ffc98a2ad].jpg 0 0 0.468075928 0.507717381 0.596203624 0.745470233
images/origin_image/[JZ-1455][TAG-FL137ABE][STATE-IN][IMAGEID-019aec1f118f7d12a30a094ffc98a2ad].jpg 1 0 0.339498642 0.654022499 0.071613460 0.073626690
images/origin_image/[JZ-1456][TAG-FL653AGB][STATE-IN][IMAGEID-019aec19e5af7b56a3d91a44d6bc492b].jpg 0 0 0.389128559 0.565190298 0.574633305 0.869619404
images/origin_image/[JZ-1456][TAG-FL653AGB][STATE-IN][IMAGEID-019aec19e5af7b56a3d91a44d6bc492b].jpg 1 0 0.386971527 0.692551050 0.097497843 0.084363915
images/origin_image/[JZ-1458][TAG-FL752ACY][STATE-IN][IMAGEID-019aebd9f10270e8b59dd3556a0ca728].jpg 0 0 0.616911130 0.510018215 0.709232097 0.835969706
images/origin_image/[JZ-1458][TAG-FL752ACY][STATE-IN][IMAGEID-019aebd9f10270e8b59dd3556a0ca728].jpg 1 0 0.755339346 0.603491393 0.084555651 0.075160579
images/origin_image/[JZ-1459][TAG-FL752ACY][STATE-IN][IMAGEID-019aebd80d7f70318344870c8ad2ff0f].jpg 0 0 0.575064711 0.614274758 0.760138050 0.771450484
images/origin_image/[JZ-1459][TAG-FL752ACY][STATE-IN][IMAGEID-019aebd80d7f70318344870c8ad2ff0f].jpg 1 0 0.753383840 0.734289363 0.099233200 0.099668210
images/origin_image/[JZ-1460][TAG-FL832ABE][STATE-IN][IMAGEID-019aeb96c53170afbf2fabd82ff6016e].jpg 0 0 0.455565142 0.608187135 0.414150129 0.771546352
images/origin_image/[JZ-1460][TAG-FL832ABE][STATE-IN][IMAGEID-019aeb96c53170afbf2fabd82ff6016e].jpg 1 0 0.459669448 0.767907640 0.075927524 0.064641184
images/origin_image/[JZ-1461][TAG-FL310AGB][STATE-IN][IMAGEID-019aeb7223517f34a52776ccd96131a8].jpg 0 0 0.634598792 0.498514045 0.730802416 0.957146966
images/origin_image/[JZ-1461][TAG-FL310AGB][STATE-IN][IMAGEID-019aeb7223517f34a52776ccd96131a8].jpg 1 0 0.935241108 0.548836431 0.083692839 0.087509946
images/origin_image/[JZ-1462][TAG-FL310AGB][STATE-IN][IMAGEID-019aeb70e9417b328fc30d3e576972a9].jpg 0 0 0.455133736 0.596682964 0.637618637 0.791486914
images/origin_image/[JZ-1462][TAG-FL310AGB][STATE-IN][IMAGEID-019aeb70e9417b328fc30d3e576972a9].jpg 1 0 0.606828570 0.628554394 0.079378775 0.078228358
images/origin_image/[JZ-1463][TAG-FL653AGB][STATE-IN][IMAGEID-019aeb5c4f007231877fb838d19bc5b6].jpg 0 0 0.466781708 0.588965583 0.400345125 0.757645480
images/origin_image/[JZ-1463][TAG-FL653AGB][STATE-IN][IMAGEID-019aeb5c4f007231877fb838d19bc5b6].jpg 1 0 0.468507334 0.727618958 0.070750647 0.060244779
images/origin_image/[JZ-1464][TAG-FL624AGB][STATE-IN][IMAGEID-019aeb49b3fe7c91bd0bb9d3a542173a].jpg 0 0 0.638912856 0.387307065 0.679033650 0.774614131
images/origin_image/[JZ-1464][TAG-FL624AGB][STATE-IN][IMAGEID-019aeb49b3fe7c91bd0bb9d3a542173a].jpg 1 0 0.775023633 0.395259219 0.079229200 0.074155244
images/origin_image/[JZ-1465][TAG-FL624AGB][STATE-IN][IMAGEID-019aeb48dc0a7cf790cdde236e21b0d9].jpg 0 0 0.520276100 0.614226824 0.669542709 0.768478573
images/origin_image/[JZ-1465][TAG-FL624AGB][STATE-IN][IMAGEID-019aeb48dc0a7cf790cdde236e21b0d9].jpg 1 0 0.684241002 0.641545542 0.075064711 0.075446132
images/origin_image/[JZ-1466][TAG-FL137ABE][STATE-IN][IMAGEID-019aeb184d517f1cb7131fa2d896ceb8].jpg 0 0 0.419327006 0.601284632 0.403796376 0.779215799
images/origin_image/[JZ-1466][TAG-FL137ABE][STATE-IN][IMAGEID-019aeb184d517f1cb7131fa2d896ceb8].jpg 1 0 0.414581536 0.867414438 0.069887834 0.062889464
images/origin_image/[JZ-1467][TAG-FL624AGB][STATE-IN][IMAGEID-019aeab405177563816cfc104008114d].jpg 0 0 0.435720449 0.600421820 0.407247627 0.765410795
images/origin_image/[JZ-1467][TAG-FL624AGB][STATE-IN][IMAGEID-019aeab405177563816cfc104008114d].jpg 1 0 0.431406385 0.747771067 0.072476273 0.062889464
images/origin_image/[JZ-1468][TAG-FL128ADA][STATE-IN][IMAGEID-019aeaa876fd7d8e9d387e49655826a3].jpg 0 0 0.444348576 0.601188764 0.395168248 0.757741348
images/origin_image/[JZ-1468][TAG-FL128ADA][STATE-IN][IMAGEID-019aeaa876fd7d8e9d387e49655826a3].jpg 1 0 0.443917170 0.886588055 0.071613460 0.061355575
images/origin_image/[JZ-1469][TAG-FL483AHN][STATE-IN][IMAGEID-019aea85829b7e36aa8c07994d496114].jpg 0 0 0.484037964 0.618157415 0.333045729 0.736266897
images/origin_image/[JZ-1469][TAG-FL483AHN][STATE-IN][IMAGEID-019aea85829b7e36aa8c07994d496114].jpg 1 0 0.484900777 0.901022463 0.060396894 0.044207711
images/origin_image/[JZ-1471][TAG-FL274AHA][STATE-IN][IMAGEID-019aea55986b758282dfa06f635f2e9c].jpg 0 0 0.507333909 0.543763781 0.617773943 0.832901927
images/origin_image/[JZ-1471][TAG-FL274AHA][STATE-IN][IMAGEID-019aea55986b758282dfa06f635f2e9c].jpg 1 0 0.634167386 0.569210496 0.077653149 0.076419388
images/origin_image/[JZ-1472][TAG-FL911ADW][STATE-IN][IMAGEID-019aea4b53537d039f9a787d57a4922e].jpg 0 0 0.597066437 0.592033362 0.688524590 0.815933276
images/origin_image/[JZ-1472][TAG-FL911ADW][STATE-IN][IMAGEID-019aea4b53537d039f9a787d57a4922e].jpg 1 0 0.758083883 0.944059676 0.088006903 0.067618515
images/origin_image/[JZ-1473][TAG-3687605][STATE-IN][IMAGEID-019aea0e726e7a968703f725af01f6d0].jpg 0 0 0.500000000 0.488243430 1.000000000 0.976486859
images/origin_image/[JZ-1473][TAG-3687605][STATE-IN][IMAGEID-019aea0e726e7a968703f725af01f6d0].jpg 1 0 0.474585062 0.820885201 0.090248963 0.078838174
images/origin_image/[JZ-1474][TAG-3308759][STATE-IN][IMAGEID-019aea0a01b77887bdc83c293cd38e9d].jpg 0 0 0.500778008 0.459843241 0.998443983 0.916920231
images/origin_image/[JZ-1474][TAG-3308759][STATE-IN][IMAGEID-019aea0a01b77887bdc83c293cd38e9d].jpg 1 0 0.243029351 0.695761596 0.105031120 0.087136929
images/origin_image/[JZ-1475][TAG-FL752ACY][STATE-IN][IMAGEID-019aea01ef34775aabd7f7068aa6d9f1].jpg 0 0 0.434906640 0.602351314 0.374999999 0.737206089
images/origin_image/[JZ-1475][TAG-FL752ACY][STATE-IN][IMAGEID-019aea01ef34775aabd7f7068aa6d9f1].jpg 1 0 0.431016598 0.769709544 0.068464730 0.062240664
images/origin_image/[JZ-1476][TAG-3308759][STATE-IN][IMAGEID-019ae9f72b4d76ed8ba9b8bf446b2c84].jpg 0 0 0.595695021 0.498570765 0.808609959 0.997141530
images/origin_image/[JZ-1476][TAG-3308759][STATE-IN][IMAGEID-019ae9f72b4d76ed8ba9b8bf446b2c84].jpg 1 0 0.568124797 0.796233900 0.077800830 0.070539419
images/origin_image/[JZ-1477][TAG-3308759][STATE-IN][IMAGEID-019ae9eeb96d76f08cd97d437141dd31].jpg 0 0 0.579356846 0.453619175 0.841286308 0.907238350
images/origin_image/[JZ-1477][TAG-3308759][STATE-IN][IMAGEID-019ae9eeb96d76f08cd97d437141dd31].jpg 1 0 0.534880706 0.683264177 0.080134854 0.077455048
images/origin_image/[JZ-1478][TAG-3308759][STATE-IN][IMAGEID-019ae9e43fbc7225943dd8e06b8bca24].jpg 0 0 0.609569502 0.423928077 0.746109959 0.845089903
images/origin_image/[JZ-1478][TAG-3308759][STATE-IN][IMAGEID-019ae9e43fbc7225943dd8e06b8bca24].jpg 1 0 0.329271916 0.545390388 0.074339985 0.066523506
images/origin_image/[JZ-1479][TAG-FL310AGB][STATE-IN][IMAGEID-019ae96e7d287c928de3ef0285e55868].jpg 0 0 0.431016587 0.607192254 0.404564289 0.785615493
images/origin_image/[JZ-1479][TAG-FL310AGB][STATE-IN][IMAGEID-019ae96e7d287c928de3ef0285e55868].jpg 1 0 0.429106458 0.738207703 0.074688797 0.060361451
images/origin_image/[JZ-1480][TAG-FL688ABH][STATE-IN][IMAGEID-019ae906423077cd9db5de429193c593].jpg 0 0 0.350881746 0.441908714 0.667531119 0.883817428
images/origin_image/[JZ-1480][TAG-FL688ABH][STATE-IN][IMAGEID-019ae906423077cd9db5de429193c593].jpg 1 0 0.257992222 0.505994465 0.087914938 0.080218194
images/origin_image/[JZ-1481][TAG-FL688ABH][STATE-IN][IMAGEID-019ae90430f17019a0d544e226bd8d6c].jpg 0 0 0.559387956 0.614107883 0.815352671 0.771784235
images/origin_image/[JZ-1481][TAG-FL688ABH][STATE-IN][IMAGEID-019ae90430f17019a0d544e226bd8d6c].jpg 1 0 0.775285270 0.730982019 0.087914938 0.087136929
images/origin_image/[JZ-1482][TAG-FL973AGB][STATE-IN][IMAGEID-019ae72b6db371e3886eb318504ec24f].jpg 0 0 0.373832977 0.575380360 0.599844369 0.849239280
images/origin_image/[JZ-1482][TAG-FL973AGB][STATE-IN][IMAGEID-019ae72b6db371e3886eb318504ec24f].jpg 1 0 0.365274896 0.724066390 0.100363071 0.089903181
images/origin_image/[JZ-1483][TAG-FL973AGB][STATE-IN][IMAGEID-019ae7298c547984870aca137bb43b37].jpg 0 0 0.487033196 0.493775935 0.617738587 0.744121713
images/origin_image/[JZ-1483][TAG-FL973AGB][STATE-IN][IMAGEID-019ae7298c547984870aca137bb43b37].jpg 1 0 0.330653527 0.476486860 0.068464730 0.070539419
images/origin_image/[JZ-1484][TAG-FL629AGB][STATE-IN][IMAGEID-019ae721bae277908ed1c92dc605b09c].jpg 0 0 0.497536297 0.557399723 0.557831923 0.885200554
images/origin_image/[JZ-1484][TAG-FL629AGB][STATE-IN][IMAGEID-019ae721bae277908ed1c92dc605b09c].jpg 1 0 0.493646266 0.665975104 0.094139004 0.081604426
images/origin_image/[JZ-1485][TAG-FL629AGB][STATE-IN][IMAGEID-019ae720d92270728a14a5b807fe096e].jpg 0 0 0.516986517 0.489626558 0.616960577 0.760719230
images/origin_image/[JZ-1485][TAG-FL629AGB][STATE-IN][IMAGEID-019ae720d92270728a14a5b807fe096e].jpg 1 0 0.364496888 0.473720609 0.069242739 0.073305671
images/origin_image/[JZ-1486][TAG-FL254AGB][STATE-IN][IMAGEID-019ae6f1bfc472ffb377e2d947332dfe].jpg 0 0 0.462914938 0.582938389 0.399896264 0.756668174
images/origin_image/[JZ-1486][TAG-FL254AGB][STATE-IN][IMAGEID-019ae6f1bfc472ffb377e2d947332dfe].jpg 1 0 0.465248963 0.729598893 0.074688797 0.062240664
images/origin_image/[JZ-1487][TAG-FL395AHA][STATE-IN][IMAGEID-019ae6e8073e76f59ae05ce13dd42ecc].jpg 0 0 0.576504150 0.419087134 0.739107889 0.832641765
images/origin_image/[JZ-1487][TAG-FL395AHA][STATE-IN][IMAGEID-019ae6e8073e76f59ae05ce13dd42ecc].jpg 1 0 0.753459577 0.427241717 0.082468880 0.074631212
images/origin_image/[JZ-1488][TAG-FL395AHA][STATE-IN][IMAGEID-019ae6e6804878ddb04061c54de2bf46].jpg 0 0 0.361440164 0.507607194 0.529713034 0.730290454
images/origin_image/[JZ-1488][TAG-FL395AHA][STATE-IN][IMAGEID-019ae6e6804878ddb04061c54de2bf46].jpg 1 0 0.475752075 0.510497466 0.067686722 0.063890719
images/origin_image/[JZ-1489][TAG-FL159AHN][STATE-IN][IMAGEID-019ae6e39c87706c951f7c596802569c].jpg 0 0 0.625648340 0.409359146 0.748703320 0.818718293
images/origin_image/[JZ-1489][TAG-FL159AHN][STATE-IN][IMAGEID-019ae6e39c87706c951f7c596802569c].jpg 1 0 0.939914726 0.534451638 0.080912863 0.087080785
images/origin_image/[JZ-1490][TAG-FL159AHN][STATE-IN][IMAGEID-019ae6e3268f72f8a2058f6a62833e60].jpg 0 0 0.453967844 0.591286306 0.629408711 0.778699863
images/origin_image/[JZ-1490][TAG-FL159AHN][STATE-IN][IMAGEID-019ae6e3268f72f8a2058f6a62833e60].jpg 1 0 0.599432330 0.716860995 0.078578838 0.082967905
images/origin_image/[JZ-1491][TAG-FL159AHN][STATE-IN][IMAGEID-019ae6bb43f0701482fb02f5b3c9c885].jpg 0 0 0.550829877 0.480636241 0.332987550 0.723374835
images/origin_image/[JZ-1491][TAG-FL159AHN][STATE-IN][IMAGEID-019ae6bb43f0701482fb02f5b3c9c885].jpg 1 0 0.554719917 0.762516936 0.060684647 0.046197111
images/origin_image/[JZ-1492][TAG-FL159AHN][STATE-IN][IMAGEID-019ae6b65d317c19b94e3594250e3064].jpg 0 0 0.556664941 0.563623788 0.761670118 0.872752424
images/origin_image/[JZ-1492][TAG-FL159AHN][STATE-IN][IMAGEID-019ae6b65d317c19b94e3594250e3064].jpg 1 0 0.741046397 0.744819639 0.091804979 0.087136929
images/origin_image/[JZ-1493][TAG-FL866ABD][STATE-IN][IMAGEID-019ae65528867d96b9a5f3e0a0cb7142].jpg 0 0 0.658195021 0.334024896 0.628630706 0.668049793
images/origin_image/[JZ-1493][TAG-FL866ABD][STATE-IN][IMAGEID-019ae65528867d96b9a5f3e0a0cb7142].jpg 1 0 0.772376640 0.294241148 0.085580913 0.072340296
images/origin_image/[JZ-1494][TAG-FL866ABD][STATE-IN][IMAGEID-019ae653568f7fb3a5e8e7b659861367].jpg 0 0 0.503371361 0.600968187 0.658194991 0.798063626
images/origin_image/[JZ-1494][TAG-FL866ABD][STATE-IN][IMAGEID-019ae653568f7fb3a5e8e7b659861367].jpg 1 0 0.656461496 0.624931956 0.075466805 0.076071922
images/origin_image/[JZ-1495][TAG-166CXR][STATE-IN][IMAGEID-019ae64454a57d56b7f076345399c4a1].jpg 0 0 0.400285276 0.596127245 0.710321569 0.733056710
images/origin_image/[JZ-1495][TAG-166CXR][STATE-IN][IMAGEID-019ae64454a57d56b7f076345399c4a1].jpg 1 0 0.277748963 0.574688797 0.088692946 0.076071923
images/origin_image/019a9e0fbe087cc7a391f7f0fcd5b976.png 0 0 0.526337791 0.543849871 0.611204016 0.846897068
images/origin_image/019a9e0fbe087cc7a391f7f0fcd5b976.png 1 0 0.628344482 0.775769949 0.086120401 0.083539997
images/origin_image/019a9e10d2c37acc8cfbf6408b5222ed.png 0 0 0.501254181 0.496469716 0.577759197 0.805648465
images/origin_image/019a9e10d2c37acc8cfbf6408b5222ed.png 1 0 0.596989967 0.716462282 0.078595318 0.074321813
images/origin_image/019a9e1134037feb898a354599496f8c.png 0 0 0.571070222 0.601077665 0.650501646 0.797844670
images/origin_image/019a9e1134037feb898a354599496f8c.png 1 0 0.687525136 0.780947382 0.091135951 0.086366218
images/origin_image/019a9e3519427a9c802027482960ce6b.png 0 0 0.489966543 0.511148276 0.593645459 0.837978452
images/origin_image/019a9e3519427a9c802027482960ce6b.png 1 0 0.590719064 0.698995706 0.084448161 0.082499112
images/origin_image/019a9e40fbfe786b9eb8509c536fb5db.png 0 0 0.533444816 0.549981418 0.643812709 0.868078784
images/origin_image/019a9e40fbfe786b9eb8509c536fb5db.png 1 0 0.648411371 0.786324786 0.087792642 0.080267559
images/origin_image/019a9e52ba5273a68a6bc5ab4564fabd.png 0 0 0.500418060 0.405797101 0.696488294 0.811594203
images/origin_image/019a9e52ba5273a68a6bc5ab4564fabd.png 1 0 0.604933110 0.637681159 0.076086957 0.074321813
images/origin_image/019a9e6417747d9c9e430836db5d4768.png 0 0 0.471571906 0.477146042 0.770903010 0.948346340
images/origin_image/019a9e6417747d9c9e430836db5d4768.png 1 0 0.588628763 0.762392023 0.085284281 0.080567125
images/origin_image/019a9e6d8a5578028d2808207b268800.png 0 0 0.522097268 0.557880054 0.612709181 0.884239892
images/origin_image/019a9e6d8a5578028d2808207b268800.png 1 0 0.627831148 0.650248037 0.090998727 0.083752379
images/origin_image/019aa0f3c92c723c87ad53dc1d9ec664.png 0 0 0.580936182 0.577405856 0.658211271 0.845188288
images/origin_image/019aa0f3c92c723c87ad53dc1d9ec664.png 1 0 0.696852020 0.735356951 0.092571045 0.090655509
images/origin_image/019aa1198ae5704f858b54c86a1c74c9.png 0 0 0.522155172 0.564827584 0.668793103 0.870344832
images/origin_image/019aa1198ae5704f858b54c86a1c74c9.png 1 0 0.642986445 0.764009199 0.096206897 0.081342595
images/origin_image/019aa11d5eb57c0694f25d2ff054417e.png 0 0 0.491120691 0.550344827 0.673448272 0.874482761
images/origin_image/019aa11d5eb57c0694f25d2ff054417e.png 1 0 0.632941159 0.785959892 0.079913793 0.078620690
images/origin_image/019aa13779f17af488fc05404c843222.png 0 0 0.591958939 0.598849918 0.617621899 0.802300163
images/origin_image/019aa13779f17af488fc05404c843222.png 1 0 0.691189050 0.767987834 0.092386655 0.088204543
images/origin_image/019aa138940d7e6ebb5af0eddfc9e392.png 0 0 0.545337896 0.571048378 0.628742515 0.853150844
images/origin_image/019aa138940d7e6ebb5af0eddfc9e392.png 1 0 0.650556031 0.709438267 0.089820359 0.092766847
images/origin_image/019aa15ff86f752a87ab7b77843b8458.png 0 0 0.576561163 0.588204542 0.679213003 0.823590917
images/origin_image/019aa15ff86f752a87ab7b77843b8458.png 1 0 0.690333618 0.802205114 0.097519247 0.098849919
images/origin_image/019aa162ea4c7ea991a3a2a5b31b569d.png 0 0 0.532078700 0.545955708 0.588537211 0.854671608
images/origin_image/019aa162ea4c7ea991a3a2a5b31b569d.png 1 0 0.610917276 0.781167823 0.086398631 0.079079935
images/origin_image/019aa1aac1cb724fb5a6b4c8c62818eb.png 0 0 0.532934132 0.536070714 0.621043627 0.850109307
images/origin_image/019aa1aac1cb724fb5a6b4c8c62818eb.png 1 0 0.642514533 0.758562570 0.081266039 0.080600703
images/origin_image/019aa1b9cb507b649f2f0ab64e8cf452.png 0 0 0.612061591 0.592766848 0.650983747 0.814466304
images/origin_image/019aa1b9cb507b649f2f0ab64e8cf452.png 1 0 0.710316107 0.800283606 0.097518768 0.085163007
images/origin_image/019aa378c9cb77daac5129b6608d9941.png 0 0 0.536355860 0.524332290 0.646706587 0.878338563
images/origin_image/019aa378c9cb77daac5129b6608d9941.png 1 0 0.655882590 0.637535282 0.082120333 0.083642239
images/origin_image/019aa387c9ec79b5a7ed6dca18938e21.png 0 0 0.528229256 0.545195322 0.644140291 0.850109303
images/origin_image/019aa387c9ec79b5a7ed6dca18938e21.png 1 0 0.646278871 0.777872826 0.082976903 0.080600703
images/origin_image/019aa3aec23675e8bb0e7a4ec624aa11.png 0 0 0.512831480 0.554319931 0.584260051 0.801444731
images/origin_image/019aa3aec23675e8bb0e7a4ec624aa11.png 1 0 0.619289663 0.667540525 0.080496806 0.073150106
images/origin_image/019aa3bbf8af721886ecbb7436e101dc.png 0 0 0.482463644 0.433418877 0.728828058 0.860754681
images/origin_image/019aa3bbf8af721886ecbb7436e101dc.png 1 0 0.594525235 0.678375512 0.076988879 0.072770886
images/origin_image/019aa3bdc93e760692275b600665b334.png 0 0 0.497433704 0.580933370 0.615055603 0.830339325
images/origin_image/019aa3bdc93e760692275b600665b334.png 1 0 0.612917023 0.719323258 0.082976903 0.076038399
images/origin_image/019aa3c3cb997cb09629d2fbdf83cfc6.png 0 0 0.549615056 0.550945728 0.652694611 0.898108545
images/origin_image/019aa3c3cb997cb09629d2fbdf83cfc6.png 1 0 0.657355294 0.680953960 0.088796902 0.083733351
images/origin_image/019aa609746c77a994496bc6ce6494db.png 0 0 0.555947123 0.562652961 0.643171779 0.874694079
images/origin_image/019aa609746c77a994496bc6ce6494db.png 1 0 0.667841410 0.794126285 0.088105727 0.084581498
images/origin_image/019aa6143f587590aa21b9513891fb57.png 0 0 0.500881057 0.449534998 0.689867841 0.899069995
images/origin_image/019aa6143f587590aa21b9513891fb57.png 1 0 0.587797244 0.720507054 0.080176211 0.074871890
images/origin_image/019aa61d15857a8b893805222b764f44.png 0 0 0.598237872 0.498821988 0.754184995 0.997643976
images/origin_image/019aa61d15857a8b893805222b764f44.png 1 0 0.717029327 0.649333844 0.092274404 0.087870394
images/origin_image/019aa63cb0fa7d65a7675e1f23c8aa05.png 0 0 0.536123348 0.509055311 0.661674009 0.946059716
images/origin_image/019aa63cb0fa7d65a7675e1f23c8aa05.png 1 0 0.649790841 0.651484988 0.086343612 0.081744548
images/origin_image/019aa63d185a702c913f52b10664d0f4.png 0 0 0.583259898 0.500783162 0.792951515 0.998433676
images/origin_image/019aa63d185a702c913f52b10664d0f4.png 1 0 0.717623330 0.671207274 0.094670118 0.084660206
images/origin_image/019aa64abc817d11a590628424c84d0c.png 0 0 0.522026432 0.548213410 0.570044053 0.858345574
images/origin_image/019aa64abc817d11a590628424c84d0c.png 1 0 0.597797357 0.811355849 0.081938326 0.087714146
images/origin_image/019aa65a83a679c3961a98106be45968.png 0 0 0.504405286 0.554478707 0.626431718 0.839549684
images/origin_image/019aa65a83a679c3961a98106be45968.png 1 0 0.610572687 0.683700441 0.091629956 0.086147822
images/origin_image/019aa66767117208a6fdedbaaf166b77.png 0 0 0.518754816 0.526883656 0.614977947 0.806421618
images/origin_image/019aa66767117208a6fdedbaaf166b77.png 1 0 0.612334802 0.802389945 0.088105727 0.085445578
images/origin_image/019aa670b55b70e390da1ab23875ab6b.png 0 0 0.468281938 0.430739109 0.688105727 0.858345570
images/origin_image/019aa670b55b70e390da1ab23875ab6b.png 1 0 0.563500077 0.676562388 0.079758620 0.076749878
images/origin_image/019aa67a7fe57212a8be671017c343ad.png 0 0 0.470044053 0.488693098 0.600000000 0.946059716
images/origin_image/019aa67a7fe57212a8be671017c343ad.png 1 0 0.384140969 0.812922173 0.088105727 0.078316202
images/origin_image/019aa682231a726db984ee20af0e8666.png 0 0 0.588986784 0.589720996 0.647577093 0.816054824
images/origin_image/019aa682231a726db984ee20af0e8666.png 1 0 0.704845815 0.778463044 0.084581498 0.078316202
images/origin_image/019aa68432707824bdab2aae85e623ff.png 0 0 0.469162996 0.479295154 0.607048458 0.930396476
images/origin_image/019aa68432707824bdab2aae85e623ff.png 1 0 0.388546256 0.808223201 0.084581498 0.084581498
images/origin_image/019aa68bc89e79008c0d6e14c0646db0.png 0 0 0.477973568 0.544297602 0.626431718 0.875575134
images/origin_image/019aa68bc89e79008c0d6e14c0646db0.png 1 0 0.587665198 0.740871268 0.088105727 0.075183554
images/origin_image/019aa68dd212724388ce1d2439f82163.png 0 0 0.537885463 0.495741557 0.644052863 0.947626040
images/origin_image/019aa68dd212724388ce1d2439f82163.png 1 0 0.484140969 0.817621145 0.085462555 0.078316202
images/origin_image/019aa698d6187cde92d13d47a68ba1f4.png 0 0 0.534801749 0.563436123 0.637885436 0.873127755
images/origin_image/019aa698d6187cde92d13d47a68ba1f4.png 1 0 0.653744493 0.672736173 0.086343612 0.079882525
images/origin_image/019aa69e25637edda4d69336cef9ed18.png 0 0 0.559777968 0.492646362 0.605465412 0.933674921
images/origin_image/019aa69e25637edda4d69336cef9ed18.png 1 0 0.474807857 0.819053041 0.087105038 0.080463041
images/origin_image/019aa6a6d72472588e4049b74cd3a42a.png 0 0 0.510674638 0.482019167 0.611443209 0.930638580
images/origin_image/019aa6a6d72472588e4049b74cd3a42a.png 1 0 0.435525192 0.805389506 0.088812979 0.077426701
images/origin_image/019aa6ae3be7711983ebea8b7daab893.png 0 0 0.627668661 0.570594933 0.671221176 0.858810135
images/origin_image/019aa6ae3be7711983ebea8b7daab893.png 1 0 0.741673783 0.781857861 0.093082835 0.097162919
images/origin_image/019aa6b849637fedac52dead6db4e533.png 0 0 0.467549105 0.475946485 0.615713061 0.912420531
images/origin_image/019aa6b849637fedac52dead6db4e533.png 1 0 0.402220325 0.809184932 0.081981213 0.075908530
images/origin_image/019ad5fd51b17c4cb5e751c65f761911.png 0 0 0.513236542 0.603994687 0.631938498 0.792010626
images/origin_image/019ad5fd51b17c4cb5e751c65f761911.png 1 0 0.622971819 0.783376032 0.093082835 0.085017554
images/origin_image/019ad613cb9170a091e1b126d620470b.png 0 0 0.557216054 0.574390359 0.646456021 0.851219281
images/origin_image/019ad613cb9170a091e1b126d620470b.png 1 0 0.669940222 0.711262928 0.091374893 0.086535724
images/origin_image/019ad62d23e8756dad63ce143fdfe3e4.png 0 0 0.554227156 0.500996301 0.652433818 0.886611634
images/origin_image/019ad62d23e8756dad63ce143fdfe3e4.png 1 0 0.661400512 0.727203720 0.082835181 0.081981213
images/origin_image/019ad6302d35712086b65512f5a1880b.png 0 0 0.521341463 0.563685637 0.583333335 0.813008130
images/origin_image/019ad6302d35712086b65512f5a1880b.png 1 0 0.620019806 0.687352514 0.083131120 0.077869497
images/origin_image/019ad63af8b9773ba1032b2bf4590e13.png 0 0 0.589430879 0.574977416 0.664634115 0.850045167
images/origin_image/019ad63af8b9773ba1032b2bf4590e13.png 1 0 0.709349593 0.732610659 0.097560976 0.092140921
images/origin_image/019ad66cef6572c09aa0eceed844c35b.png 0 0 0.508866279 0.442635659 0.705523256 0.885271318
images/origin_image/019ad66cef6572c09aa0eceed844c35b.png 1 0 0.606540698 0.703875969 0.079360465 0.080620154
images/origin_image/019ad68fc0ee71cd90144785fb8788ad.png 0 0 0.511482558 0.554263567 0.651453488 0.875968990
images/origin_image/019ad68fc0ee71cd90144785fb8788ad.png 1 0 0.628779070 0.779844961 0.088953488 0.086821705
images/origin_image/019ad6976a0f727aba1829e32090ca21.png 0 0 0.570784870 0.535658915 0.696802299 0.925581394
images/origin_image/019ad6976a0f727aba1829e32090ca21.png 1 0 0.686773256 0.791472868 0.086337209 0.082170543
images/origin_image/019ad69aa24879948af7d2d995484ca1.png 0 0 0.572529056 0.586046513 0.712499973 0.827906975
images/origin_image/019ad69aa24879948af7d2d995484ca1.png 1 0 0.710319767 0.788372093 0.095058140 0.097674417
images/origin_image/019ad69d682e74538880073bcb900b05.png 0 0 0.559447661 0.533333332 0.675872066 0.933333335
images/origin_image/019ad69d682e74538880073bcb900b05.png 1 0 0.664970930 0.756589148 0.088081395 0.086821705
images/origin_image/019ad6e5da5777d8abf38a222006625f.png 0 0 0.478343023 0.509302326 0.668895349 0.916279069
images/origin_image/019ad6e5da5777d8abf38a222006625f.png 1 0 0.595639535 0.737984496 0.081976744 0.086821705
images/origin_image/019ad6f2c0247c728bfea640bc7e3596.png 0 0 0.568265669 0.564780648 0.667896651 0.870438704
images/origin_image/019ad6f2c0247c728bfea640bc7e3596.png 1 0 0.689575646 0.799507995 0.087638376 0.086920869
images/origin_image/019ad6fc1d767051909a160062e3e777.png 0 0 0.455258303 0.435424354 0.726014760 0.870848708
images/origin_image/019ad6fc1d767051909a160062e3e777.png 1 0 0.576041507 0.674866749 0.078544291 0.077080771
images/origin_image/019ad700174e7e9daced521b61e33d90.png 0 0 0.493081181 0.462484626 0.759225092 0.924969252
images/origin_image/019ad700174e7e9daced521b61e33d90.png 1 0 0.608394834 0.754927841 0.080258303 0.077680194
images/origin_image/019ad7014cf371ec83a0d113a87e603a.png 0 0 0.553505521 0.588560885 0.630996282 0.822878231
images/origin_image/019ad7014cf371ec83a0d113a87e603a.png 1 0 0.648985240 0.785567856 0.091328413 0.082000820
images/origin_image/019ad75dc8667a859fe8de095f6071f7.png 0 0 0.531365300 0.569700695 0.638376356 0.860598609
images/origin_image/019ad75dc8667a859fe8de095f6071f7.png 1 0 0.644857188 0.702910191 0.092483318 0.086594542
images/origin_image/019ad75f7ff475c28935346667e25780.png 0 0 0.503690023 0.610701107 0.643911411 0.778597785
images/origin_image/019ad75f7ff475c28935346667e25780.png 1 0 0.622693727 0.792947929 0.090405904 0.086920869
images/origin_image/019ad763b511725ea12fc5ce5ee333f9.png 0 0 0.451568266 0.537105371 0.576568266 0.788847888
images/origin_image/019ad763b511725ea12fc5ce5ee333f9.png 1 0 0.555350554 0.657646577 0.081180812 0.072160721
images/origin_image/019ad792b2c479baade7e8e5e31ade42.png 0 0 0.523985226 0.564780648 0.642066393 0.870438704
images/origin_image/019ad792b2c479baade7e8e5e31ade42.png 1 0 0.637915129 0.803608036 0.087638376 0.082000820
images/origin_image/019af85834da7bf785fcc36255e7c550.jpeg 1 0 0.421583812 0.697324038 0.068219634 0.053683363
images/origin_image/019af929350b7f1b9dafee4cf910dfd4.jpeg 0 0 0.219633943 0.703669323 0.346089849 0.541938871
images/origin_image/019af929350b7f1b9dafee4cf910dfd4.jpeg 1 0 0.212562396 0.861853052 0.055740433 0.046816709
images/origin_image/019af93b91cc7b2c9aa38ce08b1da301.jpeg 0 0 0.711730451 0.586627551 0.371880197 0.730624400
images/origin_image/019af93b91cc7b2c9aa38ce08b1da301.jpeg 1 0 0.603621243 0.833424655 0.061564060 0.046026061
images/origin_image/019af943f9b679f6ad97b84f9fb5f817.jpeg 0 0 0.329034945 0.593011647 0.458402663 0.678132932
images/origin_image/019af943f9b679f6ad97b84f9fb5f817.jpeg 1 0 0.249689971 0.699004420 0.060482335 0.052111230
images/origin_image/019af947fb31777da6a7593899f4de7b.jpeg 0 0 0.462562399 0.578115421 0.602329448 0.761835534
images/origin_image/019af947fb31777da6a7593899f4de7b.jpeg 1 0 0.349417637 0.688063753 0.073211314 0.062422279
images/origin_image/019af94813f57745a5d65397b91f3150.jpeg 0 0 0.509567388 0.636990980 0.406821960 0.666783430
images/origin_image/019af94813f57745a5d65397b91f3150.jpeg 1 0 0.494995529 0.744504946 0.064712270 0.055328838
images/origin_image/019af956f5517e6f9d544c93e1b49f70.jpeg 0 0 0.659017971 0.530075624 0.495827986 0.690446501
images/origin_image/019af956f5517e6f9d544c93e1b49f70.jpeg 1 0 0.668423888 0.728657294 0.080140832 0.052364162
images/origin_image/019af95780ae78ddb8d130750dc29763.jpeg 0 0 0.525471525 0.512573965 0.508413460 0.732248524
images/origin_image/019af95780ae78ddb8d130750dc29763.jpeg 1 0 0.458487426 0.709319527 0.073224852 0.057692308
images/origin_image/019af95790f0774bb503c8fe2b7f8a31.jpeg 0 0 0.384014423 0.480029586 0.763036242 0.960059172
images/origin_image/019af95790f0774bb503c8fe2b7f8a31.jpeg 1 0 0.252126479 0.525887574 0.171412722 0.131656805
images/origin_image/019af95ba7b87ae6b674042f1c437f4e.jpeg 0 0 0.170549085 0.687354410 0.299500831 0.435537264
images/origin_image/019af95ba7b87ae6b674042f1c437f4e.jpeg 1 0 0.157237937 0.840572730 0.048252912 0.041141956
images/origin_image/019af96430e07127b3aa3d143b5ce4ef.jpeg 0 0 0.469304738 0.398668641 0.560835794 0.699704141
images/origin_image/019af96430e07127b3aa3d143b5ce4ef.jpeg 1 0 0.345749926 0.495349790 0.067855570 0.057833545
images/origin_image/019af96d1eab77db9789e6c9a5fb3298.jpeg 0 0 0.203826956 0.546904282 0.339434274 0.517821175
images/origin_image/019af96d1eab77db9789e6c9a5fb3298.jpeg 1 0 0.163976280 0.598686400 0.049751266 0.045398021
images/origin_image/019af96f4a77712e90526f27dc8409b5.jpeg 0 0 0.351978557 0.609467458 0.587463016 0.715976326
images/origin_image/019af96f4a77712e90526f27dc8409b5.jpeg 1 0 0.225914910 0.695752862 0.064836144 0.060731127
images/origin_image/019af97151d87bdfa6ca2eb1ae917e62.jpeg 0 0 0.501247922 0.623513443 0.578202991 0.699413259
images/origin_image/019af97151d87bdfa6ca2eb1ae917e62.jpeg 1 0 0.371048253 0.808652246 0.061564060 0.056747526
images/origin_image/019af9720f247b47b998e86acc8e1566.jpeg 0 0 0.547004993 0.565347228 0.470049914 0.750486032
images/origin_image/019af9720f247b47b998e86acc8e1566.jpeg 1 0 0.495869838 0.761126193 0.069824385 0.055328838
images/origin_image/019af97a7ac37d8286482d4638b5d8a9.jpeg 0 0 0.766638935 0.678842280 0.371880199 0.560381820
images/origin_image/019af97a7ac37d8286482d4638b5d8a9.jpeg 1 0 0.783823035 0.768815642 0.060737793 0.054301467
images/origin_image/019af988ce187100b6aa5c6f5b037f9a.jpeg 0 0 0.666928624 0.696745564 0.375277367 0.556213017
images/origin_image/019af988ce187100b6aa5c6f5b037f9a.jpeg 1 0 0.681490385 0.792159763 0.058247041 0.051775148
images/origin_image/019af98970c47b4baad1b05f8f9b3fb1.jpeg 0 0 0.745840267 0.515693143 0.381863557 0.736299151
images/origin_image/019af98970c47b4baad1b05f8f9b3fb1.jpeg 1 0 0.768280624 0.760317551 0.046587780 0.039723268
images/origin_image/019af98e5cc177acbddd6fca9ce8679a.jpeg 0 0 0.697047491 0.752888319 0.413992287 0.494223362
images/origin_image/019af98e5cc177acbddd6fca9ce8679a.jpeg 1 0 0.740976514 0.885083307 0.060059182 0.040290861
images/origin_image/019af99b1ffd7005af8626ce0bf44375.jpeg 0 0 0.722586909 0.511094674 0.554826182 0.977810652
images/origin_image/019af99b1ffd7005af8626ce0bf44375.jpeg 1 0 0.811764829 0.744389941 0.100645878 0.086768217
images/origin_image/019af99d385f73a7ac0e90eaa06b321e.jpeg 0 0 0.493019604 0.606508875 0.478457834 0.683431954
images/origin_image/019af99d385f73a7ac0e90eaa06b321e.jpeg 1 0 0.450582470 0.745562130 0.070728550 0.065088757
images/origin_image/019af9a8179a7fceb7580b5c0f6cc3f7.jpeg 0 0 0.312811981 0.549741661 0.430948415 0.804396181
images/origin_image/019af9a8179a7fceb7580b5c0f6cc3f7.jpeg 1 0 0.329450915 0.887389439 0.053244592 0.043979333
images/origin_image/019af9a8542a7618a6a2b6299bbf18e1.jpeg 0 0 0.792682927 0.680359437 0.414634146 0.582798460
images/origin_image/019af9a8542a7618a6a2b6299bbf18e1.jpeg 1 0 0.821865347 0.716713708 0.069303012 0.050184093
images/origin_image/019af9abdd787170a09522472bd74710.jpeg 0 0 0.681490387 0.497781065 0.599112421 0.995562129
images/origin_image/019af9abdd787170a09522472bd74710.jpeg 1 0 0.651952548 0.666164008 0.100549088 0.088757396
images/origin_image/019af9ae23bc75efb7e91bd4761d65e4.jpeg 0 0 0.714858794 0.686136071 0.463093709 0.581514764
images/origin_image/019af9ae23bc75efb7e91bd4761d65e4.jpeg 1 0 0.672559950 0.884419473 0.070796602 0.044929397
images/origin_image/019af9b1cf4577e0b7e30d80fd9ea247.jpeg 0 0 0.461687366 0.501542994 0.389264914 0.652279890
images/origin_image/019af9b1cf4577e0b7e30d80fd9ea247.jpeg 1 0 0.438766832 0.737180492 0.065475671 0.051118355
images/origin_image/019af9b2b4307818b986947ddda590e6.jpeg 0 0 0.603272930 0.552304467 0.535872779 0.720834847
images/origin_image/019af9b2b4307818b986947ddda590e6.jpeg 1 0 0.511860171 0.775305672 0.073461467 0.068362824
images/origin_image/019af9bf73217b5b85997bfcd1ca4310.jpeg 0 0 0.568740755 0.658284025 0.350314350 0.621301773
images/origin_image/019af9bf73217b5b85997bfcd1ca4310.jpeg 1 0 0.576229660 0.773668639 0.055750740 0.050295858
images/origin_image/019af9d6a6e07752a5cf37ff177f37fc.jpeg 0 0 0.692723743 0.602810650 0.418546597 0.782544377
images/origin_image/019af9d6a6e07752a5cf37ff177f37fc.jpeg 1 0 0.715912961 0.760265300 0.063612708 0.055918672
images/origin_image/019af9da3f6e7b2a97cbbd9340ae66a5.jpeg 0 0 0.338664942 0.576923077 0.560835796 0.615384621
images/origin_image/019af9da3f6e7b2a97cbbd9340ae66a5.jpeg 1 0 0.184250027 0.694830015 0.058247041 0.057559663
images/origin_image/019af9e3b68e7e5ea61cf10226a2ef62.jpeg 0 0 0.422291054 0.496301778 0.606601307 0.909763317
images/origin_image/019af9e3b68e7e5ea61cf10226a2ef62.jpeg 1 0 0.322022929 0.706360947 0.068232249 0.066568047
images/origin_image/019af9e80ec07cfa9374720d21fd4559.jpeg 0 0 0.659855769 0.588757395 0.352810651 0.636094678
images/origin_image/019af9e80ec07cfa9374720d21fd4559.jpeg 1 0 0.659645374 0.676718390 0.057658344 0.048353807
images/origin_image/019af9eae442725ca8dd7ce2fc6353a2.jpeg 0 0 0.639053255 0.508875739 0.404400886 0.689349115
images/origin_image/019af9eae442725ca8dd7ce2fc6353a2.jpeg 1 0 0.650295705 0.658912584 0.066415160 0.058034617
images/origin_image/019af9f03dff7cb8ae8c9dd9d917b706.jpeg 0 0 0.364044015 0.522928992 0.653198960 0.767751475
images/origin_image/019af9f03dff7cb8ae8c9dd9d917b706.jpeg 1 0 0.195791419 0.511696356 0.066577609 0.066412415
images/origin_image/019af9fe5cf371839f6c651a0b684755.jpeg 0 0 0.555519893 0.528883185 0.853016666 0.942233631
images/origin_image/019af9fe5cf371839f6c651a0b684755.jpeg 1 0 0.467426188 0.874197689 0.122272143 0.079589217
images/origin_image/019afa070e81753eba521442be5a16e3.jpeg 0 0 0.578725955 0.634615386 0.456823213 0.730769228
images/origin_image/019afa070e81753eba521442be5a16e3.jpeg 1 0 0.585347790 0.857857281 0.074889053 0.059171598
images/origin_image/019afa0b2d1a75768b27536f4d5033c8.jpeg 0 0 0.414802140 0.530325444 0.628235932 0.939349112
images/origin_image/019afa0b2d1a75768b27536f4d5033c8.jpeg 1 0 0.384846524 0.905325444 0.092363166 0.079881657
images/origin_image/019afa12dbcc75ceb14e2793bf3256e7.jpeg 0 0 0.601913477 0.649759174 0.323627287 0.510727732
images/origin_image/019afa12dbcc75ceb14e2793bf3256e7.jpeg 1 0 0.619517142 0.827950405 0.047682370 0.039298024
images/origin_image/019afa1e48d17615b42476725d7ab3e9.jpeg 0 0 0.388145354 0.561390530 0.520358636 0.741124268
images/origin_image/019afa1e48d17615b42476725d7ab3e9.jpeg 1 0 0.318427284 0.714122073 0.066568047 0.066568047
images/origin_image/019afa20b70c769ea64265198853453e.jpeg 0 0 0.740384624 0.654585801 0.519230752 0.616863907
images/origin_image/019afa20b70c769ea64265198853453e.jpeg 1 0 0.663100770 0.782908906 0.070125968 0.050568898
images/origin_image/019afa26341d7447a687190eaa9132d1.jpeg 0 0 0.520478916 0.636834323 0.478457826 0.575443793
images/origin_image/019afa26341d7447a687190eaa9132d1.jpeg 1 0 0.455159024 0.814349112 0.064903846 0.060650888
images/origin_image/019afa32da4475abab2c85276806d124.jpeg 0 0 0.489691200 0.530325446 0.480122039 0.797337278
images/origin_image/019afa32da4475abab2c85276806d124.jpeg 1 0 0.477164370 0.555800021 0.075743790 0.066568047
images/origin_image/019afa35a635759cbff5a57b205f3e2e.jpeg 0 0 0.430359435 0.513478819 0.489088575 0.621309375
images/origin_image/019afa35a635759cbff5a57b205f3e2e.jpeg 1 0 0.423819836 0.641901261 0.077984596 0.051146595
images/origin_image/019afa36e3f6765aa3585572fbdcc866.jpeg 0 0 0.162229617 0.423478414 0.302828619 0.455398898
images/origin_image/019afa36e3f6765aa3585572fbdcc866.jpeg 1 0 0.142310606 0.477169188 0.046684440 0.038304580
images/origin_image/019afa3c6566718e9ae1774de9b5337e.jpeg 0 0 0.624815092 0.467406307 0.750369817 0.934812611
images/origin_image/019afa3c6566718e9ae1774de9b5337e.jpeg 1 0 0.510077663 0.716715977 0.081545858 0.072485208
images/origin_image/019afa4252857583ace4536e11c8bec8.jpeg 0 0 0.401488537 0.442307692 0.749722630 0.881656805
images/origin_image/019afa4252857583ace4536e11c8bec8.jpeg 1 0 0.268352441 0.502218935 0.092363166 0.078402367
images/origin_image/019afa4e4ef47c3ca2f7fd22e0a33bc2.jpeg 0 0 0.272878536 0.667897746 0.281198003 0.499986977
images/origin_image/019afa4e4ef47c3ca2f7fd22e0a33bc2.jpeg 1 0 0.277865151 0.869322608 0.046589018 0.039888282
images/origin_image/019afa56b2df74c28320eeb2c5d89c0a.jpeg 0 0 0.448652120 0.568677792 0.514120664 0.700898588
images/origin_image/019afa56b2df74c28320eeb2c5d89c0a.jpeg 1 0 0.434466951 0.842051601 0.086239769 0.052399512
images/origin_image/019afa641c2775c9aa2fd7fc21675949.jpeg 0 0 0.263775891 0.627218934 0.406065083 0.718934911
images/origin_image/019afa641c2775c9aa2fd7fc21675949.jpeg 1 0 0.283330251 0.897928994 0.049093934 0.047337277
images/origin_image/019afa7ac15779ab9ee825464b34f0a1.jpeg 0 0 0.400994867 0.265725289 0.638318354 0.410783055
images/origin_image/019afa7ac15779ab9ee825464b34f0a1.jpeg 1 0 0.219731774 0.304948056 0.063543004 0.048828473
images/origin_image/019afa8f9fe87fafad15f9a659a855f0.jpeg 0 0 0.224807447 0.428754814 0.382220794 0.428754814
images/origin_image/019afa8f9fe87fafad15f9a659a855f0.jpeg 1 0 0.175706033 0.447368421 0.049101412 0.032092426
images/origin_image/019afa91dfa9792b9e6d0802e3003672.jpeg 0 0 0.351497506 0.530589367 0.574875205 0.720693585
images/origin_image/019afa91dfa9792b9e6d0802e3003672.jpeg 1 0 0.227072107 0.662138975 0.065256860 0.061003591
images/origin_image/019afaa1503477c194ae8978018ced92.jpeg 0 0 0.296643861 0.266272189 0.593287722 0.532544379
images/origin_image/019afaa1503477c194ae8978018ced92.jpeg 1 0 0.094454872 0.407688718 0.082377959 0.079881657
images/origin_image/019afaa287c17f2b822e9e2e2e041c37.jpeg 0 0 0.274542438 0.341194505 0.452579037 0.682389010
images/origin_image/019afaa287c17f2b822e9e2e2e041c37.jpeg 1 0 0.222961730 0.599522955 0.054908486 0.041396378
images/origin_image/019afaaab3697f66a2b1fcc77750cbe2.jpeg 0 0 0.377888318 0.252246469 0.592105263 0.365853657
images/origin_image/019afaaab3697f66a2b1fcc77750cbe2.jpeg 1 0 0.219880829 0.280274389 0.058551810 0.042427274
images/origin_image/019afab97861749992c1aaf7a5cf1c33.jpeg 0 0 0.570404948 0.690828405 0.506749246 0.600591713
images/origin_image/019afab97861749992c1aaf7a5cf1c33.jpeg 1 0 0.519600417 0.756720507 0.070741934 0.051244995
images/origin_image/019afabf7cbd7ecfa6597e9a14c0afa0.jpeg 0 0 0.294509157 0.657561956 0.529118135 0.600105082
images/origin_image/019afabf7cbd7ecfa6597e9a14c0afa0.jpeg 1 0 0.158213928 0.814472084 0.056932648 0.050890116
images/origin_image/019afaca824b70998e69066476898b4d.jpeg 0 0 0.636855244 0.668202121 0.478369378 0.553288381
images/origin_image/019afaca824b70998e69066476898b4d.jpeg 1 0 0.518577935 0.732887038 0.047784937 0.045398021
images/origin_image/019afad01b4878ceac91583bc5acaf15.jpeg 0 0 0.648622394 0.457100568 0.371948930 0.571005872
images/origin_image/019afad01b4878ceac91583bc5acaf15.jpeg 1 0 0.670486696 0.593503869 0.056777834 0.054733728
images/origin_image/019afb125fab782bbebf1c7fda1a004e.jpeg 0 0 0.834442595 0.245433050 0.324459236 0.411419564
images/origin_image/019afb125fab782bbebf1c7fda1a004e.jpeg 1 0 0.803743923 0.198534621 0.053324020 0.053726126
images/origin_image/019afb1a5aba790897c03c876c9ba770.jpeg 0 0 0.356139054 0.532705637 0.359467455 0.570683425
images/origin_image/019afb1a5aba790897c03c876c9ba770.jpeg 1 0 0.361963757 0.678412181 0.064903846 0.058007794
images/origin_image/019afb274dbc7c2e870a64243002cb2a.jpeg 0 0 0.294336416 0.693914099 0.460066561 0.470351722
images/origin_image/019afb274dbc7c2e870a64243002cb2a.jpeg 1 0 0.218896208 0.835214496 0.058231862 0.049444963
images/origin_image/019afb311d187c648230315ecd427607.jpeg 0 0 0.323927102 0.702380952 0.426317852 0.550793651
images/origin_image/019afb311d187c648230315ecd427607.jpeg 1 0 0.284571163 0.868520620 0.063296100 0.055555556
images/origin_image/019afb36e2577b9f9cd624657d40887b.jpeg 0 0 0.278899721 0.307799443 0.557799443 0.518105850
images/origin_image/019afb36e2577b9f9cd624657d40887b.jpeg 1 0 0.169431625 0.299074541 0.077110921 0.053174297
images/origin_image/019afb4c85cf72ef83e16e2e27d96cbe.jpeg 0 0 0.563281000 0.646759000 0.496354000 0.702778000
images/origin_image/019afb4c85cf72ef83e16e2e27d96cbe.jpeg 1 0 0.541194911 0.893112504 0.078646000 0.067593000
images/origin_image/019afb4de2d276e3adcf3f843d6982c7.jpeg 1 0 0.382777142 0.853872709 0.092058518 0.076160643
images/origin_image/019afb5738237a54a3f2f93784ed4b01.jpeg 0 0 0.238425500 0.635526500 0.451389000 0.592105000
images/origin_image/019afb5738237a54a3f2f93784ed4b01.jpeg 1 0 0.188138371 0.785327994 0.057913950 0.049479005
images/origin_image/019afb59403974a19eec05577d6978cd.jpeg 0 0 0.458072500 0.641666500 0.511979000 0.612963000
images/origin_image/019afb59403974a19eec05577d6978cd.jpeg 1 0 0.467925552 0.814327085 0.080729000 0.061111000
images/origin_image/019afb731bed760a87e377c161437cc5.jpeg 0 0 0.304687500 0.700925500 0.415625000 0.585185000
images/origin_image/019afb731bed760a87e377c161437cc5.jpeg 1 0 0.296451411 0.917060217 0.066667000 0.058249133
images/origin_image/019afb8059507bb5bb743c600dd6345e.jpeg 0 0 0.603351135 0.550000000 0.483433334 0.696296000
images/origin_image/019afb8059507bb5bb743c600dd6345e.jpeg 1 0 0.570573500 0.680555000 0.081771000 0.072222000
images/origin_image/019afb9a40247c4a9e6203eb61f03c2b.jpeg 0 0 0.351415187 0.310167593 0.582460375 0.566712204
images/origin_image/019afb9a40247c4a9e6203eb61f03c2b.jpeg 1 0 0.197068855 0.359608768 0.055945050 0.051058332
images/origin_image/019afba5f99878d9b7c3fe6765820f65.jpeg 0 0 0.635090354 0.621887858 0.327521816 0.634002285
images/origin_image/019afba5f99878d9b7c3fe6765820f65.jpeg 1 0 0.643490000 0.831482000 0.060938000 0.051852000
images/origin_image/019afbc932b170c9bfa0e4e97fc4d128.jpeg 0 0 0.394942293 0.521958746 0.585408585 0.605520239
images/origin_image/019afbc932b170c9bfa0e4e97fc4d128.jpeg 1 0 0.293793549 0.543592364 0.074290498 0.055417008
images/origin_image/019afbd1652075a789b94211128ca7a7.jpeg 0 0 0.638463577 0.482240328 0.404322846 0.474407344
images/origin_image/019afbd1652075a789b94211128ca7a7.jpeg 1 0 0.618489000 0.562036500 0.070312000 0.061111000
images/origin_image/019afbe06bb4784ca201111c0d4b211d.jpeg 0 0 0.453459349 0.620674080 0.305975019 0.379705841
images/origin_image/019afbe06bb4784ca201111c0d4b211d.jpeg 1 0 0.444941000 0.673684000 0.060268000 0.050000000
images/origin_image/019afc05abc67f46bbe3cbfc322c5457.jpeg 0 0 0.381641733 0.624175361 0.517159975 0.749797277
images/origin_image/019afc05abc67f46bbe3cbfc322c5457.jpeg 1 0 0.364323000 0.926852000 0.095312000 0.079630000
images/origin_image/019afc8905807e86a3fc3d36ea4cf897.jpeg 0 0 0.440241960 0.743764397 0.459375000 0.499509205
images/origin_image/019afc8905807e86a3fc3d36ea4cf897.jpeg 1 0 0.435461597 0.893559618 0.075521000 0.068519000
images/origin_image/019afd5935bf721786b5dfd666e4eb17.jpeg 0 0 0.259300102 0.706944500 0.515474204 0.565741000
images/origin_image/019afd5935bf721786b5dfd666e4eb17.jpeg 1 0 0.239062500 0.901388500 0.097917000 0.086111000
images/origin_image/019afd79149079fd9712fa06cdc60d71.jpeg 0 0 0.457471859 0.539905696 0.480942039 0.838610609
images/origin_image/019afd79149079fd9712fa06cdc60d71.jpeg 1 0 0.448892608 0.834245389 0.073688000 0.055547263
images/origin_image/019afd9d2f927c779082fbd02a7d2229.jpeg 0 0 0.444073062 0.254629500 0.483176036 0.509259000
images/origin_image/019afd9d2f927c779082fbd02a7d2229.jpeg 1 0 0.411458500 0.375463000 0.066667000 0.054630000
images/origin_image/019afda868bb707ab541de969ab91475.jpeg 0 0 0.301325574 0.650559327 0.591077149 0.465343347
images/origin_image/019afda868bb707ab541de969ab91475.jpeg 1 0 0.231096000 0.660237000 0.077932000 0.056070000
images/origin_image/019afdb597b47cab90bb0b32bcbaf84e.jpeg 0 0 0.571502893 0.650595071 0.488244214 0.646957857
images/origin_image/019afdb597b47cab90bb0b32bcbaf84e.jpeg 1 0 0.560844661 0.759722000 0.079352679 0.075000000
images/origin_image/019afde3fd457151b23780dbf352ecf3.jpeg 0 0 0.441164768 0.626389500 0.398325893 0.741667000
images/origin_image/019afde3fd457151b23780dbf352ecf3.jpeg 1 0 0.437760500 0.819907500 0.076563000 0.063889000
images/origin_image/019afe036cfe7549a14c112ea8b1c0b0.jpeg 0 0 0.445203518 0.560470460 0.591270125 0.755249557
images/origin_image/019afe036cfe7549a14c112ea8b1c0b0.jpeg 1 0 0.336782384 0.670879792 0.073495514 0.064876288
images/origin_image/019afe0961ee72fc82cbc2496c7a99a2.jpeg 0 0 0.776476252 0.738125802 0.368741977 0.439024389
images/origin_image/019afe0961ee72fc82cbc2496c7a99a2.jpeg 1 0 0.805808998 0.871508615 0.061006577 0.038165593
images/origin_image/019afe2af9967292b1852ef822a09ba7.jpeg 0 0 0.480217939 0.661103977 0.424031387 0.544287546
images/origin_image/019afe2af9967292b1852ef822a09ba7.jpeg 1 0 0.440872512 0.792823266 0.065468549 0.044418542
images/origin_image/019afe3405bf7886840f70e809a59a0d.jpeg 0 0 0.423138646 0.539794608 0.786585353 0.758664957
images/origin_image/019afe3405bf7886840f70e809a59a0d.jpeg 1 0 0.256353625 0.542955375 0.089537869 0.064184852
images/origin_image/019afe36f03c7d81910651883973b87e.jpeg 0 0 0.670673078 0.491863907 0.650702660 0.963017749
images/origin_image/019afe36f03c7d81910651883973b87e.jpeg 1 0 0.735576923 0.483727811 0.094859467 0.079881656
images/origin_image/019afe3ee9e17fa09ab6bfd81fec18fc.jpeg 0 0 0.666512573 0.650887575 0.352810652 0.615384612
images/origin_image/019afe3ee9e17fa09ab6bfd81fec18fc.jpeg 1 0 0.680865778 0.733431575 0.054503652 0.050888330
images/origin_image/019afe479607793aacb448a7ca7cc956.jpeg 0 0 0.504669007 0.664940830 0.520062867 0.658284022
images/origin_image/019afe479607793aacb448a7ca7cc956.jpeg 1 0 0.540033284 0.794378698 0.078217456 0.062130178
images/origin_image/019afe53228d7b96842460faab990807.jpeg 0 0 0.534941764 0.585918205 0.427620631 0.751904723
images/origin_image/019afe53228d7b96842460faab990807.jpeg 1 0 0.507670465 0.772304903 0.061018592 0.053862604
images/origin_image/019afe5f90637fe68cb123112917beaf.jpeg 0 0 0.569156805 0.588861585 0.322855030 0.588965774
images/origin_image/019afe5f90637fe68cb123112917beaf.jpeg 1 0 0.573865154 0.622865900 0.052158744 0.047167609
images/origin_image/019afe755c767ba6af3331bd4a2c122e.jpeg 0 0 0.423044930 0.552241808 0.576539096 0.816420134
images/origin_image/019afe755c767ba6af3331bd4a2c122e.jpeg 1 0 0.301177408 0.830581838 0.056085751 0.046950136
images/origin_image/019afe7b6c667643a2fe3d8050f195df.jpeg 0 0 0.426317852 0.567460317 0.465412502 0.706349206
images/origin_image/019afe7b6c667643a2fe3d8050f195df.jpeg 1 0 0.365814227 0.734126984 0.070742700 0.052380952
images/origin_image/019afe8127497f2bb146ff7d57095171.jpeg 0 0 0.462620027 0.580952381 0.592004703 0.780952381
images/origin_image/019afe8127497f2bb146ff7d57095171.jpeg 1 0 0.347197727 0.693650794 0.074466000 0.066666667
images/origin_image/019afe866e8a7827b65a102e77bcbb39.jpeg 0 0 0.720923966 0.638095238 0.401185577 0.606349206
images/origin_image/019afe866e8a7827b65a102e77bcbb39.jpeg 1 0 0.688847546 0.746016098 0.061668636 0.052070779
images/origin_image/019afe925e7a7f0ab8b6b66b2ce14204.jpeg 0 0 0.384651163 0.439069767 0.419534884 0.874832041
images/origin_image/019afe925e7a7f0ab8b6b66b2ce14204.jpeg 1 0 0.362881335 0.791273254 0.063307603 0.053223550
images/origin_image/019afe93023e709596c43131bf3220d7.jpeg 0 0 0.591747911 0.574512535 0.500348189 0.669916435
images/origin_image/019afe93023e709596c43131bf3220d7.jpeg 1 0 0.565442811 0.742527161 0.074546133 0.050264161
images/origin_image/019afe9aba317c0ba012fcb257d4684a.jpeg 0 0 0.373488372 0.420051680 0.704186047 0.833488372
images/origin_image/019afe9aba317c0ba012fcb257d4684a.jpeg 1 0 0.318062349 0.673024951 0.090232558 0.084341085
images/origin_image/019afe9eda917b99b17ef86b5d8cf98f.jpeg 0 0 0.253488372 0.554832041 0.486511628 0.689612403
images/origin_image/019afe9eda917b99b17ef86b5d8cf98f.jpeg 1 0 0.210330316 0.604374771 0.070696328 0.064496124
images/origin_image/019afea0305574ac89eb0cd8475e4b67.jpeg 0 0 0.501860465 0.598656331 0.791627907 0.780568475
images/origin_image/019afea0305574ac89eb0cd8475e4b67.jpeg 1 0 0.268125990 0.638147331 0.076445338 0.076072351
images/origin_image/019afeab958878d2a58a7be48e6f1ade.jpeg 0 0 0.175295186 0.249361824 0.323342416 0.381012477
images/origin_image/019afeab958878d2a58a7be48e6f1ade.jpeg 1 0 0.124220104 0.276845824 0.041642190 0.036520657
images/origin_image/019afeac9d187a6782d44c5008284271.jpeg 0 0 0.575676494 0.563004847 0.602483845 0.660743134
images/origin_image/019afeac9d187a6782d44c5008284271.jpeg 1 0 0.728796446 0.756865913 0.061793215 0.063004847
images/origin_image/019afeadf94d748f916450c2484a412e.jpeg 0 0 0.731976979 0.599353796 0.518881260 0.720516963
images/origin_image/019afeadf94d748f916450c2484a412e.jpeg 1 0 0.688471539 0.637277558 0.075197471 0.069548277
images/origin_image/019afeb50baa7b92b1da9e323d59e061.jpeg 0 0 0.233705309 0.736774501 0.464002644 0.476267516
images/origin_image/019afeb50baa7b92b1da9e323d59e061.jpeg 1 0 0.127820107 0.786078113 0.043028551 0.041180752
images/origin_image/019afeb8f3877afebe16eded762bf1c3.jpeg 0 0 0.529064487 0.566097806 0.578564941 0.689229887
images/origin_image/019afeb8f3877afebe16eded762bf1c3.jpeg 1 0 0.386081595 0.652109631 0.060746189 0.057549022
images/origin_image/019afebe15bc76388ed57642e8f322a7.jpeg 0 0 0.692810123 0.246727253 0.247531173 0.430616577
images/origin_image/019afebe15bc76388ed57642e8f322a7.jpeg 1 0 0.705139865 0.400415343 0.037816711 0.031736590
images/origin_image/019afec320857c43aa9988c0884ae1be.jpeg 0 0 0.297607027 0.618739903 0.342588853 0.588045234
images/origin_image/019afec320857c43aa9988c0884ae1be.jpeg 1 0 0.274434572 0.662358643 0.054523425 0.045234249
images/origin_image/019afec89f587b77b768a907f1a4fd3c.jpeg 0 0 0.478443053 0.680129241 0.413469305 0.630048465
images/origin_image/019afec89f587b77b768a907f1a4fd3c.jpeg 1 0 0.502978595 0.828756058 0.064519386 0.058158320
images/origin_image/019afecbdf64703ba7a601a76fd0f6e1.jpeg 0 0 0.478412256 0.658774373 0.382311978 0.637883008
images/origin_image/019afecbdf64703ba7a601a76fd0f6e1.jpeg 1 0 0.494813550 0.909911402 0.055362117 0.030706638
images/origin_image/019afecdb9d170f5881370d99953b274.jpeg 0 0 0.134491115 0.457189015 0.268982229 0.597738288
images/origin_image/019afecdb9d170f5881370d99953b274.jpeg 1 0 0.064179207 0.617151437 0.055432149 0.051696284
images/origin_image/019afecfdecd7914b929235fa0e2fa05.jpeg 0 0 0.587035541 0.500000000 0.565226171 0.996768982
images/origin_image/019afecfdecd7914b929235fa0e2fa05.jpeg 1 0 0.564367761 0.864165490 0.079967690 0.067851373
images/origin_image/019afed17d2077748134e29978ce24b4.jpeg 0 0 0.294381107 0.697068404 0.380293162 0.554469779
images/origin_image/019afed17d2077748134e29978ce24b4.jpeg 1 0 0.279792236 0.736879322 0.056188925 0.049221860
images/origin_image/019afed3bacc77d1a404f03f8437dd32.jpeg 0 0 0.227066303 0.315961566 0.350590372 0.545188585
images/origin_image/019afed3bacc77d1a404f03f8437dd32.jpeg 1 0 0.172570391 0.452258712 0.049046322 0.040269611
images/origin_image/019afed660567c22b32b40722f7a13d9.jpeg 0 0 0.750605816 0.603392569 0.372576737 0.647819063
images/origin_image/019afed660567c22b32b40722f7a13d9.jpeg 1 0 0.782411147 0.787560582 0.058158320 0.050080775
images/origin_image/019afeda89177bb8917eea5c8d1a1383.jpeg 0 0 0.680179725 0.653473344 0.446183360 0.663974152
images/origin_image/019afeda89177bb8917eea5c8d1a1383.jpeg 1 0 0.627592434 0.673669219 0.059975767 0.050860791
images/origin_image/019afedd77fa747cb5bc3603317065b3.jpeg 0 0 0.517915312 0.439377488 0.788273611 0.872964168
images/origin_image/019afedd77fa747cb5bc3603317065b3.jpeg 1 0 0.431985314 0.428904531 0.109958025 0.098443721
images/origin_image/019afede9e107d0e89c2667793a2dbf9.jpeg 0 0 0.284086174 0.759319580 0.297814039 0.467607674
images/origin_image/019afede9e107d0e89c2667793a2dbf9.jpeg 1 0 0.264657980 0.828809265 0.048859935 0.041983351
images/origin_image/019afee27ff67cd2a9f3001a3fb0d46c.jpeg 0 0 0.214169381 0.592833877 0.389250814 0.684762934
images/origin_image/019afee27ff67cd2a9f3001a3fb0d46c.jpeg 1 0 0.198386756 0.827058594 0.067589577 0.054792874
images/origin_image/019afee3ca7572b3a5e7e8828ab1839d.jpeg 0 0 0.315692570 0.469444447 0.307225327 0.461111120
images/origin_image/019afee3ca7572b3a5e7e8828ab1839d.jpeg 1 0 0.282747231 0.572222222 0.048617335 0.036111111
images/origin_image/019afef1fd5774528f868d5387e2b23c.jpeg 0 0 0.270358307 0.731502301 0.296416936 0.504626034
images/origin_image/019afef1fd5774528f868d5387e2b23c.jpeg 1 0 0.254259504 0.759346638 0.048423369 0.041929236
images/origin_image/019afef2c7d0775dba750ef9119a5314.jpeg 0 0 0.684039089 0.500904813 0.438110748 0.810712996
images/origin_image/019afef2c7d0775dba750ef9119a5314.jpeg 1 0 0.703287350 0.664402008 0.070032573 0.060803474
images/origin_image/019afef4b883743e9becc0ff50dcd3fa.jpeg 0 0 0.783929184 0.626836493 0.375471537 0.653672992
images/origin_image/019afef4b883743e9becc0ff50dcd3fa.jpeg 1 0 0.805415995 0.794996995 0.059746356 0.044131362
images/origin_image/019afef9dc457633aecc9079c2a74613.jpeg 0 0 0.625921639 0.657638888 0.347779494 0.570833332
images/origin_image/019afef9dc457633aecc9079c2a74613.jpeg 1 0 0.629419164 0.739307453 0.053061583 0.044378017
images/origin_image/019afefadf747b69b4695abaff557263.jpeg 0 0 0.743205591 0.678771724 0.375471534 0.618654560
images/origin_image/019afefadf747b69b4695abaff557263.jpeg 1 0 0.774562757 0.835287387 0.061899863 0.048869670
images/origin_image/019afefc1a187c328d3f44f1310ecd16.jpeg 0 0 0.771960824 0.637318255 0.326231826 0.470113086
images/origin_image/019afefc1a187c328d3f44f1310ecd16.jpeg 1 0 0.783319871 0.780881258 0.052217078 0.046415181
images/origin_image/019afefd2afe78eca6605a3c576c605f.jpeg 0 0 0.492982633 0.669628433 0.337136511 0.489499192
images/origin_image/019afefd2afe78eca6605a3c576c605f.jpeg 1 0 0.508471679 0.736672052 0.051715770 0.045234249
images/origin_image/019aff009e517a0bb98394a09d397226.jpeg 0 0 0.305455788 0.643780291 0.285090039 0.476575121
images/origin_image/019aff009e517a0bb98394a09d397226.jpeg 1 0 0.293063409 0.722795367 0.042710016 0.036866986
images/origin_image/019aff00bc707edd90fb6d14e965edc2.jpeg 0 0 0.821525886 0.544414169 0.335149864 0.487881830
images/origin_image/019aff00bc707edd90fb6d14e965edc2.jpeg 1 0 0.836512262 0.633007710 0.056312443 0.042438767
images/origin_image/019aff016ee97e47ae04a42d7609bfd6.jpeg 0 0 0.820163488 0.478588843 0.359673025 0.734145992
images/origin_image/019aff016ee97e47ae04a42d7609bfd6.jpeg 1 0 0.874928305 0.706393393 0.059034313 0.051111430
images/origin_image/019aff02a0c6768aafac7e3af601ac1f.jpeg 0 0 0.454816236 0.530694669 0.557047658 0.922455574
images/origin_image/019aff02a0c6768aafac7e3af601ac1f.jpeg 1 0 0.457495221 0.564420103 0.087309752 0.077302572
images/origin_image/019aff0319097e03bd1dd8f16fa3e625.jpeg 0 0 0.477988691 0.619547658 0.548869144 0.670436187
images/origin_image/019aff0319097e03bd1dd8f16fa3e625.jpeg 1 0 0.382112329 0.664840849 0.068508640 0.063109003
images/origin_image/019aff033f3e7e198ca41eb3abc47d8e.jpeg 0 0 0.555437748 0.738504035 0.277222308 0.437325690
images/origin_image/019aff033f3e7e198ca41eb3abc47d8e.jpeg 1 0 0.564357448 0.783880107 0.042918960 0.037264973
images/origin_image/019aff045625734db2bc0653a52a4831.jpeg 0 0 0.296094460 0.591882977 0.474114441 0.615172809
images/origin_image/019aff045625734db2bc0653a52a4831.jpeg 1 0 0.195731153 0.622400688 0.055404178 0.053004446
images/origin_image/019aff05b64d72d5a2e3403d44d134b0.jpeg 0 0 0.663300836 0.582869081 0.513927577 0.747910864
images/origin_image/019aff05b64d72d5a2e3403d44d134b0.jpeg 1 0 0.664729875 0.830453960 0.072388941 0.049563943
images/origin_image/019aff0741447dc8b77e2c25ec5aabd7.jpeg 0 0 0.413260672 0.593202352 0.448683015 0.709364692
images/origin_image/019aff0741447dc8b77e2c25ec5aabd7.jpeg 1 0 0.378292461 0.882059372 0.069936421 0.060404417
images/origin_image/019aff08508f78408b076ed5c25596f5.jpeg 0 0 0.807901907 0.538993260 0.347865577 0.548286247
images/origin_image/019aff08508f78408b076ed5c25596f5.jpeg 1 0 0.827677036 0.669869497 0.053512407 0.044916105
images/origin_image/019aff0af2ce785d914bbb144089bcbc.jpeg 0 0 0.805177112 0.556030403 0.336966394 0.566872221
images/origin_image/019aff0af2ce785d914bbb144089bcbc.jpeg 1 0 0.823633797 0.684769186 0.052679382 0.044143669
images/origin_image/019aff111d447d0ba64c8400079db347.jpeg 0 0 0.410743134 0.486268174 0.683360258 0.726978998
images/origin_image/019aff111d447d0ba64c8400079db347.jpeg 1 0 0.257918197 0.479114645 0.077241519 0.072697900
images/origin_image/019aff12d7f47f238dabde11fcefd4e7.jpeg 0 0 0.231270194 0.449919225 0.462540388 0.747980614
images/origin_image/019aff12d7f47f238dabde11fcefd4e7.jpeg 1 0 0.097233441 0.455573506 0.096324717 0.074313409
images/origin_image/019aff1af1d87a75b1c7420444f443ad.jpeg 0 0 0.631563005 0.575121163 0.488893376 0.849757674
images/origin_image/019aff1af1d87a75b1c7420444f443ad.jpeg 1 0 0.655644184 0.781098546 0.080876414 0.072697900
images/origin_image/019aff1c62707b98838a8ac2542ad729.jpeg 0 0 0.562954362 0.695476575 0.364398223 0.596122779
images/origin_image/019aff1c62707b98838a8ac2542ad729.jpeg 1 0 0.603005722 0.833602585 0.053479670 0.042003231
images/origin_image/019aff228b5877c6ab64535bcc3e1284.jpeg 0 0 0.711985057 0.683360258 0.344406300 0.504038772
images/origin_image/019aff228b5877c6ab64535bcc3e1284.jpeg 1 0 0.722889742 0.848142165 0.051797254 0.048465267
images/origin_image/019aff2477737c1c920c8dbe1d2edac6.jpeg 0 0 0.432552504 0.632471729 0.399838449 0.554119548
images/origin_image/019aff2477737c1c920c8dbe1d2edac6.jpeg 1 0 0.361672052 0.735056543 0.054523425 0.051696284
images/origin_image/019aff26e4277aa3bb37dd403e546306.jpeg 0 0 0.433495822 0.564763231 0.785515320 0.770194986
images/origin_image/019aff26e4277aa3bb37dd403e546306.jpeg 1 0 0.268780704 0.574169701 0.092702445 0.063966796
images/origin_image/019aff29fdf77b4da6a07a087ec4bdaa.jpeg 0 0 0.782924614 0.484009752 0.434150772 0.958726517
images/origin_image/019aff29fdf77b4da6a07a087ec4bdaa.jpeg 1 0 0.689576080 0.832191781 0.053682854 0.044520548
images/origin_image/019aff2a905174f29fe4d261ae049e3a.jpeg 0 0 0.635197900 0.500000000 0.694264943 1.000000000
images/origin_image/019aff2a905174f29fe4d261ae049e3a.jpeg 1 0 0.667598888 0.620844493 0.099125335 0.090468498
images/origin_image/019aff2bd08f7e428510f6136c703462.jpeg 0 0 0.314259764 0.763685021 0.294277929 0.390527937
images/origin_image/019aff2bd08f7e428510f6136c703462.jpeg 1 0 0.288784454 0.798709841 0.042688465 0.038720780
images/origin_image/019aff2d1b367a679973d1236b52f1d0.jpeg 0 0 0.520151391 0.498363339 0.813829787 0.993453355
images/origin_image/019aff2d1b367a679973d1236b52f1d0.jpeg 1 0 0.435248007 0.585943054 0.105871522 0.101129780
images/origin_image/019aff2d5e8c7c508dd58b6dee361b06.jpeg 0 0 0.468136252 0.572831424 0.610372340 0.785597381
images/origin_image/019aff2d5e8c7c508dd58b6dee361b06.jpeg 1 0 0.426708265 0.745499182 0.092982815 0.073649755
images/origin_image/019aff2dfa6f7a309c693d860b69ba86.jpeg 0 0 0.218837047 0.615598886 0.362465181 0.448467967
images/origin_image/019aff2dfa6f7a309c693d860b69ba86.jpeg 1 0 0.171860990 0.721869284 0.051183844 0.032181765
images/origin_image/019aff2feb9a743baed664afaab35d89.jpeg 0 0 0.646736907 0.500000000 0.553293781 1.000000000
images/origin_image/019aff2feb9a743baed664afaab35d89.jpeg 1 0 0.629551366 0.823570645 0.080094108 0.062193126
images/origin_image/019aff30c14a76a9b0edd7b42c49f1ae.jpeg 0 0 0.665149345 0.537643208 0.347074468 0.577741408
images/origin_image/019aff30c14a76a9b0edd7b42c49f1ae.jpeg 1 0 0.682556897 0.636138035 0.053396072 0.045826514
images/origin_image/019aff33f3c279068f24894b60837eeb.jpeg 0 0 0.718525302 0.656200942 0.383888598 0.621664050
images/origin_image/019aff33f3c279068f24894b60837eeb.jpeg 1 0 0.700860471 0.705466808 0.056544018 0.050917721
images/origin_image/019aff355dda713cb6ff7d93b4ac87a3.jpeg 0 0 0.364566285 0.620294599 0.430851064 0.677577741
images/origin_image/019aff355dda713cb6ff7d93b4ac87a3.jpeg 1 0 0.300650626 0.792701071 0.062207453 0.056925697
images/origin_image/019aff3a99227a91b6c410eb940bad12.jpeg 0 0 0.414740180 0.593289689 0.728211948 0.692307692
images/origin_image/019aff3a99227a91b6c410eb940bad12.jpeg 1 0 0.213630236 0.780025125 0.070887889 0.068392464
images/origin_image/019aff3d66697faa868edcda8ec41fb8.jpeg 0 0 0.278940636 0.626373626 0.316685079 0.436420722
images/origin_image/019aff3d66697faa868edcda8ec41fb8.jpeg 1 0 0.265524516 0.652570550 0.050453934 0.045206005
images/origin_image/019aff3d6d23734fa061bcbddd410bbb.jpeg 0 0 0.400010229 0.501636661 0.724529460 0.996726678
images/origin_image/019aff3d6d23734fa061bcbddd410bbb.jpeg 1 0 0.353058511 0.828968903 0.098506547 0.086743044
images/origin_image/019aff3dc62e75ca852a822faf25a23e.jpeg 0 0 0.656403437 0.235679214 0.491612111 0.471358429
images/origin_image/019aff3dc62e75ca852a822faf25a23e.jpeg 1 0 0.767839962 0.345781594 0.042734940 0.040069824
images/origin_image/019aff3f7e007373905759b0dc8f9f14.jpeg 0 0 0.381466897 0.441080196 0.709537723 0.842880524
images/origin_image/019aff3f7e007373905759b0dc8f9f14.jpeg 1 0 0.217063328 0.437140506 0.075579834 0.063965369
images/origin_image/019aff41dd8378dbb99c59d1f76ee7bc.jpeg 0 0 0.337868249 0.420621931 0.616816694 0.831423895
images/origin_image/019aff41dd8378dbb99c59d1f76ee7bc.jpeg 1 0 0.280789689 0.414075286 0.088379705 0.072013093
images/origin_image/019aff43837e7ca79866f558aef2e971.jpeg 0 0 0.459850655 0.463993453 0.696910802 0.829787234
images/origin_image/019aff43837e7ca79866f558aef2e971.jpeg 1 0 0.339249182 0.615384615 0.091141571 0.075286416
images/origin_image/019aff4442a27171aa2c0830c13e798f.jpeg 0 0 0.419803601 0.628477905 0.800941080 0.743044190
images/origin_image/019aff4442a27171aa2c0830c13e798f.jpeg 1 0 0.321806455 0.763887241 0.106591421 0.103683051
images/origin_image/019aff46c7b77febaa5f83ad565d5245.jpeg 0 0 0.275265957 0.364157119 0.504500818 0.633387889
images/origin_image/019aff46c7b77febaa5f83ad565d5245.jpeg 1 0 0.170311915 0.496726678 0.062608577 0.057283142
images/origin_image/019aff477c5c7351a760cdb74efb9a28.jpeg 0 0 0.333265139 0.441080196 0.624181669 0.757774141
images/origin_image/019aff477c5c7351a760cdb74efb9a28.jpeg 1 0 0.215080005 0.442716858 0.072499565 0.063829787
images/origin_image/019aff493e5a78b09cdb4dc09072dbf8.jpeg 0 0 0.686323650 0.641571195 0.378375614 0.684124386
images/origin_image/019aff493e5a78b09cdb4dc09072dbf8.jpeg 1 0 0.705973385 0.691458753 0.059974911 0.057283142
images/origin_image/019aff49d2de7ec2843720e404bbf1a2.jpeg 0 0 0.658770438 0.624735300 0.345364117 0.522793023
images/origin_image/019aff49d2de7ec2843720e404bbf1a2.jpeg 1 0 0.678498363 0.700197487 0.053396072 0.048512814
images/origin_image/019aff4a2fd773a7ad7e676aded9571e.jpeg 0 0 0.431759598 0.679748823 0.395856348 0.634222920
images/origin_image/019aff4a2fd773a7ad7e676aded9571e.jpeg 1 0 0.448893775 0.844695500 0.066823252 0.053955554
images/origin_image/019aff4ac01d7801a8e391d4d7efc824.jpeg 0 0 0.531659165 0.658872487 0.429930442 0.600421966
images/origin_image/019aff4ac01d7801a8e391d4d7efc824.jpeg 1 0 0.584509234 0.824877250 0.064614921 0.055646481
images/origin_image/019aff4bac19789389395d94f3bded04.jpeg 0 0 0.771115569 0.561224490 0.457768863 0.682888540
images/origin_image/019aff4bac19789389395d94f3bded04.jpeg 1 0 0.705176658 0.828806306 0.051553385 0.040974516
images/origin_image/019aff4c2e8870aca593c7dc8d3b13fa.jpeg 0 0 0.529357610 0.596563011 0.640752864 0.806873977
images/origin_image/019aff4c2e8870aca593c7dc8d3b13fa.jpeg 1 0 0.515087971 0.633387889 0.098506547 0.085106383
images/origin_image/019aff4d64277136be93c527e8638883.jpeg 0 0 0.309328969 0.309562058 0.456628478 0.609304149
images/origin_image/019aff4d64277136be93c527e8638883.jpeg 1 0 0.143890314 0.478898202 0.058593630 0.054731223
images/origin_image/019aff4e5a497c929813fffd4975cb41.jpeg 0 0 0.585157529 0.313420622 0.829684943 0.626841244
images/origin_image/019aff4e5a497c929813fffd4975cb41.jpeg 1 0 0.309457970 0.312921268 0.060591591 0.064253240
images/origin_image/019aff4e6fad7e50b786fdcdf883e7c9.jpeg 0 0 0.810975612 0.430038511 0.378048776 0.593068029
images/origin_image/019aff4e6fad7e50b786fdcdf883e7c9.jpeg 1 0 0.781362547 0.507903283 0.067394095 0.043645700
images/origin_image/019aff4fd2ae70aaaf94dcabfe896ff2.jpeg 0 0 0.307248767 0.587223134 0.502471166 0.729269634
images/origin_image/019aff4fd2ae70aaaf94dcabfe896ff2.jpeg 1 0 0.129396433 0.747842017 0.062602965 0.062969065
images/origin_image/019aff4fe84878dda3a1c0059fc82c93.jpeg 0 0 0.702224055 0.687935518 0.420922566 0.472667936
images/origin_image/019aff4fe84878dda3a1c0059fc82c93.jpeg 1 0 0.601211925 0.735012501 0.045381007 0.043176158
images/origin_image/019aff5035187ca98e413be7dfe8a721.jpeg 0 0 0.495346599 0.666880616 0.463093709 0.612323491
images/origin_image/019aff5035187ca98e413be7dfe8a721.jpeg 1 0 0.474815038 0.809370988 0.076685713 0.050064185
images/origin_image/019aff52a081739d83eeb7adb2c37569.jpeg 0 0 0.685975608 0.566110397 0.555519901 0.580231061
images/origin_image/019aff52a081739d83eeb7adb2c37569.jpeg 1 0 0.773868581 0.720632562 0.060547511 0.040068185
images/origin_image/019aff5398827d46947bd9e949c61737.jpeg 0 0 0.357907739 0.547592899 0.537891252 0.890170236
images/origin_image/019aff5398827d46947bd9e949c61737.jpeg 1 0 0.310543657 0.767343950 0.084019769 0.073219843
images/origin_image/019aff5402c7743e804c1398edac1ebb.jpeg 0 0 0.219110379 0.641553383 0.400329488 0.617975474
images/origin_image/019aff5402c7743e804c1398edac1ebb.jpeg 1 0 0.196008043 0.766299555 0.064497318 0.055056831
images/origin_image/019aff569dc47779ac12449a64bdbfa7.jpeg 0 0 0.385914332 0.224784917 0.458813840 0.443712246
images/origin_image/019aff569dc47779ac12449a64bdbfa7.jpeg 1 0 0.306795557 0.357310287 0.065074135 0.053587944
images/origin_image/019aff56f40776038b4bcc0459a4a7e2.jpeg 0 0 0.754530478 0.530111659 0.403624382 0.588687536
images/origin_image/019aff56f40776038b4bcc0459a4a7e2.jpeg 1 0 0.791099163 0.627775489 0.056459035 0.047610275
images/origin_image/019aff5853f87e2e8ebd6d6c3a07cb7d.jpeg 0 0 0.347611197 0.556379280 0.546952210 0.887241441
images/origin_image/019aff5853f87e2e8ebd6d6c3a07cb7d.jpeg 1 0 0.321252059 0.776130332 0.084019768 0.073219842
images/origin_image/019aff5a209a7e3891d7f6c7f9078342.jpeg 0 0 0.249588138 0.493501739 0.492586491 0.954786747
images/origin_image/019aff5a209a7e3891d7f6c7f9078342.jpeg 1 0 0.137149918 0.506681311 0.094728171 0.082006223
images/origin_image/019aff5ced417e94a2ee53371f1594ef.jpeg 0 0 0.504694486 0.568170741 0.396666206 0.501561856
images/origin_image/019aff5ced417e94a2ee53371f1594ef.jpeg 1 0 0.474292789 0.672955117 0.063543004 0.037036464
images/origin_image/019aff5dd7ae7d6bbf0d862b83825cb1.jpeg 0 0 0.236531829 0.611681644 0.385729670 0.381258025
images/origin_image/019aff5dd7ae7d6bbf0d862b83825cb1.jpeg 1 0 0.200909476 0.685168447 0.053160781 0.035773189
images/origin_image/019aff5ebc9379c294419eabdb11a724.jpeg 0 0 0.289538717 0.527182864 0.470345960 0.711696868
images/origin_image/019aff5ebc9379c294419eabdb11a724.jpeg 1 0 0.243443640 0.732817382 0.075782537 0.064928085
images/origin_image/019aff5fbd2d77b5b2616d518ee17298.jpeg 0 0 0.350082378 0.582097745 0.650741348 0.678015741
images/origin_image/019aff5fbd2d77b5b2616d518ee17298.jpeg 1 0 0.214991763 0.598534387 0.075782537 0.068170106
images/origin_image/019aff60822373a28a37f7a77b490556.jpeg 0 0 0.509884684 0.489475780 0.497528828 0.853530293
images/origin_image/019aff60822373a28a37f7a77b490556.jpeg 1 0 0.452506206 0.673258856 0.066569367 0.052290419
images/origin_image/019aff60ddc47e06950f4ce6352afedd.jpeg 0 0 0.760249840 0.431229316 0.323066011 0.521324569
images/origin_image/019aff60ddc47e06950f4ce6352afedd.jpeg 1 0 0.802081004 0.600957495 0.052718287 0.045123988
images/origin_image/019aff633ee47fe5bcc9b763778d7fba.jpeg 0 0 0.680104551 0.512958786 0.493168164 0.870691506
images/origin_image/019aff633ee47fe5bcc9b763778d7fba.jpeg 1 0 0.754890557 0.770112034 0.066721582 0.065897858
images/origin_image/019aff64e40e72e0ad6886a83bdbe5a2.jpeg 0 0 0.200576606 0.562568282 0.355024711 0.377854851
images/origin_image/019aff64e40e72e0ad6886a83bdbe5a2.jpeg 1 0 0.146117926 0.552628137 0.046952224 0.042139946
images/origin_image/019aff64f982797e8aac8c62970b8791.jpeg 0 0 0.703047777 0.620904265 0.518121910 0.705839285
images/origin_image/019aff64f982797e8aac8c62970b8791.jpeg 1 0 0.672321308 0.663068705 0.074135091 0.067362255
images/origin_image/019aff66211578ffb4eed162f8258954.jpeg 0 0 0.270181219 0.607517558 0.301482701 0.470562731
images/origin_image/019aff66211578ffb4eed162f8258954.jpeg 1 0 0.250678704 0.640635283 0.046416887 0.042139946
images/origin_image/019aff66a038738bab64c0164f19693c.jpeg 0 0 0.712932455 0.533040454 0.341845139 0.594545124
images/origin_image/019aff66a038738bab64c0164f19693c.jpeg 1 0 0.694097613 0.661907377 0.054967872 0.046860699
images/origin_image/019aff6760b4786499fad76601f693a9.jpeg 0 0 0.522304237 0.376123235 0.719191270 0.629011555
images/origin_image/019aff6760b4786499fad76601f693a9.jpeg 1 0 0.364409499 0.447191380 0.074133504 0.047850874
images/origin_image/019aff681714701399a2325220d6a15e.jpeg 0 0 0.342257002 0.593470909 0.488467874 0.807682304
images/origin_image/019aff681714701399a2325220d6a15e.jpeg 1 0 0.353808353 0.816592261 0.081548600 0.070233244
images/origin_image/019aff6999a375a684ce7bf8a80f71e7.jpeg 0 0 0.485726280 0.451534656 0.442485307 0.816494072
images/origin_image/019aff6999a375a684ce7bf8a80f71e7.jpeg 1 0 0.478504799 0.593720135 0.070528967 0.062181692
images/origin_image/019aff69fb5d77b09862623c63e809f6.jpeg 0 0 0.564651554 0.562739058 0.538203189 0.841869575
images/origin_image/019aff69fb5d77b09862623c63e809f6.jpeg 1 0 0.500419815 0.737382218 0.082283795 0.068663122
images/origin_image/019aff6aeffd76e081669350a7f409f1.jpeg 0 0 0.833333334 0.260472059 0.303106632 0.449295644
images/origin_image/019aff6aeffd76e081669350a7f409f1.jpeg 1 0 0.857367490 0.333613210 0.050168462 0.043287620
images/origin_image/019aff6ccd61791dba51ce4c0db30dab.jpeg 0 0 0.230898408 0.397189450 0.359361878 0.592443334
images/origin_image/019aff6ccd61791dba51ce4c0db30dab.jpeg 1 0 0.200041445 0.508168479 0.054996875 0.047093663
images/origin_image/019aff6d439071bfaf2995c4806ac038.jpeg 0 0 0.206514765 0.612323495 0.343709884 0.405648270
images/origin_image/019aff6d439071bfaf2995c4806ac038.jpeg 1 0 0.175112990 0.665596919 0.052213044 0.037227214
images/origin_image/019aff6d69d1790389d2f3548dfe3107.jpeg 0 0 0.823257766 0.381572319 0.318219983 0.485377173
images/origin_image/019aff6d69d1790389d2f3548dfe3107.jpeg 1 0 0.840601241 0.444057606 0.048708052 0.042560183
images/origin_image/019aff70c4ea7c3b9a6866c367515b8b.jpeg 0 0 0.525188918 0.464172648 0.949622165 0.919389237
images/origin_image/019aff70c4ea7c3b9a6866c367515b8b.jpeg 1 0 0.283953134 0.412375803 0.096598743 0.086575240
images/origin_image/019aff726455757396809b373c1d3649.jpeg 0 0 0.630142738 0.500792985 0.353484464 0.676182485
images/origin_image/019aff726455757396809b373c1d3649.jpeg 1 0 0.620055996 0.739523405 0.056069247 0.052761622
images/origin_image/019aff72f9f275319deb99ca1b169721.jpeg 0 0 0.750209909 0.539602575 0.397145254 0.685138550
images/origin_image/019aff72f9f275319deb99ca1b169721.jpeg 1 0 0.735096558 0.654538670 0.066330814 0.052243679
images/origin_image/019aff748d767ef2afc87a3c6594a481.jpeg 0 0 0.691015954 0.585082564 0.545759864 0.829834873
images/origin_image/019aff748d767ef2afc87a3c6594a481.jpeg 1 0 0.717129175 0.761360990 0.086529040 0.076235002
images/origin_image/019aff74d1eb7917adade7746306ce05.jpeg 0 0 0.784214946 0.519401681 0.431570108 0.811916522
images/origin_image/019aff74d1eb7917adade7746306ce05.jpeg 1 0 0.827124784 0.826529101 0.062972292 0.050751003
images/origin_image/019aff7623a07c788c003a3687f1d781.jpeg 0 0 0.484274713 0.358151477 0.608472398 0.528883182
images/origin_image/019aff7623a07c788c003a3687f1d781.jpeg 1 0 0.601817257 0.363586528 0.078133471 0.052631579
images/origin_image/019aff762624719489aecea2207b445b.jpeg 0 0 0.223341729 0.369437452 0.446683457 0.646328956
images/origin_image/019aff762624719489aecea2207b445b.jpeg 1 0 0.071368598 0.517212427 0.063811923 0.058214386
images/origin_image/019aff7915e17f0f99421b0d5576589b.jpeg 0 0 0.775818640 0.535821122 0.448362720 0.895506412
images/origin_image/019aff7915e17f0f99421b0d5576589b.jpeg 1 0 0.788641154 0.881944238 0.062972292 0.056721709
images/origin_image/019aff7a8ce674b596f196e232254f7e.jpeg 0 0 0.458018471 0.636626549 0.420654913 0.610504713
images/origin_image/019aff7a8ce674b596f196e232254f7e.jpeg 1 0 0.510505766 0.694275843 0.064531444 0.058214386
images/origin_image/019aff7ccab470dc841c75aa5ed09acb.jpeg 0 0 0.623876765 0.688061617 0.481386393 0.564826701
images/origin_image/019aff7ccab470dc841c75aa5ed09acb.jpeg 1 0 0.632060334 0.797175866 0.076059050 0.048780488
images/origin_image/019aff7d2d127e05962b075005cd611e.jpeg 0 0 0.408900085 0.525422148 0.523929469 0.806045340
images/origin_image/019aff7d2d127e05962b075005cd611e.jpeg 1 0 0.364763790 0.707412340 0.081907890 0.068943035
images/origin_image/019aff80059f7ab795f34be1f0d5117a.jpeg 0 0 0.624265323 0.579158502 0.534844668 0.823957463
images/origin_image/019aff80059f7ab795f34be1f0d5117a.jpeg 1 0 0.686623895 0.687523429 0.072292835 0.068441318
images/origin_image/019aff84b6b071ebb932c08e94be901a.jpeg 0 0 0.170025189 0.521690456 0.340050378 0.670211773
images/origin_image/019aff84b6b071ebb932c08e94be901a.jpeg 1 0 0.115138802 0.627181375 0.065491184 0.052243679
images/origin_image/019aff875c0a7102a8282bf63e067ce7.jpeg 0 0 0.443744756 0.500000000 0.657430723 1.000000000
images/origin_image/019aff875c0a7102a8282bf63e067ce7.jpeg 1 0 0.383291352 0.905308331 0.081444165 0.073141151
images/origin_image/019aff878adc78be95902de34ea3fd9f.jpeg 0 0 0.649874058 0.634174489 0.446683455 0.660189126
images/origin_image/019aff878adc78be95902de34ea3fd9f.jpeg 1 0 0.598210265 0.651630958 0.057422595 0.055556494
images/origin_image/019aff88ec34755683ab188264aeda64.jpeg 0 0 0.405961372 0.594190397 0.336691844 0.588324820
images/origin_image/019aff88ec34755683ab188264aeda64.jpeg 1 0 0.390750651 0.672450788 0.054770738 0.049258326
images/origin_image/019aff8a594c7c85a0c0b8180a27a687.jpeg 0 0 0.470612930 0.594085268 0.402183039 0.701557983
images/origin_image/019aff8a594c7c85a0c0b8180a27a687.jpeg 1 0 0.447523090 0.685138539 0.063811923 0.056721709
images/origin_image/019aff8b1b827684b6ca5ac84f0f362e.jpeg 0 0 0.294608476 0.336970474 0.504492939 0.550706031
images/origin_image/019aff8b1b827684b6ca5ac84f0f362e.jpeg 1 0 0.141527599 0.531450578 0.082798460 0.053915276
images/origin_image/019aff8d74f777be9a6ccc6ade2ae0b7.jpeg 0 0 0.675147766 0.530543049 0.470237211 0.803061851
images/origin_image/019aff8d74f777be9a6ccc6ade2ae0b7.jpeg 1 0 0.711825039 0.665135271 0.069689337 0.065677767
images/origin_image/019aff8e59377309a03edbe5021b0068.jpeg 0 0 0.366498743 0.411978722 0.617128460 0.737382211
images/origin_image/019aff8e59377309a03edbe5021b0068.jpeg 1 0 0.230997755 0.492231640 0.069689337 0.073032959
images/origin_image/019aff8e7d9b70bd8fed98486e284274.jpeg 0 0 0.813182201 0.688870232 0.306465154 0.482134533
images/origin_image/019aff8e7d9b70bd8fed98486e284274.jpeg 1 0 0.836043311 0.757399507 0.046260701 0.049258326
images/origin_image/019aff8e7e277873a19045506452b6b7.jpeg 0 0 0.636439967 0.546319619 0.567590259 0.898591287
images/origin_image/019aff8e7e277873a19045506452b6b7.jpeg 1 0 0.613226672 0.656992103 0.087369428 0.076121874
images/origin_image/019aff8f4094704e8a4b71e78ed06ab1.jpeg 0 0 0.411103983 0.626444159 0.658536578 0.654685494
images/origin_image/019aff8f4094704e8a4b71e78ed06ab1.jpeg 1 0 0.306643132 0.734916560 0.093388960 0.057766367
images/origin_image/019aff90a04f7a10b7b8c5ae8cafdb3c.jpeg 0 0 0.732157851 0.611251048 0.396305626 0.717977425
images/origin_image/019aff90a04f7a10b7b8c5ae8cafdb3c.jpeg 1 0 0.736762866 0.828067932 0.064717190 0.058214386
images/origin_image/019aff9301ee7c9a823150177f9d4e3f.jpeg 0 0 0.307304788 0.533792917 0.488664986 0.642927206
images/origin_image/019aff9301ee7c9a823150177f9d4e3f.jpeg 1 0 0.188951589 0.623163090 0.053626457 0.054938353
images/origin_image/019aff9459d974a0b045261f0ca0d2b4.jpeg 0 0 0.549538202 0.585129211 0.534844671 0.809030690
images/origin_image/019aff9459d974a0b045261f0ca0d2b4.jpeg 1 0 0.568994431 0.786402349 0.089000840 0.080594081
images/origin_image/019aff95286273b4aa5a62aaa40ba754.jpeg 0 0 0.437027710 0.557682623 0.596977333 0.668646425
images/origin_image/019aff95286273b4aa5a62aaa40ba754.jpeg 1 0 0.284214945 0.637147024 0.057934509 0.060135225
images/origin_image/019aff9656d579a4b50b9a4c3f083d14.jpeg 0 0 0.825776658 0.638531085 0.348446684 0.618438274
images/origin_image/019aff9656d579a4b50b9a4c3f083d14.jpeg 1 0 0.867497975 0.766821819 0.050377834 0.040880013
images/origin_image/019aff981cf67d79bdd22d14c37cd994.jpeg 0 0 0.284980744 0.621951219 0.352374840 0.376123236
images/origin_image/019aff981cf67d79bdd22d14c37cd994.jpeg 1 0 0.264762516 0.725288832 0.051989730 0.035943517
images/origin_image/019aff990ed275de8154d7dfe74e025a.jpeg 0 0 0.812342571 0.485119879 0.338371113 0.725440809
images/origin_image/019aff990ed275de8154d7dfe74e025a.jpeg 1 0 0.822636720 0.647034332 0.055803958 0.049820302
images/origin_image/019aff9a24b770c582a533b599c1ea27.jpeg 0 0 0.763498630 0.667285830 0.424794111 0.644820471
images/origin_image/019aff9a24b770c582a533b599c1ea27.jpeg 1 0 0.679489167 0.844836838 0.053566744 0.043112235
images/origin_image/019aff9db6ea7d3b9da9ac2e3b97f370.jpeg 0 0 0.657430731 0.483627204 0.429890848 0.749323632
images/origin_image/019aff9db6ea7d3b9da9ac2e3b97f370.jpeg 1 0 0.717157432 0.689750414 0.068623843 0.050483313
images/origin_image/019aff9f20fa729dbf0b8eebc16c84e1.jpeg 0 0 0.342569271 0.584170754 0.458438284 0.824711655
images/origin_image/019aff9f20fa729dbf0b8eebc16c84e1.jpeg 1 0 0.317611214 0.932518231 0.063811923 0.058703434
images/origin_image/019affa22b707e05a0bee619441cd6eb.jpeg 0 0 0.281024558 0.544900227 0.468513833 0.643343569
images/origin_image/019affa22b707e05a0bee619441cd6eb.jpeg 1 0 0.202854315 0.718387242 0.064484485 0.052916719
images/origin_image/019affa2d0727902a80741c6b97cf484.jpeg 0 0 0.441688144 0.530927835 0.769329897 0.601374570
images/origin_image/019affa2d0727902a80741c6b97cf484.jpeg 1 0 0.173403548 0.592839087 0.051224227 0.053264605
images/origin_image/019affa8700977e79594c9ecbf0d953f.jpeg 0 0 0.621939433 0.439003436 0.490012887 0.785223368
images/origin_image/019affa8700977e79594c9ecbf0d953f.jpeg 1 0 0.598775323 0.584043006 0.074083526 0.071211396
images/origin_image/019affac74377047b79ef0884524096e.jpeg 0 0 0.486146907 0.483676976 0.508376289 0.798969072
images/origin_image/019affac74377047b79ef0884524096e.jpeg 1 0 0.448453608 0.661726255 0.080800945 0.068300067
images/origin_image/019affacfa957addbeb98bcc844fa92f.jpeg 0 0 0.588595361 0.520618557 0.380798969 0.735395189
images/origin_image/019affacfa957addbeb98bcc844fa92f.jpeg 1 0 0.581679280 0.664564937 0.058878411 0.051546392
images/origin_image/019affad1f1c710095bd7dbb307afeca.jpeg 0 0 0.700483092 0.626910757 0.361352657 0.578306637
images/origin_image/019affad1f1c710095bd7dbb307afeca.jpeg 1 0 0.709812683 0.708349952 0.058476648 0.051075515
images/origin_image/019affaf73967b65a8689a76b400aad8.jpeg 0 0 0.190399485 0.496563574 0.376932990 0.852233677
images/origin_image/019affaf73967b65a8689a76b400aad8.jpeg 1 0 0.170103093 0.861339767 0.057989691 0.050516342
images/origin_image/019affb38a6d7399a334a391f028ee7e.jpeg 0 0 0.559117268 0.405498282 0.828286082 0.800687285
images/origin_image/019affb38a6d7399a334a391f028ee7e.jpeg 1 0 0.368084237 0.416109835 0.085912207 0.082474227
images/origin_image/019affb51f2470d9929e2e292c2727c3.jpeg 0 0 0.479227053 0.626086954 0.446376812 0.701876429
images/origin_image/019affb51f2470d9929e2e292c2727c3.jpeg 1 0 0.403864734 0.832036613 0.059903382 0.049427918
images/origin_image/019affb6acd07a828da483054cc1ff19.jpeg 0 0 0.346971649 0.333118557 0.668814433 0.557989691
images/origin_image/019affb6acd07a828da483054cc1ff19.jpeg 1 0 0.256038403 0.248441937 0.074482563 0.049141286
images/origin_image/019affb9e4fc78c1bd2b65e1ad6ca02c.jpeg 0 0 0.630434783 0.608787187 0.679227053 0.729885580
images/origin_image/019affb9e4fc78c1bd2b65e1ad6ca02c.jpeg 1 0 0.803477843 0.704456857 0.056038647 0.048195377
images/origin_image/019affbb6cb07b5fb03888d54a574143.jpeg 0 0 0.347454897 0.354810997 0.548002577 0.706185567
images/origin_image/019affbb6cb07b5fb03888d54a574143.jpeg 1 0 0.296346563 0.541503217 0.070313784 0.064823688
images/origin_image/019affbd207e7a1d954ff131e48ca442.jpeg 0 0 0.437338918 0.487113402 0.702641753 0.902061856
images/origin_image/019affbd207e7a1d954ff131e48ca442.jpeg 1 0 0.275563175 0.761464011 0.059395588 0.055890880
images/origin_image/019affbe16237678bbb708da914aa36b.jpeg 0 0 0.591978093 0.538659794 0.455219072 0.781786942
images/origin_image/019affbe16237678bbb708da914aa36b.jpeg 1 0 0.611232930 0.706601979 0.075386598 0.064983960
images/origin_image/019affbfcfd372c0ab210a3787f19dcf.jpeg 0 0 0.213595361 0.278350515 0.303479381 0.443298969
images/origin_image/019affbfcfd372c0ab210a3787f19dcf.jpeg 1 0 0.182300258 0.399542431 0.044481241 0.036090297
images/origin_image/019affc171ad7ce4b0d6bca0ac3d493c.jpeg 0 0 0.241545894 0.436613272 0.365217391 0.484393596
images/origin_image/019affc171ad7ce4b0d6bca0ac3d493c.jpeg 1 0 0.179420537 0.575752229 0.046956028 0.041355954
images/origin_image/019affc222ef7e3381e7f64486e8ad77.jpeg 0 0 0.166720361 0.607388316 0.333440722 0.682130584
images/origin_image/019affc222ef7e3381e7f64486e8ad77.jpeg 1 0 0.062338918 0.743986254 0.076353093 0.061855670
images/origin_image/019affc2457b74f8aa77edcafb178815.jpeg 0 0 0.787693299 0.709621993 0.297680412 0.467353952
images/origin_image/019affc2457b74f8aa77edcafb178815.jpeg 1 0 0.826185577 0.816151203 0.046726784 0.041237113
images/origin_image/019affc54a2c7cde90bcb87d42867147.jpeg 0 0 0.705057990 0.710481100 0.354703608 0.568728522
images/origin_image/019affc54a2c7cde90bcb87d42867147.jpeg 1 0 0.723659445 0.876934761 0.057735965 0.058652408
images/origin_image/019affc6581f792d8b7df7c96b6272df.jpeg 0 0 0.612885463 0.601076848 0.540748899 0.724424865
images/origin_image/019affc6581f792d8b7df7c96b6272df.jpeg 1 0 0.648849701 0.822262838 0.080177337 0.074400392
images/origin_image/019affc97a947108b38cd2aebfaf78ec.jpeg 0 0 0.619488536 0.652388923 0.407848325 0.598010928
images/origin_image/019affc97a947108b38cd2aebfaf78ec.jpeg 1 0 0.596019532 0.716207856 0.062253308 0.054511278
images/origin_image/019affcb6de47768823ae0031b28a7a0.jpeg 0 0 0.433370044 0.491434165 0.569383260 0.975036711
images/origin_image/019affcb6de47768823ae0031b28a7a0.jpeg 1 0 0.456497797 0.873225649 0.080396476 0.070484581
images/origin_image/019affcbbce777caa093ef44cb46ff01.jpeg 0 0 0.762665198 0.352422907 0.331497797 0.559960842
images/origin_image/019affcbbce777caa093ef44cb46ff01.jpeg 1 0 0.784294088 0.435197150 0.051762115 0.045031816
images/origin_image/019affcd0a3c7c908505e923930017e6.jpeg 0 0 0.181718062 0.622613803 0.363436123 0.747919726
images/origin_image/019affcd0a3c7c908505e923930017e6.jpeg 1 0 0.104074890 0.792951542 0.062775330 0.050905531
images/origin_image/019affcf80f073b0aa1b6f3ecbf33b8d.jpeg 0 0 0.561123348 0.455212922 0.846916300 0.875183554
images/origin_image/019affcf80f073b0aa1b6f3ecbf33b8d.jpeg 1 0 0.350953752 0.577172167 0.083700441 0.084189917
images/origin_image/019affd203367454a9ad193903ae1401.jpeg 0 0 0.306718062 0.498286833 0.518722467 0.890846794
images/origin_image/019affd203367454a9ad193903ae1401.jpeg 1 0 0.286446125 0.629642032 0.086108109 0.068175555
images/origin_image/019affd369207c1c96a2842938ef8642.jpeg 0 0 0.776431718 0.514856662 0.361233480 0.665542985
images/origin_image/019affd369207c1c96a2842938ef8642.jpeg 1 0 0.809831142 0.675137890 0.056549169 0.047668420
images/origin_image/019affd384c979d5af53f5fd7d188699.jpeg 0 0 0.563325991 0.496328928 0.635462555 0.961331375
images/origin_image/019affd384c979d5af53f5fd7d188699.jpeg 1 0 0.472466960 0.716235440 0.085903084 0.079031813
images/origin_image/019affd5fbe479f4994f7c3ee0757a61.jpeg 0 0 0.777116402 0.380639098 0.350529101 0.592105263
images/origin_image/019affd5fbe479f4994f7c3ee0757a61.jpeg 1 0 0.802469136 0.610902256 0.044091711 0.037593985
images/origin_image/019affdfbd697bf5863d631be771249b.jpeg 0 0 0.269984092 0.475494436 0.390056367 0.526454737
images/origin_image/019affdfbd697bf5863d631be771249b.jpeg 1 0 0.197416233 0.569691801 0.048289228 0.041639242
images/origin_image/019affe3d509717db29bc14748f4fc1d.jpeg 0 0 0.525793651 0.433270677 0.473985891 0.866541353
images/origin_image/019affe3d509717db29bc14748f4fc1d.jpeg 1 0 0.508865155 0.767279319 0.068342152 0.051031192
images/origin_image/019affe4a8ae7db08e84d27c00ceb72b.jpeg 0 0 0.735132159 0.391581008 0.529735683 0.783162017
images/origin_image/019affe4a8ae7db08e84d27c00ceb72b.jpeg 1 0 0.705947137 0.634361233 0.074889868 0.066568771
images/origin_image/019affe5d9ac71808afdf162af2baa2e.jpeg 0 0 0.187389771 0.517857143 0.374779541 0.622180451
images/origin_image/019affe5d9ac71808afdf162af2baa2e.jpeg 1 0 0.146907576 0.667056469 0.056713949 0.048398652
images/origin_image/019affe648627de8befcface92ce958b.jpeg 0 0 0.223568282 0.602055800 0.370044053 0.414096916
images/origin_image/019affe648627de8befcface92ce958b.jpeg 1 0 0.179112887 0.685756241 0.055871142 0.041116006
images/origin_image/019affe6a5117a8e9f4c20486c50e8ae.jpeg 0 0 0.473985891 0.602443609 0.324074074 0.610902256
images/origin_image/019affe6a5117a8e9f4c20486c50e8ae.jpeg 1 0 0.459625399 0.754746229 0.050705467 0.038213968
images/origin_image/019affe6a9ee70de9ac95cad81cccf2f.jpeg 0 0 0.204295154 0.527655409 0.408590308 0.918257465
images/origin_image/019affe6a9ee70de9ac95cad81cccf2f.jpeg 1 0 0.120044053 0.921194322 0.063876652 0.048947626
images/origin_image/019affeb29a6797596a84c750b0e8b78.jpeg 0 0 0.485559965 0.603383459 0.351631393 0.582706767
images/origin_image/019affeb29a6797596a84c750b0e8b78.jpeg 1 0 0.479836847 0.783834586 0.044770695 0.033834586
images/origin_image/019affeec94c71c282d6736924174d4f.jpeg 0 0 0.662444934 0.462065590 0.675110132 0.916299559
images/origin_image/019affeec94c71c282d6736924174d4f.jpeg 1 0 0.652127235 0.656412210 0.111233480 0.099856873
images/origin_image/019affeeed87794784aa932442a871f9.jpeg 0 0 0.706018519 0.672514620 0.316358025 0.654970760
images/origin_image/019affeeed87794784aa932442a871f9.jpeg 1 0 0.745149912 0.922027290 0.048500882 0.042884990
images/origin_image/019afff63c6f7273976576b72260b1e9.jpeg 0 0 0.438876652 0.632158590 0.567180617 0.735682819
images/origin_image/019afff63c6f7273976576b72260b1e9.jpeg 1 0 0.436123348 0.810572687 0.085903084 0.074400392
images/origin_image/019afff91c147077a61fdc4592253e18.jpeg 0 0 0.777533040 0.480665688 0.341409692 0.561918747
images/origin_image/019afff91c147077a61fdc4592253e18.jpeg 1 0 0.789390237 0.643229330 0.053360016 0.046989721
images/origin_image/019afffad23a743c8cae4f58246ca78d.jpeg 0 0 0.383810573 0.335535977 0.598017621 0.530102790
images/origin_image/019afffad23a743c8cae4f58246ca78d.jpeg 1 0 0.242933702 0.452986053 0.063876652 0.045270864
images/origin_image/019afffae3ed7117a7b8c1ac049b9d58.jpeg 0 0 0.434854497 0.663533835 0.435405644 0.672932331
images/origin_image/019afffae3ed7117a7b8c1ac049b9d58.jpeg 1 0 0.425739549 0.927713556 0.072751323 0.056390977
images/origin_image/019afffe7d5970199d48267b150da2f5.jpeg 0 0 0.748348018 0.511013216 0.503303965 0.967205091
images/origin_image/019afffe7d5970199d48267b150da2f5.jpeg 1 0 0.862334802 0.818404307 0.103524229 0.097895252
images/origin_image/019b00001a5276d9b10cf5f95fd4a5cb.jpeg 0 0 0.832231041 0.490191357 0.297619048 0.495420309
images/origin_image/019b00001a5276d9b10cf5f95fd4a5cb.jpeg 1 0 0.861329044 0.614583147 0.051225891 0.043814544
images/origin_image/019b000294ae78c3a18ebec24902b4f4.jpeg 0 0 0.773258377 0.328007519 0.300925926 0.468045113
images/origin_image/019b000294ae78c3a18ebec24902b4f4.jpeg 1 0 0.794412158 0.442719775 0.049043269 0.040196946
images/origin_image/019b00164a5776e58d2779f9b3401f62.jpeg 0 0 0.391666500 0.572222500 0.435417000 0.759259000
images/origin_image/019b00164a5776e58d2779f9b3401f62.jpeg 1 0 0.355882285 0.807809260 0.068333988 0.053697925
images/origin_image/019b001dac027ac4aa959ec4c98334c8.jpeg 0 0 0.368414929 0.485681143 0.378869214 0.799140286
images/origin_image/019b001dac027ac4aa959ec4c98334c8.jpeg 1 0 0.423507720 0.735648000 0.054024560 0.054630000
images/origin_image/019b0022d8a87bf398b8324ae6727276.jpeg 0 0 0.545852268 0.586441429 0.871466107 0.795635143
images/origin_image/019b0022d8a87bf398b8324ae6727276.jpeg 1 0 0.342313776 0.891541136 0.077078765 0.071737554
images/origin_image/019b0026db4970cf82b33dd4c6b57c32.jpeg 0 0 0.187500787 0.570678632 0.372917574 0.704943149
images/origin_image/019b0026db4970cf82b33dd4c6b57c32.jpeg 1 0 0.114888256 0.785560562 0.063542000 0.053687455
images/origin_image/019b0031874779bcbd55a6496fdf13dc.jpeg 0 0 0.378279000 0.654605000 0.397762000 0.527632000
images/origin_image/019b0031874779bcbd55a6496fdf13dc.jpeg 1 0 0.358823710 0.808117856 0.061297543 0.053947000
images/origin_image/019b00322a56769f92343226d152d5b3.jpeg 0 0 0.736701863 0.575451362 0.472430274 0.734283275
images/origin_image/019b00322a56769f92343226d152d5b3.jpeg 1 0 0.713021000 0.846759500 0.068750000 0.056481000
images/origin_image/019b0035023a72eabc9fb502c6f6147f.jpeg 0 0 0.656157425 0.678515354 0.360768299 0.641653293
images/origin_image/019b0035023a72eabc9fb502c6f6147f.jpeg 1 0 0.653813000 0.912267832 0.065161932 0.052395884
images/origin_image/019b00351b3576249d2093bb104c6d0c.jpeg 0 0 0.356164645 0.566048330 0.511287289 0.812347339
images/origin_image/019b00351b3576249d2093bb104c6d0c.jpeg 1 0 0.342448500 0.814352000 0.088021000 0.075000000
images/origin_image/019b00396c6b78cc8a0900ded14543c1.jpeg 0 0 0.816854923 0.546836980 0.365518154 0.423742161
images/origin_image/019b00396c6b78cc8a0900ded14543c1.jpeg 1 0 0.875608399 0.636843105 0.057910603 0.037475695
images/origin_image/019b004159ad74659d3f4e7882d754ae.jpeg 0 0 0.433397580 0.652268579 0.628369159 0.694146843
images/origin_image/019b004159ad74659d3f4e7882d754ae.jpeg 1 0 0.336419500 0.865790000 0.087191000 0.076316000
images/origin_image/019b00476bc87772889bb926f1a41538.jpeg 0 0 0.381263609 0.736359985 0.449255217 0.511492031
images/origin_image/019b00476bc87772889bb926f1a41538.jpeg 1 0 0.332644842 0.827915177 0.068673000 0.055137103
images/origin_image/019b0048a99a7a2fb1a0b48dc9354ae5.jpeg 0 0 0.366838997 0.497685000 0.592711721 0.995370000
images/origin_image/019b0048a99a7a2fb1a0b48dc9354ae5.jpeg 1 0 0.344010500 0.907407000 0.099479000 0.094444000
images/origin_image/019b004ae7677baf97234644003fb649.jpeg 0 0 0.624926108 0.297697000 0.426137361 0.461184000
images/origin_image/019b004ae7677baf97234644003fb649.jpeg 1 0 0.518921845 0.371813924 0.048997000 0.044836756
images/origin_image/019b004ce516721a97ddac132ab687de.jpeg 0 0 0.437198531 0.513513491 0.577156067 0.496966457
images/origin_image/019b004ce516721a97ddac132ab687de.jpeg 1 0 0.306957482 0.693101503 0.044483645 0.043159851
images/origin_image/019b0053de7578e9ad8789d7e2d28a15.jpeg 0 0 0.547393857 0.511085171 0.310248576 0.514580964
images/origin_image/019b0053de7578e9ad8789d7e2d28a15.jpeg 1 0 0.545004656 0.625028429 0.057485000 0.047487776
images/origin_image/019b005c613f70ecb942c1145f0ba6f6.jpeg 0 0 0.755986853 0.660344885 0.488026294 0.679307023
images/origin_image/019b005c613f70ecb942c1145f0ba6f6.jpeg 1 0 0.879450801 0.936751557 0.086121863 0.073965193
images/origin_image/019b00663b157f87b23f65f25833ce0b.jpeg 0 0 0.766397000 0.720165000 0.454090000 0.553498000
images/origin_image/019b00663b157f87b23f65f25833ce0b.jpeg 1 0 0.770447000 0.910751500 0.081790000 0.057099000
images/origin_image/019b0077b3f472cd841cdb4b3628b2b5.jpeg 0 0 0.207263642 0.612328833 0.369243144 0.605213835
images/origin_image/019b0077b3f472cd841cdb4b3628b2b5.jpeg 1 0 0.164755241 0.835087328 0.062114000 0.049412423
images/origin_image/019b008408a874a79b744f1d276c24c2.jpeg 0 0 0.594522000 0.501189680 0.395062000 0.506327360
images/origin_image/019b008408a874a79b744f1d276c24c2.jpeg 1 0 0.563904154 0.568517929 0.069059000 0.063251171
images/origin_image/019b009549f67da198152c3777e0c894.jpeg 0 0 0.829033287 0.283376462 0.341189426 0.556933076
images/origin_image/019b009549f67da198152c3777e0c894.jpeg 1 0 0.889575211 0.481908500 0.050728421 0.045395000
images/origin_image/019b009ac8797a05864eb978a96b24d3.jpeg 0 0 0.757882145 0.578745524 0.332006294 0.561338720
images/origin_image/019b009ac8797a05864eb978a96b24d3.jpeg 1 0 0.777675854 0.723415174 0.056327000 0.043921924
images/origin_image/019b00a6d7507b20adbe2cba25610bc9.jpeg 0 0 0.799459937 0.432872307 0.310705815 0.438455264
images/origin_image/019b00a6d7507b20adbe2cba25610bc9.jpeg 1 0 0.806109704 0.522750081 0.059414000 0.037319923
images/origin_image/019b00bb7f737af99cbaf385042e0458.jpeg 0 0 0.329663296 0.316231378 0.521229408 0.459084224
images/origin_image/019b00bb7f737af99cbaf385042e0458.jpeg 1 0 0.270807908 0.300761267 0.082493328 0.052168856
images/origin_image/019b00c459d47160a4c4b05b8c9ebabd.jpeg 0 0 0.423226322 0.403671278 0.434414644 0.490236555
images/origin_image/019b00c459d47160a4c4b05b8c9ebabd.jpeg 1 0 0.344636416 0.558716909 0.057099000 0.047829436
images/origin_image/019b00d8fb937b508272a05773f965de.jpeg 0 0 0.263327539 0.699666683 0.526655077 0.599350635
images/origin_image/019b00d8fb937b508272a05773f965de.jpeg 1 0 0.107849463 0.835549301 0.065201000 0.053969959
images/origin_image/019b00de833d79a883060338de1cb842.jpeg 0 0 0.745621063 0.724765571 0.443941873 0.532978857
images/origin_image/019b00de833d79a883060338de1cb842.jpeg 1 0 0.751249266 0.863344678 0.067427205 0.042950845
images/origin_image/019b00e428d07a489bb8095df645811c.jpeg 0 0 0.525606355 0.514815500 0.645664437 0.968519000
images/origin_image/019b00e428d07a489bb8095df645811c.jpeg 1 0 0.465823654 0.889591582 0.106962567 0.085337981
images/origin_image/019b01348844730fab1d46d064f3e470.jpeg 0 0 0.738233000 0.747918327 0.441744000 0.487703347
images/origin_image/019b01348844730fab1d46d064f3e470.jpeg 1 0 0.762118480 0.929509998 0.068486469 0.044263042
images/origin_image/019b015ea8197c1aaf2258a2484415e6.jpeg 1 0 0.427651037 0.925722409 0.086806000 0.053101056
images/origin_image/019b015ea8197c1aaf2258a2484415e6.jpeg 0 0 0.437601104 0.751215829 0.508103791 0.452186807
images/origin_image/019b016ad8e8711ba614af3677465078.jpeg 0 0 0.476997645 0.584868842 0.517192294 0.702484316
images/origin_image/019b016ad8e8711ba614af3677465078.jpeg 1 0 0.481983128 0.777327522 0.085417000 0.073845124
images/origin_image/019b017199f474c382febeb6b83de914.jpeg 0 0 0.803906000 0.728240500 0.391146000 0.541667000
images/origin_image/019b017199f474c382febeb6b83de914.jpeg 1 0 0.849979222 0.919795394 0.071875000 0.064815000
images/origin_image/019b02048ab97cad9ae89ed1b2122089.jpeg 0 0 0.698692419 0.715277500 0.473462472 0.563889000
images/origin_image/019b02048ab97cad9ae89ed1b2122089.jpeg 1 0 0.714065650 0.924356664 0.081771000 0.069621941
images/origin_image/019b02977fd17148903a08f58cc80b81.jpeg 0 0 0.436899723 0.690677014 0.372977026 0.618645971
images/origin_image/019b02977fd17148903a08f58cc80b81.jpeg 1 0 0.431661193 0.895865780 0.068287000 0.054153944
images/origin_image/019b02a406fc7e40814ac3e102f8c563.jpeg 0 0 0.401027250 0.526645000 0.468727079 0.588816000
images/origin_image/019b02a406fc7e40814ac3e102f8c563.jpeg 1 0 0.384771060 0.710116679 0.069830000 0.055263000
images/origin_image/019b02a8ad317fb0a958b4589fa6b27e.jpeg 0 0 0.230208500 0.606631152 0.459375000 0.686737695
images/origin_image/019b02a8ad317fb0a958b4589fa6b27e.jpeg 1 0 0.099219000 0.738889000 0.114062000 0.103704000
images/origin_image/019b02d0854c7f5dbc0aa73bbe53a79a.jpeg 0 0 0.470833893 0.645043110 0.501050802 0.643245781
images/origin_image/019b02d0854c7f5dbc0aa73bbe53a79a.jpeg 1 0 0.472656000 0.848148000 0.084896000 0.075926000
images/origin_image/019b02d0a2c97a53ae779b251772ff95.jpeg 0 0 0.834549251 0.744294244 0.328817497 0.509561512
images/origin_image/019b02d0a2c97a53ae779b251772ff95.jpeg 1 0 0.930176846 0.911918321 0.061795456 0.055358993
images/origin_image/019b02d6fe9d7d8699e07f1e551e46c3.jpeg 0 0 0.178125000 0.721300112 0.348958000 0.537029776
images/origin_image/019b02d6fe9d7d8699e07f1e551e46c3.jpeg 1 0 0.164502852 0.818519000 0.058043467 0.050000000
images/origin_image/019b02f747de7873b45ab4cb11b541fa.jpeg 0 0 0.599131571 0.668055500 0.400354584 0.643519000
images/origin_image/019b02f747de7873b45ab4cb11b541fa.jpeg 1 0 0.586719000 0.855092500 0.072396000 0.063889000
images/origin_image/019b02fd3c8c7c75aaee78251a03ac1f.jpeg 0 0 0.757030997 0.521305844 0.317728005 0.396162372
images/origin_image/019b02fd3c8c7c75aaee78251a03ac1f.jpeg 1 0 0.746437151 0.599999028 0.056327000 0.050000000
images/origin_image/019b03085270767dada2e83964e11f87.jpeg 0 0 0.802530197 0.793393480 0.387995605 0.408069041
images/origin_image/019b03085270767dada2e83964e11f87.jpeg 1 0 0.745665009 0.928372936 0.062500000 0.045782000
images/origin_image/019b0311df01758fbd1c842c604424cd.jpeg 0 0 0.670833000 0.600000000 0.455208000 0.748148000
images/origin_image/019b0311df01758fbd1c842c604424cd.jpeg 1 0 0.683593000 0.832407500 0.064062000 0.059259000
images/origin_image/019b03228a1475d0b85cf9d4f4d57d3b.jpeg 0 0 0.472916000 0.477314500 0.673958000 0.736111000
images/origin_image/019b03228a1475d0b85cf9d4f4d57d3b.jpeg 1 0 0.306303132 0.653938457 0.075000000 0.069775275
images/origin_image/019b032a7e087af58bd1333b8e59bb42.jpeg 0 0 0.535241357 0.516068131 0.568168715 0.742662262
images/origin_image/019b032a7e087af58bd1333b8e59bb42.jpeg 1 0 0.434606500 0.617763000 0.072917000 0.064474000
images/origin_image/019b0341391170a5a170152f5972d830.jpeg 0 0 0.511719000 0.420371000 0.577604000 0.829630000
images/origin_image/019b0341391170a5a170152f5972d830.jpeg 1 0 0.497917000 0.723148500 0.094792000 0.088889000
images/origin_image/019b034452287442bd7e3945a5fff55b.jpeg 0 0 0.382029533 0.386107690 0.648440934 0.772215379
images/origin_image/019b034452287442bd7e3945a5fff55b.jpeg 1 0 0.363281500 0.454629500 0.093229000 0.085185000
images/origin_image/019b0349ebb77d0f8f5f9d70d11156ca.jpeg 0 0 0.264172377 0.543066924 0.488166754 0.646760151
images/origin_image/019b0349ebb77d0f8f5f9d70d11156ca.jpeg 1 0 0.147280032 0.635141111 0.056176000 0.048885460
images/origin_image/019b034b366e7b5799e8ec213fe43c0f.jpeg 0 0 0.283296500 0.528947000 0.446057000 0.648684000
images/origin_image/019b034b366e7b5799e8ec213fe43c0f.jpeg 1 0 0.195186357 0.620987940 0.057664000 0.049165559
images/origin_image/019b034c36bf78539bd12e093146117a.jpeg 0 0 0.276605428 0.396634344 0.393549144 0.580415311
images/origin_image/019b034c36bf78539bd12e093146117a.jpeg 1 0 0.239197500 0.571841074 0.048611000 0.039211851
images/origin_image/019b0352f29e7531bee3a2380469fb2c.jpeg 0 0 0.248338215 0.580920500 0.398682429 0.628947000
images/origin_image/019b0352f29e7531bee3a2380469fb2c.jpeg 1 0 0.183063000 0.746381000 0.058256000 0.048026000
images/origin_image/019b0355debf7ba58d82d6337fac1edd.jpeg 0 0 0.657793500 0.553643787 0.408179000 0.772974427
images/origin_image/019b0355debf7ba58d82d6337fac1edd.jpeg 1 0 0.665316000 0.876645000 0.062886000 0.049342000
images/origin_image/019b03563d00797e90d7aae1d3cd4526.jpeg 0 0 0.654427000 0.518518500 0.690104000 0.911111000
images/origin_image/019b03563d00797e90d7aae1d3cd4526.jpeg 1 0 0.505737773 0.800283918 0.063273129 0.060674077
images/origin_image/019b035a9b3973ecb52dc6eb00e16375.jpeg 0 0 0.459374873 0.590937092 0.815353746 0.785203816
images/origin_image/019b035a9b3973ecb52dc6eb00e16375.jpeg 1 0 0.281875196 0.601595587 0.096451000 0.065419612
images/origin_image/019b0368b1a876299a7cccd658e42317.jpeg 0 0 0.792438000 0.593471369 0.368056000 0.519433787
images/origin_image/019b0368b1a876299a7cccd658e42317.jpeg 1 0 0.829089500 0.702960500 0.053241000 0.044079000
images/origin_image/019b036faed3712691fc7c38cd016a51.jpeg 0 0 0.547396000 0.533333000 0.436458000 0.820370000
images/origin_image/019b036faed3712691fc7c38cd016a51.jpeg 1 0 0.538542000 0.734259500 0.075000000 0.064815000
images/origin_image/019b039182937e5abc8a647dd7b2b300.jpeg 0 0 0.452739500 0.358882000 0.752701000 0.713816000
images/origin_image/019b039182937e5abc8a647dd7b2b300.jpeg 1 0 0.202717197 0.440496589 0.060671914 0.064082819
images/origin_image/019b039260ec7a28b2cd0306d1239bce.jpeg 0 0 0.698495500 0.608881500 0.353781000 0.628289000
images/origin_image/019b039260ec7a28b2cd0306d1239bce.jpeg 1 0 0.704275970 0.716054125 0.064266060 0.055311984
images/origin_image/019b0395a60d7c67a317b67afb35b781.jpeg 0 0 0.238887462 0.692334713 0.297571218 0.443728046
images/origin_image/019b0395a60d7c67a317b67afb35b781.jpeg 1 0 0.219531000 0.844907500 0.047396000 0.041667000
images/origin_image/019b03a004f87e58b6c539c2ce125f86.jpeg 0 0 0.360156500 0.650000000 0.449479000 0.601852000
images/origin_image/019b03a004f87e58b6c539c2ce125f86.jpeg 1 0 0.290517072 0.832302624 0.061458000 0.063935630
images/origin_image/019b03abbe5e768a980e4973d2c89d72.jpeg 0 0 0.266741000 0.603618500 0.370536000 0.608553000
images/origin_image/019b03abbe5e768a980e4973d2c89d72.jpeg 1 0 0.230283000 0.718421000 0.055804000 0.051316000
images/origin_image/019b03afeed37a1492f10c92261cef7b.jpeg 0 0 0.686719000 0.673611500 0.347396000 0.562037000
images/origin_image/019b03afeed37a1492f10c92261cef7b.jpeg 1 0 0.714323000 0.771759000 0.057812000 0.052778000
images/origin_image/019b03b4fed67394a27261d67497cd50.jpeg 0 0 0.197160072 0.456908000 0.308672144 0.474342000
images/origin_image/019b03b4fed67394a27261d67497cd50.jpeg 1 0 0.168981000 0.491776500 0.046296000 0.041447000
images/origin_image/019b03b568327c14bde73652b4fe45b2.jpeg 0 0 0.200231000 0.201138107 0.312500000 0.366143787
images/origin_image/019b03b568327c14bde73652b4fe45b2.jpeg 1 0 0.150746597 0.224097689 0.041281000 0.035340683
images/origin_image/019b03bce53f76caa27621a907a7907e.jpeg 0 0 0.792823500 0.402303000 0.356481000 0.611184000
images/origin_image/019b03bce53f76caa27621a907a7907e.jpeg 1 0 0.815201000 0.640461000 0.047068000 0.037500000
images/origin_image/019b03bf1d52754a84a0894c08084642.jpeg 0 0 0.365712609 0.622685500 0.581079076 0.743519000
images/origin_image/019b03bf1d52754a84a0894c08084642.jpeg 1 0 0.241666000 0.803240500 0.067708000 0.065741000
images/origin_image/019b03c2ac637502b6f69bdd10479c08.jpeg 0 0 0.315104000 0.605092500 0.630208000 0.787963000
images/origin_image/019b03c2ac637502b6f69bdd10479c08.jpeg 1 0 0.380208000 0.783333500 0.094792000 0.088889000
images/origin_image/019b03c5587c78ec96de6a261a35173c.jpeg 0 0 0.421355574 0.513426500 0.523958000 0.843519000
images/origin_image/019b03c5587c78ec96de6a261a35173c.jpeg 1 0 0.447656500 0.614352000 0.081771000 0.076852000
images/origin_image/019b03c6ae3f72c68ee68a025614c81f.jpeg 0 0 0.664583500 0.567593000 0.504167000 0.803704000
images/origin_image/019b03c6ae3f72c68ee68a025614c81f.jpeg 1 0 0.648302352 0.716144638 0.081771000 0.077778000
images/origin_image/019b03cec9317056bc69d0fc87ef0ce2.jpeg 0 0 0.381683678 0.510647500 0.448783355 0.756481000
images/origin_image/019b03cec9317056bc69d0fc87ef0ce2.jpeg 1 0 0.336198000 0.711254548 0.067188000 0.051564905
images/origin_image/019b03d2d9b37924a4f6c1d3844dab86.jpeg 0 0 0.732081944 0.499936439 0.457048337 0.698432878
images/origin_image/019b03d2d9b37924a4f6c1d3844dab86.jpeg 1 0 0.741319500 0.766975000 0.071373000 0.043210000
images/origin_image/019b03d4190e7de298716af7a52e647b.jpeg 0 0 0.766501036 0.562297320 0.320810072 0.570646640
images/origin_image/019b03d4190e7de298716af7a52e647b.jpeg 1 0 0.779510218 0.645077683 0.054508783 0.044479159
images/origin_image/019b03d4d0eb7bca97e3b2d4d45a45fd.jpeg 0 0 0.699535037 0.525986500 0.376334928 0.670395000
images/origin_image/019b03d4d0eb7bca97e3b2d4d45a45fd.jpeg 1 0 0.715470500 0.788157500 0.052083000 0.042105000
images/origin_image/019b03d6097272a787d585332e56f9bc.jpeg 0 0 0.233854500 0.490740500 0.459375000 0.740741000
images/origin_image/019b03d6097272a787d585332e56f9bc.jpeg 1 0 0.169010000 0.656481500 0.066146000 0.057407000
images/origin_image/019b03dae4d17b1fb4a9d430d8522788.jpeg 0 0 0.697484003 0.509261207 0.503989995 0.954320264
images/origin_image/019b03dae4d17b1fb4a9d430d8522788.jpeg 1 0 0.701451917 0.857559774 0.075521000 0.068519000
images/origin_image/019b03dbfec3761ca6106810fffa446c.jpeg 0 0 0.214138810 0.633128551 0.374265620 0.432923102
images/origin_image/019b03dbfec3761ca6106810fffa446c.jpeg 1 0 0.172509178 0.679651219 0.055556000 0.037551000
images/origin_image/019b03e1d28f7a50821ca59915fffecc.jpeg 0 0 0.641709108 0.418597189 0.347755785 0.610070476
images/origin_image/019b03e1d28f7a50821ca59915fffecc.jpeg 1 0 0.657793500 0.567434500 0.060185000 0.044079000
images/origin_image/019b03e39c2f7763b4ca98a6bfa11a0b.jpeg 0 0 0.632122428 0.736007107 0.356836856 0.520091787
images/origin_image/019b03e39c2f7763b4ca98a6bfa11a0b.jpeg 1 0 0.669753000 0.839145000 0.054012000 0.049342000
images/origin_image/019b03e738e57b4cb81993bb81d65602.jpeg 0 0 0.184606500 0.504428607 0.341435000 0.502986787
images/origin_image/019b03e738e57b4cb81993bb81d65602.jpeg 1 0 0.139468000 0.545394500 0.047454000 0.040789000
images/origin_image/019b03e87f8b7d70960748ed0b7305ed.jpeg 0 0 0.494097322 0.487037000 0.863196218 0.974074000
images/origin_image/019b03e87f8b7d70960748ed0b7305ed.jpeg 1 0 0.381381006 0.473188875 0.124479000 0.104480755
images/origin_image/019b03ec6b627a9db881ff505bbc387e.jpeg 0 0 0.523177000 0.472376264 0.551562000 0.895989471
images/origin_image/019b03ec6b627a9db881ff505bbc387e.jpeg 1 0 0.458854000 0.720833000 0.086458000 0.071296000
images/origin_image/019b03eca7897499a79e8452870f0ddc.jpeg 0 0 0.188020500 0.604167000 0.372917000 0.700000000
images/origin_image/019b03eca7897499a79e8452870f0ddc.jpeg 1 0 0.135286000 0.849074000 0.063802000 0.053704000
images/origin_image/019b03ee41ac7be09e7c61dc40eafb3a.jpeg 0 0 0.225074500 0.379934000 0.360863000 0.550658000
images/origin_image/019b03ee41ac7be09e7c61dc40eafb3a.jpeg 1 0 0.192336500 0.558552500 0.054315000 0.046053000
images/origin_image/019b03f6e2b3757fb56ec52b89f0b23a.jpeg 0 0 0.435378500 0.569959000 0.694059000 0.581276000
images/origin_image/019b03f6e2b3757fb56ec52b89f0b23a.jpeg 1 0 0.275077500 0.657921500 0.079475000 0.057613000
images/origin_image/019b03f75a0f7edc9a94079375806557.jpeg 0 0 0.683333500 0.714815000 0.302083000 0.498148000
images/origin_image/019b03f75a0f7edc9a94079375806557.jpeg 1 0 0.709151635 0.815740500 0.049553270 0.042593000
images/origin_image/019b03f8336c776789fcde0eb44e990e.jpeg 0 0 0.260499432 0.427796696 0.520998865 0.726447219
images/origin_image/019b03f8336c776789fcde0eb44e990e.jpeg 1 0 0.165153235 0.448984740 0.087400681 0.070626813
images/origin_image/019b03f869f077df9be73876d3305df4.jpeg 0 0 0.801929625 0.502017909 0.396140749 0.995964182
images/origin_image/019b03f869f077df9be73876d3305df4.jpeg 1 0 0.874029854 0.902628752 0.071233365 0.064573086
images/origin_image/019b03f8bb7b7e5f8eefa8ce8003bd07.jpeg 0 0 0.578887628 0.603354774 0.395005675 0.686089040
images/origin_image/019b03f8bb7b7e5f8eefa8ce8003bd07.jpeg 1 0 0.585002741 0.767738821 0.065834279 0.054483541
images/origin_image/019b03fc12b4746c9e1dfa6717936bd5.jpeg 0 0 0.675368899 0.482280237 0.415437003 0.835414302
images/origin_image/019b03fc12b4746c9e1dfa6717936bd5.jpeg 1 0 0.711178035 0.805784979 0.053993441 0.042376088
images/origin_image/019b03fecda972448112ced5d852afa8.jpeg 0 0 0.704340358 0.593214782 0.284027284 0.429021563
images/origin_image/019b03fecda972448112ced5d852afa8.jpeg 1 0 0.716927500 0.675581786 0.049479000 0.045132427
images/origin_image/019b0404ad887c179f37cacd4858eb28.jpeg 0 0 0.240635641 0.508094868 0.367763905 0.540032260
images/origin_image/019b0404ad887c179f37cacd4858eb28.jpeg 1 0 0.199879168 0.623463749 0.052213394 0.046454388
images/origin_image/019b0410909470d0a3cf44a320045425.jpeg 0 0 0.488081725 0.483899875 0.503972758 0.720043013
images/origin_image/019b0410909470d0a3cf44a320045425.jpeg 1 0 0.384505095 0.734476775 0.049994040 0.044557567
images/origin_image/019b041266a17724baa63fb8524e05da.jpeg 0 0 0.439841090 0.517593644 0.623155505 0.962542565
images/origin_image/019b041266a17724baa63fb8524e05da.jpeg 1 0 0.439841090 0.815235213 0.105561862 0.092823811
images/origin_image/019b0412852f77ed97ca300c757167c4.jpeg 0 0 0.426593142 0.447039500 0.517239426 0.880921000
images/origin_image/019b0412852f77ed97ca300c757167c4.jpeg 1 0 0.398534500 0.803289500 0.072531000 0.057895000
images/origin_image/019b041389da76a49f58c70147cec4c2.jpeg 0 0 0.695574180 0.604475934 0.458848919 0.770676925
images/origin_image/019b041389da76a49f58c70147cec4c2.jpeg 1 0 0.717925222 0.799989823 0.078646000 0.066627016
images/origin_image/019b0413e2957a66b564a815033c5dab.jpeg 0 0 0.156640182 0.558960777 0.313280363 0.758733762
images/origin_image/019b0413e2957a66b564a815033c5dab.jpeg 1 0 0.113546287 0.803435476 0.057888763 0.049280173
images/origin_image/019b0419bf3a761f89d2daa2c043a615.jpeg 0 0 0.195232690 0.556942868 0.390465380 0.597301047
images/origin_image/019b0419bf3a761f89d2daa2c043a615.jpeg 1 0 0.169059448 0.581545240 0.057758574 0.049516778
images/origin_image/019b0420565d72b99fa3f8af449b5785.jpeg 0 0 0.399653251 0.482870500 0.799306503 0.912037000
images/origin_image/019b0420565d72b99fa3f8af449b5785.jpeg 1 0 0.177604500 0.535648500 0.110417000 0.091667000
images/origin_image/019b042cbc027fdbb33c30ff5c14a685.jpeg 0 0 0.395005675 0.582166730 0.581157775 0.736536764
images/origin_image/019b042cbc027fdbb33c30ff5c14a685.jpeg 1 0 0.516788303 0.556377638 0.066683495 0.060537268
images/origin_image/019b04322dd77384b765c4e8cd9da853.jpeg 0 0 0.683314415 0.652297031 0.381384790 0.681331023
images/origin_image/019b04322dd77384b765c4e8cd9da853.jpeg 1 0 0.692505763 0.851275872 0.065875181 0.056132385
images/origin_image/019b043ab9ef7b6aa33e33e09000ad63.jpeg 0 0 0.747135607 0.461110698 0.422396787 0.716665397
images/origin_image/019b043ab9ef7b6aa33e33e09000ad63.jpeg 1 0 0.768568421 0.610804018 0.070833000 0.064815000
images/origin_image/019b043ac1f0744c8137c8a9754ddc03.jpeg 0 0 0.331077216 0.463425698 0.480904431 0.729935925
images/origin_image/019b043ac1f0744c8137c8a9754ddc03.jpeg 1 0 0.275000000 0.637962500 0.067708000 0.062963000
images/origin_image/019b043e446a7596aee9cce3a24d2856.jpeg 0 0 0.474565142 0.496295095 0.531771574 0.833330190
images/origin_image/019b043e446a7596aee9cce3a24d2856.jpeg 1 0 0.511719500 0.770370500 0.076563000 0.066667000
images/origin_image/019b043e4c767254942663a7b20f7670.jpeg 0 0 0.524189873 0.666923500 0.617051746 0.641461000
images/origin_image/019b043e4c767254942663a7b20f7670.jpeg 1 0 0.439933836 0.764392534 0.085032700 0.058654815
images/origin_image/019b0443866d7f51b5a70dc477469a57.jpeg 0 0 0.725312145 0.489544706 0.549375709 0.672367253
images/origin_image/019b0443866d7f51b5a70dc477469a57.jpeg 1 0 0.603651027 0.685830783 0.062960787 0.056449093
images/origin_image/019b044638b97ede996681aa44dc71a2.jpeg 0 0 0.447656000 0.582870802 0.733854000 0.812036397
images/origin_image/019b044638b97ede996681aa44dc71a2.jpeg 1 0 0.261411576 0.783253031 0.079687000 0.070175510
images/origin_image/019b044c50567e9aaec8a4b90654d46e.jpeg 0 0 0.457725179 0.628314082 0.435985499 0.686487213
images/origin_image/019b044c50567e9aaec8a4b90654d46e.jpeg 1 0 0.420107238 0.670968081 0.064288808 0.052872452
images/origin_image/019b044f141e719fa5120f2ab0ed976b.jpeg 0 0 0.229552000 0.635526000 0.366512000 0.526316000
images/origin_image/019b044f141e719fa5120f2ab0ed976b.jpeg 1 0 0.194830000 0.700986500 0.051698000 0.044079000
images/origin_image/019b04593fff7931a5949599e09fd431.jpeg 0 0 0.597434123 0.469079000 0.402458246 0.750000000
images/origin_image/019b04593fff7931a5949599e09fd431.jpeg 1 0 0.622396000 0.614144500 0.066964000 0.054605000
images/origin_image/019b045b4bba769b8f30a59736bc81f2.jpeg 0 0 0.764472191 0.562555177 0.471055619 0.838567285
images/origin_image/019b045b4bba769b8f30a59736bc81f2.jpeg 1 0 0.758589388 0.735527809 0.078734958 0.066590995
images/origin_image/019b045df61a7e02bb0db67f0478cec9.jpeg 0 0 0.570138749 0.500770830 0.425693497 0.699689661
images/origin_image/019b045df61a7e02bb0db67f0478cec9.jpeg 1 0 0.548050212 0.626920657 0.070507005 0.059518957
images/origin_image/019b04674e5270b3831a6d9c460242be.jpeg 0 0 0.264676339 0.492857143 0.529352679 0.964285714
images/origin_image/019b04674e5270b3831a6d9c460242be.jpeg 1 0 0.105814565 0.798356003 0.078348214 0.068453456
images/origin_image/019b04701af07def887737b0e6d814a8.jpeg 0 0 0.514121427 0.493150685 0.373541350 0.595890411
images/origin_image/019b04701af07def887737b0e6d814a8.jpeg 1 0 0.490021985 0.701198630 0.058240318 0.046232877
images/origin_image/019b0470a0567954bc6ffefb7653a99d.jpeg 0 0 0.574051339 0.593750000 0.523325893 0.791071429
images/origin_image/019b0470a0567954bc6ffefb7653a99d.jpeg 1 0 0.574974037 0.677913816 0.080628477 0.073214286
images/origin_image/019b0472172b758d966c6666895b953b.jpeg 0 0 0.586345382 0.691432396 0.550200803 0.574297189
images/origin_image/019b0472172b758d966c6666895b953b.jpeg 1 0 0.488514696 0.807785701 0.071306800 0.052208835
images/origin_image/019b047374637ccaac7e58ab8e711001.jpeg 0 0 0.604687500 0.522321429 0.664955357 0.955357143
images/origin_image/019b047374637ccaac7e58ab8e711001.jpeg 1 0 0.660160640 0.844665792 0.086383929 0.078616138
images/origin_image/019b0473d88e75c0b3bb52e37556ad2e.jpeg 0 0 0.611198000 0.504167000 0.439062000 0.852778000
images/origin_image/019b0473d88e75c0b3bb52e37556ad2e.jpeg 1 0 0.592470478 0.842765383 0.070312000 0.056331389
images/origin_image/019b047a27097282aa0f22c194a25d9f.jpeg 0 0 0.480209000 0.421758698 0.576042000 0.819443397
images/origin_image/019b047a27097282aa0f22c194a25d9f.jpeg 1 0 0.468462735 0.733136364 0.089062000 0.078704000
images/origin_image/019b047d370b72839c07db3ce9786fb9.jpeg 0 0 0.407204571 0.521759500 0.521699569 0.906481000
images/origin_image/019b047d370b72839c07db3ce9786fb9.jpeg 1 0 0.392447500 0.715278000 0.086979000 0.073148000
images/origin_image/019b0480e8737423ae6252a75caa72e1.jpeg 0 0 0.412913036 0.645723500 0.660702072 0.692763000
images/origin_image/019b0480e8737423ae6252a75caa72e1.jpeg 1 0 0.221450500 0.762171000 0.060957000 0.063816000
images/origin_image/019b0485433a781da5b26f46d13831cf.jpeg 0 0 0.699460500 0.646031694 0.600309000 0.681188612
images/origin_image/019b0485433a781da5b26f46d13831cf.jpeg 1 0 0.648289036 0.676118652 0.088349000 0.057538846
images/origin_image/019b04863a7876879991b3d9e58ce50b.jpeg 0 0 0.383873500 0.394078500 0.518519000 0.603947000
images/origin_image/019b04863a7876879991b3d9e58ce50b.jpeg 1 0 0.258593699 0.635912876 0.041068968 0.033553000
images/origin_image/019b0487e16a756794da1cb07180897a.jpeg 0 0 0.758229285 0.563259454 0.406356413 0.739399008
images/origin_image/019b0487e16a756794da1cb07180897a.jpeg 1 0 0.779692990 0.755206754 0.062429058 0.050325587
images/origin_image/019b04897b4d7684911fa01cce309758.jpeg 0 0 0.423804000 0.624013000 0.328318000 0.548026000
images/origin_image/019b04897b4d7684911fa01cce309758.jpeg 1 0 0.422840000 0.747697500 0.050926000 0.041447000
images/origin_image/019b048ba9b77881b936e06e68a1e9f6.jpeg 0 0 0.203646000 0.312500000 0.380208000 0.525000000
images/origin_image/019b048ba9b77881b936e06e68a1e9f6.jpeg 1 0 0.169354977 0.365964191 0.054167000 0.051311453
images/origin_image/019b048c07857729b17d429cad14dfd0.jpeg 0 0 0.468461303 0.391153719 0.460453890 0.782307437
images/origin_image/019b048c07857729b17d429cad14dfd0.jpeg 1 0 0.475599716 0.660606977 0.071354000 0.065741000
images/origin_image/019b048d20bf7f9588b46cb93b83dc67.jpeg 0 0 0.795524500 0.568147830 0.408179000 0.857347661
images/origin_image/019b048d20bf7f9588b46cb93b83dc67.jpeg 1 0 0.901428000 0.808688165 0.070602000 0.056307670
images/origin_image/019b048d46347b8ebbf8b1c4047fa01b.jpeg 0 0 0.333060223 0.454167000 0.613761526 0.904630000
images/origin_image/019b048d46347b8ebbf8b1c4047fa01b.jpeg 1 0 0.285067883 0.532610083 0.098438000 0.091667000
images/origin_image/019b049005ff74349c240ee3a0bb3a74.jpeg 0 0 0.295631978 0.450926500 0.587097956 0.842593000
images/origin_image/019b049005ff74349c240ee3a0bb3a74.jpeg 1 0 0.103646000 0.646759000 0.093750000 0.078704000
images/origin_image/019b0490faf37b67954abe4fb8a855d8.jpeg 0 0 0.606250000 0.550463000 0.505208000 0.878704000
images/origin_image/019b0490faf37b67954abe4fb8a855d8.jpeg 1 0 0.622522089 0.889184159 0.085349029 0.075000000
images/origin_image/019b0491775a7557bc197e1b1205ae18.jpeg 0 0 0.443489000 0.655092500 0.346354000 0.556481000
images/origin_image/019b0491775a7557bc197e1b1205ae18.jpeg 1 0 0.436198000 0.755556000 0.052604000 0.050000000
images/origin_image/019b049320c07c54b4fe9358b24f43ee.jpeg 0 0 0.326041500 0.743056000 0.290625000 0.478704000
images/origin_image/019b049320c07c54b4fe9358b24f43ee.jpeg 1 0 0.314063000 0.805092000 0.051042000 0.045370000
images/origin_image/019b0498ccda71918f5501bfebaa1e8e.jpeg 0 0 0.503347500 0.588815500 0.429315000 0.617105000
images/origin_image/019b0498ccda71918f5501bfebaa1e8e.jpeg 1 0 0.434510459 0.717670626 0.057826414 0.052261312
images/origin_image/019b049ab18d778786513ad0a9a12448.jpeg 0 0 0.427761405 0.531944500 0.404368022 0.689815000
images/origin_image/019b049ab18d778786513ad0a9a12448.jpeg 1 0 0.438281500 0.706481500 0.068229000 0.061111000
images/origin_image/019b049be4737f81bf95258c535ce85b.jpeg 0 0 0.680280314 0.576851500 0.487644628 0.790741000
images/origin_image/019b049be4737f81bf95258c535ce85b.jpeg 1 0 0.629308112 0.760872786 0.076563000 0.067226921
images/origin_image/019b049d82407ba096050c54a72107f3.jpeg 0 0 0.323495500 0.695730500 0.424769000 0.542695000
images/origin_image/019b049d82407ba096050c54a72107f3.jpeg 1 0 0.291087500 0.827715147 0.059799000 0.039013705
images/origin_image/019b049e715b7abaaaa1576d61bd05a4.jpeg 0 0 0.263904654 0.484298146 0.520998865 0.968596292
images/origin_image/019b049e715b7abaaaa1576d61bd05a4.jpeg 1 0 0.099318956 0.619498045 0.101021566 0.088787993
images/origin_image/019b049ea9847a5eb9e62fe544a007b6.jpeg 0 0 0.749421500 0.768518500 0.482639000 0.460905000
images/origin_image/019b049ea9847a5eb9e62fe544a007b6.jpeg 1 0 0.694547795 0.857456386 0.069059000 0.046315513
images/origin_image/019b04a075547e30854f12a9f15792c1.jpeg 0 0 0.313576365 0.573147500 0.449931270 0.707407000
images/origin_image/019b04a075547e30854f12a9f15792c1.jpeg 1 0 0.249562375 0.850104442 0.064062000 0.056653634
images/origin_image/019b04a0e5267eacbc76620d925c6657.jpeg 0 0 0.474556884 0.516975500 0.672107769 0.723251000
images/origin_image/019b04a0e5267eacbc76620d925c6657.jpeg 1 0 0.365046337 0.654514642 0.092593000 0.059274983
images/origin_image/019b04aa4b027706814b297336fd986d.jpeg 0 0 0.185420084 0.656944000 0.338548168 0.497222000
images/origin_image/019b04aa4b027706814b297336fd986d.jpeg 1 0 0.156510500 0.743711919 0.056771000 0.047762162
images/origin_image/019b04abd86278a9ba9f7fdb1f0143cf.jpeg 0 0 0.218745369 0.534539500 0.357263263 0.519079000
images/origin_image/019b04abd86278a9ba9f7fdb1f0143cf.jpeg 1 0 0.168403500 0.660904259 0.053627000 0.045297482
images/origin_image/019b04b1a5eb7cf39191e506adf30e80.jpeg 0 0 0.235026000 0.702315500 0.333594000 0.468519000
images/origin_image/019b04b1a5eb7cf39191e506adf30e80.jpeg 1 0 0.192969000 0.811806000 0.048958000 0.042130000
images/origin_image/019b04b59c9a7865b3f1d383efd04081.jpeg 0 0 0.257743270 0.475462500 0.473820540 0.736111000
images/origin_image/019b04b59c9a7865b3f1d383efd04081.jpeg 1 0 0.205989500 0.662037500 0.068229000 0.064815000
images/origin_image/019b04b7962a77c89aca527da6de523b.jpeg 0 0 0.772817222 0.444608557 0.449655455 0.808885983
images/origin_image/019b04b7962a77c89aca527da6de523b.jpeg 1 0 0.813736050 0.766007436 0.059028000 0.044755365
images/origin_image/019b04b96efc7990b1980c7473827cf0.jpeg 0 0 0.726431208 0.559560338 0.412751248 0.858924358
images/origin_image/019b04b96efc7990b1980c7473827cf0.jpeg 1 0 0.754233283 0.795051284 0.073116795 0.060970806
images/origin_image/019b04bf01be7e95bc8990c8bdf44504.jpeg 0 0 0.474801562 0.515639937 0.611313372 0.864613874
images/origin_image/019b04bf01be7e95bc8990c8bdf44504.jpeg 1 0 0.405251344 0.499430687 0.090104000 0.082407000
images/origin_image/019b04bfa97076edacd9705ed6b0aec3.jpeg 0 0 0.585291376 0.522685000 0.482040752 0.795370000
images/origin_image/019b04bfa97076edacd9705ed6b0aec3.jpeg 1 0 0.554167000 0.684722500 0.076042000 0.065741000
images/origin_image/019b04c260dd7b028824bff6a6862b7f.jpeg 0 0 0.393068015 0.620176661 0.637216030 0.707014678
images/origin_image/019b04c260dd7b028824bff6a6862b7f.jpeg 1 0 0.230516500 0.709540000 0.063657000 0.065132000
images/origin_image/019b04c2ec19755ea868b73bbf7b27fe.jpeg 0 0 0.447305296 0.344018238 0.712512593 0.569184277
images/origin_image/019b04c2ec19755ea868b73bbf7b27fe.jpeg 1 0 0.295935394 0.444852362 0.076775000 0.053828156
images/origin_image/019b04c499c2784981e1e4199d10ac9f.jpeg 0 0 0.370139175 0.605673040 0.434180146 0.735888238
images/origin_image/019b04c499c2784981e1e4199d10ac9f.jpeg 1 0 0.388281000 0.732870500 0.071354000 0.062037000
images/origin_image/019b04c677c6786ea40e3eec0e8e15f7.jpeg 0 0 0.507401972 0.704239477 0.473137944 0.467035046
images/origin_image/019b04c677c6786ea40e3eec0e8e15f7.jpeg 1 0 0.443469052 0.723215029 0.065972000 0.045126449
images/origin_image/019b04c77b4875b09029767b276d99f1.jpeg 0 0 0.791722394 0.468290079 0.392595212 0.644901841
images/origin_image/019b04c77b4875b09029767b276d99f1.jpeg 1 0 0.821615000 0.680555000 0.052604000 0.044444000
images/origin_image/019b04c966977626b5bf53d5756b5511.jpeg 0 0 0.257631708 0.667180500 0.380650120 0.435185000
images/origin_image/019b04c966977626b5bf53d5756b5511.jpeg 1 0 0.218171500 0.757973500 0.057485000 0.034465000
images/origin_image/019b04c96f7d7265a3ebd46d3e1f5b8d.jpeg 0 0 0.449898268 0.523850991 0.443567465 0.797701983
images/origin_image/019b04c96f7d7265a3ebd46d3e1f5b8d.jpeg 1 0 0.485868059 0.695802755 0.071759000 0.060465936
images/origin_image/019b04cba6c27f1780c7d0a47c982a29.jpeg 0 0 0.180469000 0.554629000 0.360938000 0.870370000
images/origin_image/019b04cba6c27f1780c7d0a47c982a29.jpeg 1 0 0.078385500 0.901389000 0.061979000 0.054630000
images/origin_image/019b04cc10bb710b864c1f6a6b0de650.jpeg 0 0 0.263282000 0.535184500 0.523438000 0.857407000
images/origin_image/019b04cc10bb710b864c1f6a6b0de650.jpeg 1 0 0.170312000 0.587037500 0.100000000 0.088889000
images/origin_image/019b04cd91f47a2ca5f4a9db42877d03.jpeg 0 0 0.431541781 0.573148500 0.714125562 0.809259000
images/origin_image/019b04cd91f47a2ca5f4a9db42877d03.jpeg 1 0 0.243593633 0.571747991 0.073958000 0.078704000
images/origin_image/019b04cde47f72aabd45a7d29713821c.jpeg 0 0 0.838156500 0.451645000 0.322917000 0.465132000
images/origin_image/019b04cde47f72aabd45a7d29713821c.jpeg 1 0 0.818287000 0.525329500 0.054012000 0.046711000
images/origin_image/019b04d370e87eb09e9bf818fa749d49.jpeg 0 0 0.405632073 0.692190599 0.402402978 0.550802801
images/origin_image/019b04d370e87eb09e9bf818fa749d49.jpeg 1 0 0.459394285 0.780524700 0.061458000 0.054150259
images/origin_image/019b04d6c1797567b75778094ff7305b.jpeg 0 0 0.241986478 0.411060719 0.483972956 0.707752960
images/origin_image/019b04d6c1797567b75778094ff7305b.jpeg 1 0 0.123437500 0.481944500 0.078125000 0.067593000
images/origin_image/019b04d7224174948f8fb98e16f381ea.jpeg 0 0 0.589231741 0.586998536 0.412989278 0.782318755
images/origin_image/019b04d7224174948f8fb98e16f381ea.jpeg 1 0 0.570595153 0.755354582 0.065104000 0.058070330
images/origin_image/019b04dd1b1c712cafcb730300b2f09b.jpeg 0 0 0.674961000 0.650978000 0.522762000 0.514918000
images/origin_image/019b04dd1b1c712cafcb730300b2f09b.jpeg 1 0 0.587577500 0.727880500 0.072531000 0.049383000
images/origin_image/019b04dd53d87bd4b0fdc28ef75cf421.jpeg 0 0 0.721131449 0.596982762 0.397333438 0.646776477
images/origin_image/019b04dd53d87bd4b0fdc28ef75cf421.jpeg 1 0 0.696875000 0.744445000 0.062500000 0.053704000
images/origin_image/019b04e2adb572b7a30b307d129fba56.jpeg 0 0 0.639612864 0.563158500 0.372589727 0.684211000
images/origin_image/019b04e2adb572b7a30b307d129fba56.jpeg 1 0 0.625526590 0.738619213 0.069059000 0.055422421
images/origin_image/019b04e445a175a68e7357ac3d911c00.jpeg 0 0 0.803385000 0.630555500 0.391146000 0.664815000
images/origin_image/019b04e445a175a68e7357ac3d911c00.jpeg 1 0 0.843439080 0.776117001 0.069271000 0.057407000
images/origin_image/019b04e5bf5b7924b8054f5048861b00.jpeg 0 0 0.770625606 0.697368500 0.345263212 0.519737000
images/origin_image/019b04e5bf5b7924b8054f5048861b00.jpeg 1 0 0.748099623 0.776236471 0.055170000 0.046510921
images/origin_image/019b04e8892275a685b6df243daa6461.jpeg 0 0 0.482639000 0.614969000 0.695988000 0.604424000
images/origin_image/019b04e8892275a685b6df243daa6461.jpeg 1 0 0.321373500 0.742283500 0.081019000 0.057613000
images/origin_image/019b04ec0c1772cfacc333eefe1f3dfe.jpeg 0 0 0.195315584 0.406944500 0.351826584 0.486111000
images/origin_image/019b04ec0c1772cfacc333eefe1f3dfe.jpeg 1 0 0.170573000 0.456944000 0.052604000 0.045370000
images/origin_image/019b04ef4b167ebd871deda090349085.jpeg 0 0 0.215096481 0.639715634 0.287173666 0.609713842
images/origin_image/019b04ef4b167ebd871deda090349085.jpeg 1 0 0.213961407 0.811016190 0.048808173 0.042583189
images/origin_image/019b04f21b43774385d55c87c3d9c43a.jpeg 0 0 0.537073343 0.614011199 0.523104686 0.679383603
images/origin_image/019b04f21b43774385d55c87c3d9c43a.jpeg 1 0 0.492968500 0.609259000 0.075521000 0.070370000
images/origin_image/019b04f3337978a5ae42fb3aa4cd77c8.jpeg 0 0 0.639062500 0.524074000 0.685417000 0.677778000
images/origin_image/019b04f3337978a5ae42fb3aa4cd77c8.jpeg 1 0 0.826822500 0.698611500 0.063021000 0.060185000
images/origin_image/019b04f6f8af7f3d8736875d4b051df3.jpeg 0 0 0.344051533 0.479630000 0.590788014 0.953704000
images/origin_image/019b04f6f8af7f3d8736875d4b051df3.jpeg 1 0 0.338542000 0.681944000 0.092708000 0.075000000
images/origin_image/019b04f8bd9174babe31052d67adb23e.jpeg 0 0 0.442826253 0.629276000 0.459145050 0.561184000
images/origin_image/019b04f8bd9174babe31052d67adb23e.jpeg 1 0 0.327864434 0.751749860 0.048611000 0.044127126
images/origin_image/019b0501134f73408f8de77190ff0eaa.jpeg 0 0 0.486028759 0.476439281 0.555139270 0.952677437
images/origin_image/019b0501134f73408f8de77190ff0eaa.jpeg 1 0 0.496875000 0.687962500 0.094792000 0.081481000
images/origin_image/019b0503dbc2707db62013d687338117.jpeg 0 0 0.397521364 0.571052500 0.354456727 0.542105000
images/origin_image/019b0503dbc2707db62013d687338117.jpeg 1 0 0.369567649 0.699777271 0.057099000 0.048684000
images/origin_image/019b0505473e77a59cce85e746c803ae.jpeg 0 0 0.582031500 0.515460500 0.416295000 0.746711000
images/origin_image/019b0505473e77a59cce85e746c803ae.jpeg 1 0 0.597269138 0.761058950 0.071057000 0.067105000
images/origin_image/019b050cc86a7455933b01f33596ba3f.jpeg 0 0 0.240954944 0.618453837 0.338232873 0.427954571
images/origin_image/019b050cc86a7455933b01f33596ba3f.jpeg 1 0 0.234182000 0.745627500 0.055556000 0.037551000
images/origin_image/019b051ddfa170edaa5244b4ed6d1042.jpeg 0 0 0.410158647 0.625770830 0.820317294 0.745985661
images/origin_image/019b051ddfa170edaa5244b4ed6d1042.jpeg 1 0 0.219616793 0.732185991 0.081771000 0.078004497
images/origin_image/019b051f1fff7d408e51b81a299387d6.jpeg 0 0 0.196566000 0.672325500 0.390818000 0.454733000
images/origin_image/019b051f1fff7d408e51b81a299387d6.jpeg 1 0 0.086612500 0.777005500 0.056713000 0.037551000
images/origin_image/019b0528ed1e7ca19b09526daa6a45e7.jpeg 0 0 0.605841000 0.444407500 0.493676000 0.666447000
images/origin_image/019b0528ed1e7ca19b09526daa6a45e7.jpeg 1 0 0.626674000 0.632236500 0.062872000 0.053947000
images/origin_image/019b052cf44278fe8fc8c6d9b8c88bbe.jpeg 0 0 0.503508268 0.475935251 0.383654938 0.691009021
images/origin_image/019b052cf44278fe8fc8c6d9b8c88bbe.jpeg 1 0 0.482016765 0.776303027 0.072034045 0.054196786
images/origin_image/019b052eb9367794aae7edcec05b2614.jpeg 0 0 0.505862737 0.363453815 0.332699847 0.638554217
images/origin_image/019b052eb9367794aae7edcec05b2614.jpeg 1 0 0.503591748 0.523092369 0.057910212 0.050200803
images/origin_image/019b05315302703183e0d1189b01baf1.jpeg 0 0 0.476163451 0.643586833 0.343927355 0.574873051
images/origin_image/019b05315302703183e0d1189b01baf1.jpeg 1 0 0.479358629 0.837146783 0.048127708 0.039305656
images/origin_image/019b053700db70c69be53ff91fce6f0b.jpeg 0 0 0.448354143 0.656387943 0.506242906 0.658973389
images/origin_image/019b053700db70c69be53ff91fce6f0b.jpeg 1 0 0.436955495 0.888604277 0.088127315 0.076054833
images/origin_image/019b053a0d617819a72ae25bf2c59fd3.jpeg 0 0 0.735055368 0.574364977 0.489964990 0.725344045
images/origin_image/019b053a0d617819a72ae25bf2c59fd3.jpeg 1 0 0.798703837 0.729655580 0.073438000 0.071296000
images/origin_image/019b053b175d710e9614a10df3df08b9.jpeg 0 0 0.445842172 0.277440420 0.445600015 0.468859329
images/origin_image/019b053b175d710e9614a10df3df08b9.jpeg 1 0 0.335521071 0.322149284 0.044643000 0.043095922
images/origin_image/019b053bacd57f0f863b5cc4627a8251.jpeg 0 0 0.567647303 0.543058846 0.587866689 0.913882308
images/origin_image/019b053bacd57f0f863b5cc4627a8251.jpeg 1 0 0.568977920 0.918669836 0.092593000 0.056521156
images/origin_image/019b054a1f487f4ead01bdea86adac2f.jpeg 0 0 0.361520999 0.608399546 0.405221339 0.474208601
images/origin_image/019b054a1f487f4ead01bdea86adac2f.jpeg 1 0 0.314415437 0.633422648 0.056753689 0.043382463
images/origin_image/019b054a4faa751eaf5b5bc3bcf3dccf.jpeg 0 0 0.546354000 0.328249931 0.432292000 0.517611862
images/origin_image/019b054a4faa751eaf5b5bc3bcf3dccf.jpeg 1 0 0.568412791 0.421698599 0.063649166 0.055084476
images/origin_image/019b054d39d67073aadedf36327918ce.jpeg 0 0 0.271271866 0.589812293 0.542543731 0.787041414
images/origin_image/019b054d39d67073aadedf36327918ce.jpeg 1 0 0.219397840 0.710378523 0.083333000 0.075926000
images/origin_image/019b054fb74374259be37bd05696c293.jpeg 0 0 0.766742338 0.626166438 0.364358683 0.710365016
images/origin_image/019b054fb74374259be37bd05696c293.jpeg 1 0 0.762939696 0.926184360 0.055732993 0.044518788
images/origin_image/019b055142b57542828f86eeea27ba17.jpeg 0 0 0.654899500 0.673355000 0.400077000 0.634868000
images/origin_image/019b055142b57542828f86eeea27ba17.jpeg 1 0 0.660717795 0.901015309 0.069059000 0.055921000
images/origin_image/019b05659c4e73a6b9eec8a4afd7e1e5.jpeg 0 0 0.541088412 0.524041478 0.409529468 0.351852939
images/origin_image/019b05659c4e73a6b9eec8a4afd7e1e5.jpeg 1 0 0.437736738 0.607197763 0.041964525 0.038236473
images/origin_image/019b056b05c972c8b5831c2bfc18d190.jpeg 0 0 0.786846634 0.609271612 0.416274732 0.456957959
images/origin_image/019b056b05c972c8b5831c2bfc18d190.jpeg 1 0 0.743984096 0.689131209 0.063431329 0.041174228
images/origin_image/019b057244dc74ee9393c46294bde257.jpeg 0 0 0.716345214 0.285274360 0.278853436 0.348180720
images/origin_image/019b057244dc74ee9393c46294bde257.jpeg 1 0 0.650269500 0.399978138 0.044367000 0.036885724
images/origin_image/019b05739b0e7d8ebdf256aef12354f9.jpeg 0 0 0.265885500 0.788426000 0.531771000 0.421296000
images/origin_image/019b05739b0e7d8ebdf256aef12354f9.jpeg 1 0 0.165252293 0.890450157 0.097170586 0.082063686
images/origin_image/019b057b229a7703ae2183e6b2c85069.jpeg 0 0 0.580639924 0.643813391 0.383512152 0.673483218
images/origin_image/019b057b229a7703ae2183e6b2c85069.jpeg 1 0 0.569270500 0.854166500 0.064583000 0.058333000
images/origin_image/019b057f3d6c740a891a5453c61dcee2.jpeg 0 0 0.251042000 0.471296000 0.387500000 0.572222000
images/origin_image/019b057f3d6c740a891a5453c61dcee2.jpeg 1 0 0.217457508 0.549611019 0.056771000 0.048472447
images/origin_image/019b05869f837339916ca9743ba3be2b.jpeg 0 0 0.248189608 0.476694869 0.312859790 0.427181702
images/origin_image/019b05869f837339916ca9743ba3be2b.jpeg 1 0 0.210731361 0.571924063 0.050540000 0.041028744
images/origin_image/019b0588c3a674408a7cbf8b176ea469.jpeg 0 0 0.191146000 0.658333500 0.381250000 0.616667000
images/origin_image/019b0588c3a674408a7cbf8b176ea469.jpeg 1 0 0.112363349 0.771118024 0.065625000 0.059102557
images/origin_image/019b058d3b977eadb03fb6903654775f.jpeg 0 0 0.202344000 0.261111500 0.373438000 0.437037000
images/origin_image/019b058d3b977eadb03fb6903654775f.jpeg 1 0 0.200781500 0.331481000 0.055729000 0.048148000
images/origin_image/019b059026cf7615aef835d252c03b0b.jpeg 0 0 0.555095098 0.499926294 0.453125000 0.577474885
images/origin_image/019b059026cf7615aef835d252c03b0b.jpeg 1 0 0.537950243 0.645354639 0.069583620 0.057103622
images/origin_image/019b059101f77d059003a696791052e6.jpeg 0 0 0.210431097 0.476546178 0.420862193 0.750609644
images/origin_image/019b059101f77d059003a696791052e6.jpeg 1 0 0.194526208 0.615390295 0.067582547 0.055337748
images/origin_image/019b059c67c87b5e9cfcdf02906664d2.jpeg 0 0 0.391148434 0.562498095 0.410430310 0.765743810
images/origin_image/019b059c67c87b5e9cfcdf02906664d2.jpeg 1 0 0.385416500 0.724074500 0.077083000 0.068519000
images/origin_image/019b059d8e417e54b259101d136bbf87.jpeg 0 0 0.513714571 0.171764215 0.335421294 0.343528431
images/origin_image/019b059d8e417e54b259101d136bbf87.jpeg 1 0 0.512240000 0.225463500 0.060938000 0.039815000
images/origin_image/019b05a0b59570878db50849ab32362d.jpeg 0 0 0.214785448 0.670708955 0.429570896 0.535447761
images/origin_image/019b05a0b59570878db50849ab32362d.jpeg 1 0 0.070673782 0.739838837 0.083955224 0.057835821
images/origin_image/019b05a261cb7308910dac7c646e84bc.jpeg 0 0 0.383244275 0.751977134 0.496426549 0.472381732
images/origin_image/019b05a261cb7308910dac7c646e84bc.jpeg 1 0 0.409464332 0.926372277 0.070491446 0.042202730
images/origin_image/019b05a287787dfe88a08a019e9d263b.jpeg 0 0 0.168210000 0.278619000 0.332562000 0.526974000
images/origin_image/019b05a287787dfe88a08a019e9d263b.jpeg 1 0 0.139467000 0.373684000 0.045910000 0.039474000
images/origin_image/019b05ab594f7c3a9af51a030a5f840e.jpeg 0 0 0.444965858 0.576899739 0.410494000 0.458746746
images/origin_image/019b05ab594f7c3a9af51a030a5f840e.jpeg 1 0 0.433340606 0.735636389 0.067901000 0.053369732
images/origin_image/019b05b23d05721ba9cf839c4ef88714.jpeg 0 0 0.552985753 0.645582329 0.376984127 0.620481928
images/origin_image/019b05b23d05721ba9cf839c4ef88714.jpeg 1 0 0.561501960 0.764416336 0.064723178 0.058232932
images/origin_image/019b05b91af871a9a8d27255ee6da128 (1).jpeg 0 0 0.549266450 0.473199413 0.534848550 0.935083174
images/origin_image/019b05b91af871a9a8d27255ee6da128 (1).jpeg 1 0 0.542967400 0.794550028 0.081250000 0.076852000
images/origin_image/019b05b91af871a9a8d27255ee6da128.jpeg 0 0 0.525527917 0.537963000 0.642188000 0.924074000
images/origin_image/019b05b91af871a9a8d27255ee6da128.jpeg 1 0 0.542948208 0.794606219 0.081250000 0.076852000
images/origin_image/019b05bd89477f18bbabe6a4b792c4ac.jpeg 0 0 0.325766175 0.327110917 0.324631101 0.487914627
images/origin_image/019b05bd89477f18bbabe6a4b792c4ac.jpeg 1 0 0.320554820 0.450422856 0.059023837 0.052465632
images/origin_image/019b05c99b807f5ea343dbdf49cc2ad3.jpeg 0 0 0.253110665 0.587580904 0.506221330 0.750764193
images/origin_image/019b05c99b807f5ea343dbdf49cc2ad3.jpeg 1 0 0.120052500 0.866666500 0.074479000 0.064815000
images/origin_image/019b05d44e5e770792d774eacffc69d1.jpeg 0 0 0.848467650 0.444413642 0.303064699 0.544290573
images/origin_image/019b05d44e5e770792d774eacffc69d1.jpeg 1 0 0.891362892 0.672587248 0.055618615 0.048389987
images/origin_image/019b05e483597856a41b3343ba2c174b.jpeg 0 0 0.704427500 0.510686060 0.425521000 0.845293881
images/origin_image/019b05e483597856a41b3343ba2c174b.jpeg 1 0 0.708333000 0.738426000 0.068750000 0.054630000
images/origin_image/019b05ebf52a716b92079beef50fe676.jpeg 0 0 0.479310944 0.668290962 0.464506000 0.643572846
images/origin_image/019b05ebf52a716b92079beef50fe676.jpeg 1 0 0.497640303 0.926549973 0.078318000 0.049026311
images/origin_image/019b05f06ecf790190571e91f8c0b7dd.jpeg 0 0 0.202303409 0.293365170 0.377510898 0.523385583
images/origin_image/019b05f06ecf790190571e91f8c0b7dd.jpeg 1 0 0.149596410 0.386550275 0.051698000 0.044737000
images/origin_image/019b0607ec407ba898bfa2542e009399.jpeg 0 0 0.271354000 0.666404126 0.542708000 0.576852000
images/origin_image/019b0607ec407ba898bfa2542e009399.jpeg 1 0 0.253554984 0.840608940 0.097917000 0.089302403
images/origin_image/019b060c879f79d291b585500c0780ff.jpeg 0 0 0.285798400 0.538816000 0.414513201 0.888158000
images/origin_image/019b060c879f79d291b585500c0780ff.jpeg 1 0 0.281754003 0.897610909 0.070216000 0.051565665
images/origin_image/019b0614ca67726f9241e52b38a0b4c4.jpeg 0 0 0.241175801 0.686380046 0.472190632 0.625923908
images/origin_image/019b0614ca67726f9241e52b38a0b4c4.jpeg 1 0 0.136547847 0.921093231 0.079861000 0.066058804
images/origin_image/019b0633496a7f9fbe0d8624118bfb12.jpeg 0 0 0.312581100 0.692429841 0.612816201 0.605930317
images/origin_image/019b0633496a7f9fbe0d8624118bfb12.jpeg 1 0 0.198388348 0.885059158 0.076424778 0.067569533
images/origin_image/019b06414bdc798bb168d4cc68ef8f29.jpeg 0 0 0.288001500 0.739455000 0.576003000 0.520062000
images/origin_image/019b06414bdc798bb168d4cc68ef8f29.jpeg 1 0 0.130209000 0.864455000 0.102238000 0.069444000
images/origin_image/019b06451c227a91b0a22167a0de666b.jpeg 0 0 0.826983732 0.447663152 0.299231161 0.386333169
images/origin_image/019b06451c227a91b0a22167a0de666b.jpeg 1 0 0.824218500 0.523026000 0.053199000 0.048684000
images/origin_image/019b064b19e073918399121acd4ca0cb.jpeg 0 0 0.453122465 0.750418985 0.507330000 0.497847561
images/origin_image/019b064b19e073918399121acd4ca0cb.jpeg 1 0 0.393080227 0.804931129 0.070988000 0.059723760
images/origin_image/019b06616b697b21a22cf532ccc52bbc.jpeg 0 0 0.811988752 0.505019434 0.376022496 0.641299702
images/origin_image/019b06616b697b21a22cf532ccc52bbc.jpeg 1 0 0.788802000 0.734259000 0.059896000 0.046296000
images/origin_image/019b0684eb877c1db9dcce6a24f833ed.jpeg 0 0 0.519462975 0.586961802 0.388794171 0.741866396
images/origin_image/019b0684eb877c1db9dcce6a24f833ed.jpeg 1 0 0.537037000 0.863486500 0.067130000 0.057237000
images/origin_image/019b068d38e07024930aef35b57bb8fb.jpeg 0 0 0.558750405 0.675764338 0.494396006 0.646619324
images/origin_image/019b068d38e07024930aef35b57bb8fb.jpeg 1 0 0.569271000 0.906482000 0.088542000 0.079630000
images/origin_image/019b0697e0d576be8688e2d6f6e1b9a2.jpeg 0 0 0.185677500 0.643056000 0.369271000 0.575000000
images/origin_image/019b0697e0d576be8688e2d6f6e1b9a2.jpeg 1 0 0.167274565 0.735265991 0.064583000 0.057547615
images/origin_image/019b06a67acb729f89ed351f44bad026.jpeg 0 0 0.189429620 0.555939924 0.378859240 0.545213848
images/origin_image/019b06a67acb729f89ed351f44bad026.jpeg 1 0 0.145735544 0.646568170 0.058147601 0.045458108
images/origin_image/019b074a44167a8f86a584406f1738db.jpeg 0 0 0.489917849 0.369567408 0.363934039 0.447739329
images/origin_image/019b074a44167a8f86a584406f1738db.jpeg 1 0 0.501116000 0.494408500 0.063988000 0.058553000
images/origin_image/019b078ce18671b99a184561f020bd13.jpeg 0 0 0.325222713 0.616825554 0.605691426 0.578346477
images/origin_image/019b078ce18671b99a184561f020bd13.jpeg 1 0 0.250385500 0.675926500 0.083333000 0.059671000
images/origin_image/019b07b4ba5d7090b2a954ad715ee8ac.jpeg 0 0 0.747512025 0.758113339 0.442515000 0.465132000
images/origin_image/019b07b4ba5d7090b2a954ad715ee8ac.jpeg 1 0 0.753279500 0.869407500 0.067515000 0.057237000
images/origin_image/019b07bfeb597d7b97fb850c51a952aa.jpeg 0 0 0.263537697 0.733215535 0.395142100 0.520701383
images/origin_image/019b07bfeb597d7b97fb850c51a952aa.jpeg 1 0 0.240934000 0.902960500 0.065972000 0.055921000
images/origin_image/019b07bff9797b6eaac024cae1665a81.jpeg 0 0 0.410118551 0.648270699 0.477114722 0.673828603
images/origin_image/019b07bff9797b6eaac024cae1665a81.jpeg 1 0 0.408333000 0.829167000 0.087500000 0.075000000
images/origin_image/019b07c384e77122b5d69dfacea9b2b1.jpeg 0 0 0.196278227 0.642968891 0.391784455 0.707484218
images/origin_image/019b07c384e77122b5d69dfacea9b2b1.jpeg 1 0 0.160108000 0.912829500 0.069444000 0.058553000
images/origin_image/019b07c430097be58d6f4cf5a079f8e3.jpeg 0 0 0.399266171 0.516448000 0.459137674 0.814474000
images/origin_image/019b07c430097be58d6f4cf5a079f8e3.jpeg 1 0 0.392940000 0.800000500 0.073688000 0.057895000
images/origin_image/019b07e15f977f768043da1429a14137.jpeg 0 0 0.707844641 0.650947952 0.403976493 0.668421000
images/origin_image/019b07e15f977f768043da1429a14137.jpeg 1 0 0.674189500 0.927631500 0.052083000 0.043421000
images/origin_image/019b07f0688b76cf9431dbbe2dec9209.jpeg 0 0 0.619020000 0.408223500 0.472608000 0.480921000
images/origin_image/019b07f0688b76cf9431dbbe2dec9209.jpeg 1 0 0.525663339 0.532877888 0.038194000 0.040132000
images/origin_image/019b07f5ccc87b7490dcf17064e80efb.jpeg 0 0 0.308642000 0.649948500 0.613426000 0.670267000
images/origin_image/019b07f5ccc87b7490dcf17064e80efb.jpeg 1 0 0.147376000 0.781635500 0.081790000 0.060185000
images/origin_image/019b07f8e8b671f0aa3acf71008dec38.jpeg 0 0 0.174233825 0.755706899 0.348467650 0.449993694
images/origin_image/019b07f8e8b671f0aa3acf71008dec38.jpeg 1 0 0.120317821 0.806154622 0.059023837 0.050447724
images/origin_image/019b07f8edcf72cab6cfb96970dd8a61.jpeg 0 0 0.499432463 0.718722743 0.299659478 0.531584921
images/origin_image/019b07f8edcf72cab6cfb96970dd8a61.jpeg 1 0 0.493233437 0.826686816 0.051166080 0.042211529
images/origin_image/019b07fb17427fbcbd645fae6fd9e721.jpeg 0 0 0.484013989 0.429166500 0.429976138 0.762037000
images/origin_image/019b07fb17427fbcbd645fae6fd9e721.jpeg 1 0 0.483333000 0.613426500 0.073958000 0.067593000
images/origin_image/019b07fdc767710b9ca8b79d179b5da5.jpeg 0 0 0.255418309 0.190153969 0.293887171 0.360367585
images/origin_image/019b07fdc767710b9ca8b79d179b5da5.jpeg 1 0 0.233024500 0.255921000 0.045525000 0.039474000
images/origin_image/019b08021af87efdbfe2e329d0a05b1c.jpeg 0 0 0.794278304 0.210843373 0.289551061 0.413654618
images/origin_image/019b08021af87efdbfe2e329d0a05b1c.jpeg 1 0 0.795081298 0.244907869 0.045419774 0.044176707
images/origin_image/019b0812a2f07ad9b96bb3d878728ec6.jpeg 0 0 0.294357959 0.638563920 0.588715918 0.695242161
images/origin_image/019b0812a2f07ad9b96bb3d878728ec6.jpeg 1 0 0.086983656 0.861399223 0.077546000 0.075100237
images/origin_image/019b082ff98775afa920208dcc51446e.jpeg 0 0 0.214978514 0.697256712 0.429957028 0.602679054
images/origin_image/019b082ff98775afa920208dcc51446e.jpeg 1 0 0.105710000 0.896862500 0.070988000 0.049897000
images/origin_image/019b08516c4174b0844f6d05c162a0c9.jpeg 0 0 0.529561636 0.533535717 0.559123273 0.746086565
images/origin_image/019b08516c4174b0844f6d05c162a0c9.jpeg 1 0 0.427083000 0.640461000 0.073302000 0.065132000
images/origin_image/019b08528541789b801087caa203eecb.jpeg 0 0 0.433645532 0.474794500 0.867291065 0.845679000
images/origin_image/019b08528541789b801087caa203eecb.jpeg 1 0 0.240162500 0.716564000 0.107639000 0.070988000
images/origin_image/019b0862ca4878e089b110384ff8ddb7.jpeg 0 0 0.300379742 0.665131000 0.512836535 0.448684000
images/origin_image/019b0862ca4878e089b110384ff8ddb7.jpeg 1 0 0.150077000 0.793750000 0.047068000 0.048026000
images/origin_image/019b0863654d71d1af1040eaf0a49c30.jpeg 0 0 0.399305500 0.498199000 0.787809000 0.867798000
images/origin_image/019b0863654d71d1af1040eaf0a49c30.jpeg 1 0 0.113812000 0.684928000 0.105710000 0.071502000
images/origin_image/019b0866c800718499989bd4edb760e0.jpeg 0 0 0.186198000 0.294737000 0.314360000 0.439474000
images/origin_image/019b0866c800718499989bd4edb760e0.jpeg 1 0 0.136533000 0.439145000 0.036458000 0.036184000
images/origin_image/019b086f0ddf7e658182a6b5558939af.jpeg 0 0 0.222029000 0.598765500 0.398534000 0.531893000
images/origin_image/019b086f0ddf7e658182a6b5558939af.jpeg 1 0 0.201393476 0.768167817 0.065972000 0.045782000
images/origin_image/019b0871959173c49a7b19e0315fd490.jpeg 0 0 0.267113000 0.424013000 0.438988000 0.548026000
images/origin_image/019b0871959173c49a7b19e0315fd490.jpeg 1 0 0.171773501 0.527200586 0.052872667 0.048763273
images/origin_image/019b0884b7d37e7a9a20b1d89a3ed44b.jpeg 0 0 0.238811500 0.667695500 0.388889000 0.518519000
images/origin_image/019b0884b7d37e7a9a20b1d89a3ed44b.jpeg 1 0 0.223873323 0.835277546 0.066358000 0.046811000
images/origin_image/019b0886036879a2823980da1371b409.jpeg 0 0 0.500000000 0.610185000 0.537500000 0.727778000
images/origin_image/019b0886036879a2823980da1371b409.jpeg 1 0 0.452864500 0.671759000 0.080729000 0.075000000
images/origin_image/019b08872404720281db65266a92acfa.jpeg 0 0 0.701763713 0.642763500 0.319466575 0.505263000
images/origin_image/019b08872404720281db65266a92acfa.jpeg 1 0 0.718171500 0.758223500 0.055941000 0.042763000
images/origin_image/019b08927b917825a2e574441e9a4075.jpeg 0 0 0.344216418 0.397388060 0.640858209 0.682835821
images/origin_image/019b08927b917825a2e574441e9a4075.jpeg 1 0 0.236473881 0.498134328 0.081156716 0.055970149
images/origin_image/019b0893dd7c7ddf93267e54f8819d6d.jpeg 0 0 0.786380597 0.378938210 0.333022388 0.373548061
images/origin_image/019b0893dd7c7ddf93267e54f8819d6d.jpeg 1 0 0.827819740 0.478913245 0.046734309 0.032209498
images/origin_image/019b08951bcd72a787d081080fe57f3a.jpeg 0 0 0.386061613 0.587704861 0.484519524 0.650906278
images/origin_image/019b08951bcd72a787d081080fe57f3a.jpeg 1 0 0.308923850 0.799031829 0.067664905 0.056183619
images/origin_image/019b0898704b7feeb12ad55b186b27c3.jpeg 0 0 0.740904851 0.551305970 0.351212687 0.442164179
images/origin_image/019b0898704b7feeb12ad55b186b27c3.jpeg 1 0 0.781483209 0.638992537 0.051772388 0.042910448
images/origin_image/019b089c13847558b6b4ae42a6635454.jpeg 0 0 0.361111500 0.679605000 0.376543000 0.614474000
images/origin_image/019b089c13847558b6b4ae42a6635454.jpeg 1 0 0.348060954 0.778427967 0.062114000 0.056579000
images/origin_image/019b08a2e25f7c39800656d07994fe7c.jpeg 0 0 0.303726564 0.519023344 0.594628872 0.943433312
images/origin_image/019b08a2e25f7c39800656d07994fe7c.jpeg 1 0 0.346270056 0.807154145 0.096875000 0.087963000
images/origin_image/019b08a58e9b7a68986e33065357fc5c.jpeg 0 0 0.715096481 0.686170022 0.356413167 0.563259454
images/origin_image/019b08a58e9b7a68986e33065357fc5c.jpeg 1 0 0.762769580 0.816822988 0.054483541 0.038711990
images/origin_image/019b08b02a65786d9e68e8541ab16b27.jpeg 0 0 0.835981839 0.417315249 0.328036322 0.706880931
images/origin_image/019b08b02a65786d9e68e8541ab16b27.jpeg 1 0 0.933619420 0.580401900 0.059023837 0.053688587
images/origin_image/019b08b3062e70a8824cceeaa5904f9b.jpeg 0 0 0.597048808 0.504035818 0.635641317 0.991928364
images/origin_image/019b08b3062e70a8824cceeaa5904f9b.jpeg 1 0 0.631094268 0.637380643 0.101021566 0.096859629
images/origin_image/019b08bbb8d77b2481b3026c558e12e4.jpeg 0 0 0.755907021 0.431751511 0.435426041 0.566127154
images/origin_image/019b08bbb8d77b2481b3026c558e12e4.jpeg 1 0 0.754244000 0.545011000 0.070988000 0.047840000
images/origin_image/019b08bd9bed713d90173d3a4cd7678b.jpeg 0 0 0.568962550 0.493930087 0.519366899 0.823249826
images/origin_image/019b08bd9bed713d90173d3a4cd7678b.jpeg 1 0 0.504948000 0.663888500 0.077604000 0.062963000
images/origin_image/019b08c0086f7cbfbe984888397d5b8e.jpeg 0 0 0.451191827 0.559388255 0.573212259 0.654232630
images/origin_image/019b08c0086f7cbfbe984888397d5b8e.jpeg 1 0 0.301416860 0.621124376 0.060158910 0.059404971
images/origin_image/019b08c1a46b780db71b934865528baf.jpeg 0 0 0.412031782 0.587211502 0.406356413 0.629587590
images/origin_image/019b08c1a46b780db71b934865528baf.jpeg 1 0 0.376844495 0.717088328 0.054483541 0.053926940
images/origin_image/019b08c89e9a7ad3904bbbe7cd152fdd.jpeg 0 0 0.674233825 0.663892042 0.395005675 0.589229411
images/origin_image/019b08c89e9a7ad3904bbbe7cd152fdd.jpeg 1 0 0.678774120 0.725438265 0.061293984 0.050447724
images/origin_image/019b08ccb2fb7b159a3d76a334e82d30.jpeg 0 0 0.217188000 0.457407000 0.432292000 0.751852000
images/origin_image/019b08ccb2fb7b159a3d76a334e82d30.jpeg 1 0 0.080469000 0.623611000 0.066146000 0.052778000
images/origin_image/019b08d275367dbf9208999c068de2cf.jpeg 0 0 0.280363224 0.476226510 0.460839955 0.847521756
images/origin_image/019b08d275367dbf9208999c068de2cf.jpeg 1 0 0.268005979 0.645935611 0.080603811 0.068608904
images/origin_image/019b08d3bd8c7dba8f7fe54ea418d07b.jpeg 0 0 0.770715096 0.271408753 0.365493757 0.542817505
images/origin_image/019b08d3bd8c7dba8f7fe54ea418d07b.jpeg 1 0 0.788726499 0.426585667 0.051078320 0.044393997
images/origin_image/019b08db64e57aab8b5e3609a375e16b.jpeg 0 0 0.399545970 0.512548871 0.660612940 0.750662126
images/origin_image/019b08db64e57aab8b5e3609a375e16b.jpeg 1 0 0.236799612 0.599067259 0.066677508 0.063459884
images/origin_image/019b08e872d27508ab6484c2009be478.jpeg 0 0 0.508513053 0.574873051 0.422247446 0.700687018
images/origin_image/019b08e872d27508ab6484c2009be478.jpeg 1 0 0.488294625 0.663328239 0.069239501 0.057155266
images/origin_image/019b08eaf76b72e7b892241fcfa852c6.jpeg 0 0 0.685643885 0.644907000 0.357745771 0.575000000
images/origin_image/019b08eaf76b72e7b892241fcfa852c6.jpeg 1 0 0.705208000 0.717593000 0.057292000 0.053704000
images/origin_image/019b08ec1c667a389063a8f002b560b7.jpeg 0 0 0.479944030 0.380597015 0.873134328 0.626865672
images/origin_image/019b08ec1c667a389063a8f002b560b7.jpeg 1 0 0.295242537 0.487873134 0.092350746 0.057835821
images/origin_image/019b08ee528a7e338aba653460a2b5cb.jpeg 0 0 0.338734500 0.435855000 0.513889000 0.636184000
images/origin_image/019b08ee528a7e338aba653460a2b5cb.jpeg 1 0 0.214518462 0.623621004 0.054784000 0.047787233
images/origin_image/019b08f29cfb7c8e9bc3b5e074007fde.jpeg 0 0 0.690972000 0.568091500 0.539352000 0.566447000
images/origin_image/019b08f29cfb7c8e9bc3b5e074007fde.jpeg 1 0 0.509753105 0.671491689 0.040895000 0.040499400
images/origin_image/019b08faadf67e7ca18243f17c2c1074.jpeg 0 0 0.337761000 0.451851500 0.554688000 0.757407000
images/origin_image/019b08faadf67e7ca18243f17c2c1074.jpeg 1 0 0.245666195 0.493946042 0.072396000 0.062507595
images/origin_image/019b090402c87badae8791a01264ad2a.jpeg 0 0 0.620833000 0.573148500 0.517708000 0.735185000
images/origin_image/019b090402c87badae8791a01264ad2a.jpeg 1 0 0.630693285 0.795694863 0.083067820 0.075794334
images/origin_image/019b090b1e8f79af8ac8984edfe52e11.jpeg 0 0 0.390104517 0.602366500 0.656983099 0.730453000
images/origin_image/019b090b1e8f79af8ac8984edfe52e11.jpeg 1 0 0.320409000 0.852366500 0.094522000 0.059671000
images/origin_image/019b090f0b4f762a86207eb35af366a7.jpeg 0 0 0.562693000 0.781394099 0.285108000 0.416234563
images/origin_image/019b090f0b4f762a86207eb35af366a7.jpeg 1 0 0.573563600 0.836628145 0.047068000 0.040132000
images/origin_image/019b090fffde713ea1f5dfcb28a7090e.jpeg 0 0 0.271093500 0.419542541 0.530729000 0.825951706
images/origin_image/019b090fffde713ea1f5dfcb28a7090e.jpeg 1 0 0.270051500 0.611574500 0.079687000 0.067593000
images/origin_image/019b091247f57d5196976660a210e9cf.jpeg 0 0 0.428433500 0.613168500 0.329861000 0.518519000
images/origin_image/019b091247f57d5196976660a210e9cf.jpeg 1 0 0.418016500 0.771861500 0.055941000 0.032407000
images/origin_image/019b0914fd4c75f196523d60abf4f88b.jpeg 0 0 0.331032505 0.448593862 0.629543651 0.767150422
images/origin_image/019b0914fd4c75f196523d60abf4f88b.jpeg 1 0 0.213059090 0.413520804 0.074479000 0.068285892
images/origin_image/019b0915f29476d1b962f308ad1f963c.jpeg 0 0 0.752468731 0.551261414 0.434687677 0.675384798
images/origin_image/019b0915f29476d1b962f308ad1f963c.jpeg 1 0 0.833390812 0.682854401 0.059702786 0.052225589
images/origin_image/019b09203e46713eb715ac6d989a29e7.jpeg 0 0 0.840617146 0.338013901 0.317993709 0.668133803
images/origin_image/019b09203e46713eb715ac6d989a29e7.jpeg 1 0 0.938464000 0.500658500 0.058256000 0.046053000
images/origin_image/019b0927ef2b7529bb218ffa60f161e2.jpeg 0 0 0.826901249 0.692946387 0.328036322 0.495517005
images/origin_image/019b0927ef2b7529bb218ffa60f161e2.jpeg 1 0 0.803846516 0.749652581 0.050177865 0.039963298
images/origin_image/019b092bdfc670d680a92fd8466aab7b.jpeg 0 0 0.245852280 0.490422170 0.491704560 0.920973385
images/origin_image/019b092bdfc670d680a92fd8466aab7b.jpeg 1 0 0.078906000 0.637946362 0.103646000 0.087071275
images/origin_image/019b092c7e717afd80c609a5bb426338.jpeg 0 0 0.705208500 0.586556862 0.522974339 0.550891725
images/origin_image/019b092c7e717afd80c609a5bb426338.jpeg 1 0 0.600846309 0.707521668 0.065104000 0.050000000
images/origin_image/019b092d0d827e70972b1b779e57be6e.jpeg 0 0 0.677878835 0.617860417 0.455757670 0.685720835
images/origin_image/019b092d0d827e70972b1b779e57be6e.jpeg 1 0 0.680989500 0.758333500 0.074479000 0.062963000
images/origin_image/019b092db5f67d3b8fa84b83c81d12c8.jpeg 0 0 0.356424491 0.378954280 0.506598982 0.757908560
images/origin_image/019b092db5f67d3b8fa84b83c81d12c8.jpeg 1 0 0.231646229 0.676161880 0.076329869 0.059634365
images/origin_image/019b093531f57a1ca78222942ae0985f.jpeg 0 0 0.294551646 0.389456426 0.584562997 0.774877034
images/origin_image/019b093531f57a1ca78222942ae0985f.jpeg 1 0 0.086265607 0.497414554 0.097616345 0.082734267
images/origin_image/019b0936f0b17ab79440ff79fb3cdb74.jpeg 0 0 0.268990983 0.499945471 0.374291967 0.604055057
images/origin_image/019b0936f0b17ab79440ff79fb3cdb74.jpeg 1 0 0.242002000 0.597697500 0.059896000 0.053289000
images/origin_image/019b093deafe77d783297c811165357c.jpeg 0 0 0.524873213 0.523355000 0.557462425 0.734868000
images/origin_image/019b093deafe77d783297c811165357c.jpeg 1 0 0.422839000 0.633552500 0.074074000 0.065789000
images/origin_image/019b093f90be7cff8d36f31e5ff97fa5.jpeg 0 0 0.757204929 0.684187387 0.335463583 0.531495394
images/origin_image/019b093f90be7cff8d36f31e5ff97fa5.jpeg 1 0 0.740917134 0.704525684 0.051648930 0.041794113
images/origin_image/019b0943101675caba938e07f76b252c.jpeg 0 0 0.604379060 0.502798507 0.548704567 0.453358209
images/origin_image/019b0943101675caba938e07f76b252c.jpeg 1 0 0.713893028 0.536506345 0.063559648 0.039611845
images/origin_image/019b094704bd7b148c87a064a45787cf.jpeg 0 0 0.380597015 0.411380597 0.635261194 0.699626866
images/origin_image/019b094704bd7b148c87a064a45787cf.jpeg 1 0 0.274953358 0.606343284 0.085354478 0.048507463
images/origin_image/019b094970f57fa79871c92acb00d09c.jpeg 0 0 0.288455491 0.579553381 0.495660982 0.818671239
images/origin_image/019b094970f57fa79871c92acb00d09c.jpeg 1 0 0.243785520 0.892753311 0.066667000 0.057348971
images/origin_image/019b095932af7cbeb37aa12b3204e44c.jpeg 0 0 0.443246311 0.448984740 0.650397276 0.897969479
images/origin_image/019b095932af7cbeb37aa12b3204e44c.jpeg 1 0 0.330703232 0.704035797 0.069734512 0.059822649
images/origin_image/019b095a4f1f7d4fabf1d6f9e08aabf6.jpeg 0 0 0.294106071 0.604104366 0.541916142 0.672053268
images/origin_image/019b095a4f1f7d4fabf1d6f9e08aabf6.jpeg 1 0 0.188221675 0.682025544 0.060571000 0.053278448
images/origin_image/019b095eb7ed7c98b204b7afc3037f98.jpeg 0 0 0.677938433 0.499067164 0.569496269 0.513059701
images/origin_image/019b095eb7ed7c98b204b7afc3037f98.jpeg 1 0 0.790523341 0.509456099 0.065856346 0.048507463
images/origin_image/019b096577e17d84bf84bcfc53eef1bd.jpeg 0 0 0.488081725 0.426799689 0.431328036 0.772304200
images/origin_image/019b096577e17d84bf84bcfc53eef1bd.jpeg 1 0 0.520304367 0.624507854 0.063556369 0.054196786
images/origin_image/019b096894e0730ea099234f97c9f5f3.jpeg 0 0 0.483411000 0.507895000 0.535494000 0.750000000
images/origin_image/019b096894e0730ea099234f97c9f5f3.jpeg 1 0 0.395752761 0.784232715 0.067515000 0.053653462
images/origin_image/019b09690c7c70e098769ff497de7e80.jpeg 0 0 0.801695959 0.586943743 0.367631881 0.619945560
images/origin_image/019b09690c7c70e098769ff497de7e80.jpeg 1 0 0.840625500 0.752778000 0.047917000 0.044444000
images/origin_image/019b096c1335706c90ed16d32873a177.jpeg 0 0 0.335414302 0.339697712 0.636776390 0.675524225
images/origin_image/019b096c1335706c90ed16d32873a177.jpeg 1 0 0.161002249 0.373368940 0.055618615 0.056132385
images/origin_image/019b096c965e704386535c65963119dc.jpeg 0 0 0.433030647 0.368268382 0.709421112 0.736536764
images/origin_image/019b096c965e704386535c65963119dc.jpeg 1 0 0.307037457 0.350107201 0.087400681 0.082734267
images/origin_image/019b096e9eba76f0a53e0f0360ba74ff.jpeg 0 0 0.432463110 0.387438517 0.687854711 0.774877034
images/origin_image/019b096e9eba76f0a53e0f0360ba74ff.jpeg 1 0 0.314982974 0.374322109 0.087400681 0.078698449
images/origin_image/019b0970511973e681e9b6f77e8f0cf3.jpeg 0 0 0.361520999 0.542935659 0.575482406 0.749077006
images/origin_image/019b0970511973e681e9b6f77e8f0cf3.jpeg 1 0 0.229214401 0.739188804 0.065365674 0.059178641
images/origin_image/019b0970d6b17835ba11ebecf39d77b3.jpeg 0 0 0.309307605 0.319838567 0.527809308 0.587211502
images/origin_image/019b0970d6b17835ba11ebecf39d77b3.jpeg 1 0 0.213643353 0.423994252 0.064699205 0.054483541
images/origin_image/019b09721b407a22b2b8eba57ad85fc7.jpeg 0 0 0.405958993 0.581533500 0.633677985 0.712449000
images/origin_image/019b09721b407a22b2b8eba57ad85fc7.jpeg 1 0 0.332175500 0.735082000 0.091049000 0.058642000
images/origin_image/019b097257147aa7a809f77a84ce6619.jpeg 0 0 0.242096144 0.271711000 0.341446287 0.513158000
images/origin_image/019b097257147aa7a809f77a84ce6619.jpeg 1 0 0.212384000 0.477631000 0.042052000 0.035526000
images/origin_image/019b0974d3087464bb73b4178016a9ed.jpeg 0 0 0.456961914 0.712499500 0.322534171 0.508333000
images/origin_image/019b0974d3087464bb73b4178016a9ed.jpeg 1 0 0.464268762 0.796543877 0.055208000 0.048148000
images/origin_image/019b09753df07269ad65490e0e4f6004.jpeg 0 0 0.740548000 0.641777000 0.413194000 0.565132000
images/origin_image/019b09753df07269ad65490e0e4f6004.jpeg 1 0 0.682565189 0.751163212 0.060185000 0.051223983
images/origin_image/019b0975b17f716790fd599018514e91.jpeg 0 0 0.307984018 0.430410830 0.586458000 0.816581312
images/origin_image/019b0975b17f716790fd599018514e91.jpeg 1 0 0.244002379 0.384947763 0.079687000 0.068494612
images/origin_image/019b0975d8677788acbcea262bf732e4.jpeg 0 0 0.786807484 0.533882000 0.393384443 0.640132000
images/origin_image/019b0975d8677788acbcea262bf732e4.jpeg 1 0 0.814236500 0.781908500 0.052855000 0.045395000
images/origin_image/019b097a25e27cd3b109591019cd04ae.jpeg 0 0 0.791690779 0.375000500 0.359975575 0.657895000
images/origin_image/019b097a25e27cd3b109591019cd04ae.jpeg 1 0 0.833209673 0.630898279 0.047454000 0.036850757
images/origin_image/019b0981b4877754a42df47c52d62734.jpeg 0 0 0.369213500 0.472649408 0.580247000 0.800755184
images/origin_image/019b0981b4877754a42df47c52d62734.jpeg 1 0 0.258696727 0.750591005 0.060185000 0.055297808
images/origin_image/019b098297037222b672375ee63bd643.jpeg 0 0 0.555233754 0.430092500 0.552536180 0.860185000
images/origin_image/019b098297037222b672375ee63bd643.jpeg 1 0 0.517708000 0.722222500 0.075000000 0.064815000
images/origin_image/019b0982d45f75ac8efbbb89be4379e9.jpeg 0 0 0.336859111 0.600000000 0.523825484 0.729630000
images/origin_image/019b0982d45f75ac8efbbb89be4379e9.jpeg 1 0 0.293750000 0.646296000 0.082292000 0.075926000
images/origin_image/019b0985633670aab98ba9d0fc7fe158.jpeg 0 0 0.516507545 0.726338000 0.380564909 0.527778000
images/origin_image/019b0985633670aab98ba9d0fc7fe158.jpeg 1 0 0.528012373 0.842871645 0.062500000 0.042695000
images/origin_image/019b09891cda7228b2e6b4d522bd1ac4.jpeg 0 0 0.607331443 0.549041549 0.698986377 0.859324902
images/origin_image/019b09891cda7228b2e6b4d522bd1ac4.jpeg 1 0 0.496092217 0.903843675 0.075521000 0.058578420
images/origin_image/019b098b9d8b767dbdce6f9fe8a0c94e.jpeg 0 0 0.656319906 0.564654994 0.395750549 0.637794013
images/origin_image/019b098b9d8b767dbdce6f9fe8a0c94e.jpeg 1 0 0.635145707 0.669737012 0.063272000 0.050596791
images/origin_image/019b098deaf57324b27821f220338a18.jpeg 0 0 0.623523480 0.597221500 0.660588959 0.781481000
images/origin_image/019b098deaf57324b27821f220338a18.jpeg 1 0 0.601042000 0.637499500 0.101042000 0.084259000
images/origin_image/019b098e780d726eb581fc61ccb56c06.jpeg 0 0 0.436336246 0.480105802 0.589786623 0.941104395
images/origin_image/019b098e780d726eb581fc61ccb56c06.jpeg 1 0 0.488618500 0.857895000 0.072917000 0.063158000
images/origin_image/019b0993a43677a68132dec838c8a958.jpeg 0 0 0.665477295 0.543850818 0.353419410 0.632145636
images/origin_image/019b0993a43677a68132dec838c8a958.jpeg 1 0 0.683854000 0.708333000 0.057292000 0.051852000
images/origin_image/019b09954b1b7bbc897957f2b2ba40e2.jpeg 0 0 0.566922555 0.650985482 0.425625789 0.605437037
images/origin_image/019b09954b1b7bbc897957f2b2ba40e2.jpeg 1 0 0.619010500 0.808334000 0.063021000 0.055556000
images/origin_image/019b099b5d757f3eb0dbf9f957940834.jpeg 0 0 0.420061890 0.448148000 0.627661339 0.896296000
images/origin_image/019b099b5d757f3eb0dbf9f957940834.jpeg 1 0 0.204864613 0.639591826 0.082812000 0.079630000
images/origin_image/019b099e184b7ac5aff46d0d03fda3c1.jpeg 0 0 0.634896500 0.362929225 0.697917000 0.716598450
images/origin_image/019b099e184b7ac5aff46d0d03fda3c1.jpeg 1 0 0.649740000 0.361111000 0.115104000 0.101852000
images/origin_image/019b09a0a51777e48c4554d22730fd44.jpeg 0 0 0.402138506 0.584504468 0.455241034 0.620463064
images/origin_image/019b09a0a51777e48c4554d22730fd44.jpeg 1 0 0.311308213 0.712627141 0.058036000 0.053103976
images/origin_image/019b09a0c5167895bbd41a3f38c00f6f.jpeg 0 0 0.446487783 0.364047627 0.798067567 0.728095254
images/origin_image/019b09a0c5167895bbd41a3f38c00f6f.jpeg 1 0 0.193674763 0.499427877 0.065201000 0.063352951
images/origin_image/019b09a320397734bf4b1891d0b403f4.jpeg 0 0 0.576822500 0.609259500 0.525521000 0.712963000
images/origin_image/019b09a320397734bf4b1891d0b403f4.jpeg 1 0 0.535937000 0.663889000 0.081250000 0.074074000
images/origin_image/019b09a3ab587ae08c77360c5bb140ca.jpeg 0 0 0.518461358 0.560855500 0.485453283 0.657237000
images/origin_image/019b09a3ab587ae08c77360c5bb140ca.jpeg 1 0 0.415345443 0.786414074 0.055941000 0.048456001
images/origin_image/019b09a5dd8c761299bbaeee7b89498f.jpeg 0 0 0.578646000 0.488374587 0.407292000 0.854119872
images/origin_image/019b09a5dd8c761299bbaeee7b89498f.jpeg 1 0 0.596268227 0.799339985 0.055208000 0.045219796
images/origin_image/019b09ab70b87916957f865a6ae73cfd.jpeg 0 0 0.491898000 0.349052993 0.972994000 0.598311985
images/origin_image/019b09ab70b87916957f865a6ae73cfd.jpeg 1 0 0.757429742 0.386364279 0.088144615 0.060463300
images/origin_image/019b09adbd5d7614bc2d6fa4ebc15d18.jpeg 0 0 0.399485594 0.543982000 0.533347188 0.726852000
images/origin_image/019b09adbd5d7614bc2d6fa4ebc15d18.jpeg 1 0 0.309643015 0.711996296 0.069056687 0.061381250
images/origin_image/019b09af778e718283f3274681ea39a9.jpeg 0 0 0.448504242 0.483343612 0.515078551 0.855680775
images/origin_image/019b09af778e718283f3274681ea39a9.jpeg 1 0 0.378534000 0.803947500 0.061384000 0.057895000
images/origin_image/019b09b22b007bbcbdcf2733851f3dff.jpeg 0 0 0.781491220 0.672749266 0.348475560 0.564254459
images/origin_image/019b09b22b007bbcbdcf2733851f3dff.jpeg 1 0 0.796093500 0.682407000 0.056771000 0.050000000
images/origin_image/019b09b60d0f7073be84ec38cc6fc3c9.jpeg 0 0 0.757351664 0.536574500 0.455837262 0.913889000
images/origin_image/019b09b60d0f7073be84ec38cc6fc3c9.jpeg 1 0 0.764294450 0.912807728 0.069008178 0.055924333
images/origin_image/019b09b7cfac773e85283ed696edb92e.jpeg 0 0 0.564583500 0.509603819 0.454167000 0.954866363
images/origin_image/019b09b7cfac773e85283ed696edb92e.jpeg 1 0 0.559867237 0.902789220 0.072396000 0.066667000
images/origin_image/019b09b9721c7c49be5f69f80219c6a9.jpeg 0 0 0.277902000 0.458638580 0.464286000 0.607025418
images/origin_image/019b09b9721c7c49be5f69f80219c6a9.jpeg 1 0 0.162450654 0.536449623 0.050597392 0.050447678
images/origin_image/019b09baafa1796987474ee0f6947512.jpeg 0 0 0.597273498 0.564464155 0.500874996 0.706597690
images/origin_image/019b09baafa1796987474ee0f6947512.jpeg 1 0 0.506367719 0.771149285 0.066358000 0.054452243
images/origin_image/019b09be1cba73e188762b7e80a13b7e.jpeg 0 0 0.711353211 0.523882702 0.406135321 0.952234596
images/origin_image/019b09be1cba73e188762b7e80a13b7e.jpeg 1 0 0.691406000 0.871759000 0.057812000 0.050926000
images/origin_image/019b09c1a2ef7836b701186f51423d78.jpeg 0 0 0.816173316 0.693056000 0.366613369 0.580556000
images/origin_image/019b09c1a2ef7836b701186f51423d78.jpeg 1 0 0.847255200 0.754285514 0.066146000 0.057407000
images/origin_image/019b09c2c7c67ff0bedd9d947958cefc.jpeg 0 0 0.699117832 0.452599090 0.381676926 0.782976180
images/origin_image/019b09c2c7c67ff0bedd9d947958cefc.jpeg 1 0 0.694516527 0.742043974 0.057812000 0.047253353
images/origin_image/019b09c4d85a7ff6ba3de0c9dfda2378.jpeg 0 0 0.559475668 0.614001024 0.395632664 0.692039702
images/origin_image/019b09c4d85a7ff6ba3de0c9dfda2378.jpeg 1 0 0.585248240 0.748610500 0.063407199 0.056481000
images/origin_image/019b09ce132177b7989d02ae095dfc77.jpeg 0 0 0.668981500 0.773684000 0.283951000 0.410526000
images/origin_image/019b09ce132177b7989d02ae095dfc77.jpeg 1 0 0.721999175 0.862500500 0.037483651 0.031579000
images/origin_image/019b09d386b17f468ab90d2171cea5d3.jpeg 0 0 0.322568521 0.476644500 0.504513041 0.579605000
images/origin_image/019b09d386b17f468ab90d2171cea5d3.jpeg 1 0 0.196706764 0.585165666 0.055804000 0.053395080
images/origin_image/019b09d734707d5ebfe0d03b685a3608.jpeg 0 0 0.604121146 0.518449035 0.494028583 0.810582070
images/origin_image/019b09d734707d5ebfe0d03b685a3608.jpeg 1 0 0.555106559 0.724036505 0.077546000 0.060989909
images/origin_image/019b09e1552f783dac7ab01be9f30651.jpeg 0 0 0.404880771 0.428240500 0.623303541 0.856481000
images/origin_image/019b09e1552f783dac7ab01be9f30651.jpeg 1 0 0.355208500 0.733333500 0.079167000 0.068519000
images/origin_image/019b09e6185374c881394caee919ca9b.jpeg 0 0 0.537861792 0.596951972 0.502251565 0.800834056
images/origin_image/019b09e6185374c881394caee919ca9b.jpeg 1 0 0.487847000 0.937500000 0.062114000 0.051316000
images/origin_image/019b09e955d07ec99406e7a610a2bf9e.jpeg 0 0 0.637506668 0.585023838 0.688391204 0.773037119
images/origin_image/019b09e955d07ec99406e7a610a2bf9e.jpeg 1 0 0.527343500 0.876388500 0.074479000 0.056481000
images/origin_image/019b09edc47c7cf280af401cca96e9d7.jpeg 0 0 0.413387500 0.533793351 0.635417000 0.712249299
images/origin_image/019b09edc47c7cf280af401cca96e9d7.jpeg 1 0 0.324459500 0.682891447 0.091821000 0.058087106
images/origin_image/019b09ee326d7fd6af6f66f2c3c36251.jpeg 0 0 0.391589500 0.521355338 0.415895000 0.885226528
images/origin_image/019b09ee326d7fd6af6f66f2c3c36251.jpeg 1 0 0.378638323 0.888373128 0.062114000 0.050339932
images/origin_image/019b09f06be7701e868b956ebf86f5f1.jpeg 0 0 0.621483208 0.547005397 0.440242460 0.716678318
images/origin_image/019b09f06be7701e868b956ebf86f5f1.jpeg 1 0 0.620347509 0.607260457 0.070833000 0.056258672
images/origin_image/019b09f955577eceb66f8ccea39efde6.jpeg 0 0 0.543620656 0.458253407 0.437749677 0.766506813
images/origin_image/019b09f955577eceb66f8ccea39efde6.jpeg 1 0 0.581968367 0.682808919 0.067901000 0.064474000
images/origin_image/019b0a006f637cdb99f438a8001436f6.jpeg 0 0 0.684390420 0.540623460 0.573199088 0.865718364
images/origin_image/019b0a006f637cdb99f438a8001436f6.jpeg 1 0 0.659598310 0.666365452 0.090625000 0.085185000
images/origin_image/019b0a0dce187ee8a36d235f0b19fbd0.jpeg 0 0 0.273208281 0.400624662 0.365436314 0.629082914
images/origin_image/019b0a0dce187ee8a36d235f0b19fbd0.jpeg 1 0 0.243229000 0.514120500 0.056250000 0.049537000
images/origin_image/019b0a13c2c07306be1580d9f722083c.jpeg 0 0 0.259607303 0.726852000 0.306187438 0.494444000
images/origin_image/019b0a13c2c07306be1580d9f722083c.jpeg 1 0 0.244270500 0.832870000 0.047917000 0.045370000
images/origin_image/019b0a1f7ecf76f2965da050a0e0c5ad.jpeg 0 0 0.547749843 0.521530079 0.570124314 0.940271841
images/origin_image/019b0a1f7ecf76f2965da050a0e0c5ad.jpeg 1 0 0.566927500 0.768518500 0.094271000 0.081481000
images/origin_image/019b0a2ccdf873f49604a94d2c3023eb.jpeg 0 0 0.269430989 0.544907000 0.538861978 0.876852000
images/origin_image/019b0a2ccdf873f49604a94d2c3023eb.jpeg 1 0 0.163802000 0.807870500 0.092188000 0.082407000
images/origin_image/019b0a3067277011b93f7b7fc3c792cc.jpeg 0 0 0.294147051 0.352512650 0.479605898 0.614491300
images/origin_image/019b0a3067277011b93f7b7fc3c792cc.jpeg 1 0 0.286458500 0.479681500 0.087577000 0.057099000
images/origin_image/019b0a331cfa73a9935b92b4a708fca1.jpeg 0 0 0.652356336 0.494919318 0.542212672 0.978726636
images/origin_image/019b0a331cfa73a9935b92b4a708fca1.jpeg 1 0 0.615625000 0.747685000 0.088542000 0.073148000
images/origin_image/019b0a352e807ef9807c08a1d7b7a6ca.jpeg 0 0 0.789437510 0.451388613 0.364026980 0.636987226
images/origin_image/019b0a352e807ef9807c08a1d7b7a6ca.jpeg 1 0 0.816743500 0.694079000 0.049383000 0.038158000
images/origin_image/019b0a37986c742ba4d7068568e28f36.jpeg 0 0 0.420524500 0.722479500 0.450617000 0.551955000
images/origin_image/019b0a37986c742ba4d7068568e28f36.jpeg 1 0 0.371576838 0.891011560 0.069444000 0.051955000
images/origin_image/019b0a3c3a907b4299c4bcef50198573.jpeg 0 0 0.781997135 0.379423715 0.351217350 0.581693444
images/origin_image/019b0a3c3a907b4299c4bcef50198573.jpeg 1 0 0.800042998 0.468576859 0.055030091 0.049074000
images/origin_image/019b0a4c3e307ac79210fa0525e39caa.jpeg 0 0 0.505471616 0.644399859 0.356752202 0.609851717
images/origin_image/019b0a4c3e307ac79210fa0525e39caa.jpeg 1 0 0.508487500 0.836512500 0.052469000 0.041447000
images/origin_image/019b0a5133ae7ad7822fcb59af67a184.jpeg 0 0 0.231419200 0.368518500 0.460754400 0.707407000
images/origin_image/019b0a5133ae7ad7822fcb59af67a184.jpeg 1 0 0.106392994 0.389274234 0.068229000 0.064064318
images/origin_image/019b0a556fcb7fd4b4afc3bc77c92459.jpeg 0 0 0.387152500 0.497981366 0.576003000 0.810623269
images/origin_image/019b0a556fcb7fd4b4afc3bc77c92459.jpeg 1 0 0.370563500 0.747685500 0.096065000 0.062243000
images/origin_image/019b0a56ac8e7f74a3ae76439b2a38e0.jpeg 0 0 0.365784832 0.681018500 0.431440270 0.636111000
images/origin_image/019b0a56ac8e7f74a3ae76439b2a38e0.jpeg 1 0 0.357551500 0.928703500 0.079687000 0.068519000
images/origin_image/019b0a5b9a477e028197186fca3b83fc.jpeg 0 0 0.402006000 0.405133488 0.633488000 0.578621023
images/origin_image/019b0a5b9a477e028197186fca3b83fc.jpeg 1 0 0.353202000 0.445730500 0.097608000 0.065329000
images/origin_image/019b0a5ee8787234a5ad0669fa1a3154.jpeg 0 0 0.514899239 0.321489940 0.599393254 0.477926239
images/origin_image/019b0a5ee8787234a5ad0669fa1a3154.jpeg 1 0 0.462962500 0.448817000 0.099537000 0.069444000
images/origin_image/019b0a60b8c27d9892e5286ebe750d0d.jpeg 0 0 0.170075905 0.350402272 0.337027810 0.560880189
images/origin_image/019b0a60b8c27d9892e5286ebe750d0d.jpeg 1 0 0.082267795 0.381486150 0.076899687 0.075000000
images/origin_image/019b0a6638097c17a25b0a5bb95c02bc.jpeg 0 0 0.673378022 0.190366745 0.462870204 0.378881490
images/origin_image/019b0a6638097c17a25b0a5bb95c02bc.jpeg 1 0 0.654453013 0.184272895 0.073958000 0.060086140
images/origin_image/019b0a67981e75ccb5a69cab11772d51.jpeg 0 0 0.171053909 0.707236500 0.341335818 0.567105000
images/origin_image/019b0a67981e75ccb5a69cab11772d51.jpeg 1 0 0.106867500 0.827960000 0.056327000 0.048026000
images/origin_image/019b0a6a89e879a081204536ffe8a4f1.jpeg 0 0 0.825469862 0.718507945 0.348290277 0.473510110
images/origin_image/019b0a6a89e879a081204536ffe8a4f1.jpeg 1 0 0.805362500 0.873355000 0.059799000 0.050658000
images/origin_image/019b0a7543e577318edadfd90c9cc6df.jpeg 0 0 0.248071000 0.711842000 0.493056000 0.575000000
images/origin_image/019b0a7543e577318edadfd90c9cc6df.jpeg 1 0 0.071981117 0.922419738 0.067132253 0.063816000
images/origin_image/019b0a7839cf7dddbff8bdc248c8e2ca.jpeg 0 0 0.246615000 0.525105722 0.492188000 0.831693444
images/origin_image/019b0a7839cf7dddbff8bdc248c8e2ca.jpeg 1 0 0.076562500 0.861111500 0.077083000 0.068519000
images/origin_image/019b0a811bf87033b0cfeedb8f5db5a7.jpeg 0 0 0.670833500 0.126389000 0.403125000 0.252778000
images/origin_image/019b0a811bf87033b0cfeedb8f5db5a7.jpeg 1 0 0.684115000 0.065399685 0.066146000 0.056236630
images/origin_image/019b0a88927d7f4b8449386284f18814.jpeg 0 0 0.261430421 0.388977745 0.473601250 0.604573410
images/origin_image/019b0a88927d7f4b8449386284f18814.jpeg 1 0 0.097432308 0.581252909 0.065625000 0.056871319
images/origin_image/019b0a8c6c457908914ee7ee9712a3fd.jpeg 0 0 0.575758309 0.567592000 0.410892618 0.644444000
images/origin_image/019b0a8c6c457908914ee7ee9712a3fd.jpeg 1 0 0.591474467 0.711390484 0.069792000 0.063889000
images/origin_image/019b0a97b4d07e04bad8b716495ca45e.jpeg 0 0 0.334201557 0.483995977 0.359478031 0.565762337
images/origin_image/019b0a97b4d07e04bad8b716495ca45e.jpeg 1 0 0.327083000 0.657407000 0.081250000 0.074074000
images/origin_image/019b0aa579177eb29a2bfb6891916828.jpeg 0 0 0.804335248 0.631682196 0.369725503 0.585577496
images/origin_image/019b0aa579177eb29a2bfb6891916828.jpeg 1 0 0.702547000 0.816118000 0.059414000 0.048026000
images/origin_image/019b0ab3d3b6751db3b72c9a0e637465.jpeg 0 0 0.515562470 0.412692591 0.380401000 0.478289000
images/origin_image/019b0ab3d3b6751db3b72c9a0e637465.jpeg 1 0 0.485520358 0.596401619 0.062548042 0.051171177
images/origin_image/019b0ac50b117ae7a80d66619b47d599.jpeg 0 0 0.291367257 0.630612239 0.467723797 0.705441522
images/origin_image/019b0ac50b117ae7a80d66619b47d599.jpeg 1 0 0.270833000 0.721296000 0.088542000 0.079630000
images/origin_image/019b0ace217a797496030dd0d907377b.jpeg 0 0 0.813850000 0.246928339 0.371528000 0.481143322
images/origin_image/019b0ace217a797496030dd0d907377b.jpeg 1 0 0.781090240 0.318673791 0.059414000 0.048029063
images/origin_image/019b0ad5221673e8a8f20bb9cef79fa4.jpeg 0 0 0.192708500 0.723147500 0.384375000 0.483333000
images/origin_image/019b0ad5221673e8a8f20bb9cef79fa4.jpeg 1 0 0.166274720 0.780303970 0.068750000 0.059259000
images/origin_image/019b0ad8d34a7be99bc1574fdae790e5.jpeg 0 0 0.311846253 0.619480113 0.593189070 0.610150487
images/origin_image/019b0ad8d34a7be99bc1574fdae790e5.jpeg 1 0 0.177570400 0.729503975 0.069059000 0.057683481
images/origin_image/019b0ae55de777178384171d73eb1c67.jpeg 0 0 0.644097000 0.475911873 0.519676000 0.641798254
images/origin_image/019b0ae55de777178384171d73eb1c67.jpeg 1 0 0.641203500 0.663065500 0.068673000 0.040123000
images/origin_image/019b0aebfb77705cacbe3e3f30f9befd.jpeg 0 0 0.466460139 0.294394269 0.602564834 0.458186800
images/origin_image/019b0aebfb77705cacbe3e3f30f9befd.jpeg 1 0 0.467317151 0.465201840 0.094136000 0.064300000
images/origin_image/019b0af37add7c32bc63d2fe0007d8f9.jpeg 0 0 0.828906000 0.587499500 0.340104000 0.560185000
images/origin_image/019b0af37add7c32bc63d2fe0007d8f9.jpeg 1 0 0.911719000 0.666203500 0.073438000 0.065741000
images/origin_image/019b0b0275477b4794a0e938fffdd0fe.jpeg 0 0 0.613020500 0.596224232 0.565625000 0.801995536
images/origin_image/019b0b0275477b4794a0e938fffdd0fe.jpeg 1 0 0.593501656 0.855175147 0.092708000 0.088889000
images/origin_image/019b0b055b357aedbe54eeccb71b4e27.jpeg 1 0 0.533296500 0.933553000 0.072545000 0.063158000
images/origin_image/019b0b055b357aedbe54eeccb71b4e27.jpeg 0 0 0.533869602 0.799478586 0.417442845 0.401042827
images/origin_image/019b0b184850767882fc2d2f278db1bc.jpeg 0 0 0.263147509 0.597039500 0.523981019 0.729605000
images/origin_image/019b0b184850767882fc2d2f278db1bc.jpeg 1 0 0.077420038 0.748589810 0.072392477 0.059249344
images/origin_image/019b0b32995371649bb6a5b757fcca9b.jpeg 0 0 0.830428026 0.767018119 0.338101948 0.464111762
images/origin_image/019b0b32995371649bb6a5b757fcca9b.jpeg 1 0 0.863802000 0.906018500 0.067188000 0.062037000
images/origin_image/019b0b5eb0917694bb6e14fce3bd1bd5.jpeg 0 0 0.233801631 0.741750576 0.425695848 0.516498848
images/origin_image/019b0b5eb0917694bb6e14fce3bd1bd5.jpeg 1 0 0.217806071 0.824928271 0.064815000 0.057237000
images/origin_image/019b0b7e6536706cbb6f072d43be7781.jpeg 0 0 0.622384526 0.307600065 0.447401999 0.500760696
images/origin_image/019b0b7e6536706cbb6f072d43be7781.jpeg 1 0 0.523566819 0.466013310 0.055556000 0.046257746
images/origin_image/019b0bc5204073008804b569db5f7c5d.jpeg 0 0 0.566166783 0.200903774 0.291709565 0.313683190
images/origin_image/019b0bc5204073008804b569db5f7c5d.jpeg 1 0 0.560416500 0.311111000 0.054167000 0.048148000
images/origin_image/019b0ce6a8ba7906a3a1ebf87a5e641a.jpeg 0 0 0.336784164 0.619249632 0.472804015 0.419860224
images/origin_image/019b0ce6a8ba7906a3a1ebf87a5e641a.jpeg 1 0 0.339824946 0.669291262 0.081422321 0.060185000
images/origin_image/019b0cf175427739886d35f3b55fba6a.jpeg 0 0 0.368935490 0.586218389 0.569059000 0.587612013
images/origin_image/019b0cf175427739886d35f3b55fba6a.jpeg 1 0 0.253594013 0.701097232 0.069059000 0.059756818
images/origin_image/019b0d17f5237703beeb04a6359015d0.jpeg 0 0 0.514505077 0.435012020 0.446754926 0.655610291
images/origin_image/019b0d17f5237703beeb04a6359015d0.jpeg 1 0 0.516406500 0.544907500 0.075521000 0.065741000
images/origin_image/019b0d252b317d45ace570af0ed79c44.jpeg 1 0 0.896798000 0.937170500 0.066744000 0.053289000
images/origin_image/019b0d252b317d45ace570af0ed79c44.jpeg 0 0 0.849602724 0.884216500 0.300794552 0.231566999
images/origin_image/019b0d27e8fc7b58a4f259b796c781e2.jpeg 0 0 0.159143500 0.842575180 0.318287000 0.312219640
images/origin_image/019b0d27e8fc7b58a4f259b796c781e2.jpeg 1 0 0.131870128 0.881566478 0.061343000 0.050139846
images/origin_image/019b0d2ef9ee7af3959e10ce045436a1.jpeg 0 0 0.459442768 0.312757500 0.672743536 0.567901000
images/origin_image/019b0d2ef9ee7af3959e10ce045436a1.jpeg 1 0 0.288567205 0.381164267 0.069059000 0.049684493
images/origin_image/019b0d30804f74c68a984eb87e3882e0.jpeg 0 0 0.694058500 0.779571259 0.391975000 0.348753482
images/origin_image/019b0d30804f74c68a984eb87e3882e0.jpeg 1 0 0.705730951 0.777964373 0.060201222 0.048602472
images/origin_image/019b0d75223578499ece14126d3be90b.jpeg 0 0 0.549961500 0.577781209 0.588349000 0.770753583
images/origin_image/019b0d75223578499ece14126d3be90b.jpeg 1 0 0.446373500 0.686184500 0.075617000 0.067105000
images/origin_image/019b0d84b9447ed5bcc3e0edb766819b.jpeg 0 0 0.395397719 0.613077246 0.490179007 0.771215509
images/origin_image/019b0d84b9447ed5bcc3e0edb766819b.jpeg 1 0 0.370388583 0.932735135 0.076003000 0.062500000
images/origin_image/019b0d921cbc7ef198a145e7abfb2e25.jpeg 0 0 0.413002000 0.707155746 0.328318000 0.523846509
images/origin_image/019b0d921cbc7ef198a145e7abfb2e25.jpeg 1 0 0.382330000 0.797039500 0.050926000 0.042763000
images/origin_image/019b0d99301f7a33bf2fc55af18214e1.jpeg 0 0 0.791146000 0.636111500 0.417708000 0.714815000
images/origin_image/019b0d99301f7a33bf2fc55af18214e1.jpeg 1 0 0.763542000 0.802315000 0.063542000 0.052778000
images/origin_image/019b0d9d403e75c08ae2ebe368232f86.jpeg 0 0 0.378933316 0.606944500 0.551616631 0.743519000
images/origin_image/019b0d9d403e75c08ae2ebe368232f86.jpeg 1 0 0.317406158 0.655193334 0.079167000 0.072222000
images/origin_image/019b0da3d04278599bc4a9b33a3761a1.jpeg 0 0 0.396291438 0.456788997 0.493097708 0.754295358
images/origin_image/019b0da3d04278599bc4a9b33a3761a1.jpeg 1 0 0.361198000 0.574537000 0.065104000 0.069444000
images/origin_image/019b0dada1da76cba4d91321721dded3.jpeg 0 0 0.279146779 0.532408000 0.496835557 0.703704000
images/origin_image/019b0dada1da76cba4d91321721dded3.jpeg 1 0 0.234045551 0.593799574 0.077604000 0.068519000
images/origin_image/019b0db3b1b77916ac4c47bce365329c.jpeg 0 0 0.600715242 0.565016136 0.502737516 0.830032272
images/origin_image/019b0db3b1b77916ac4c47bce365329c.jpeg 1 0 0.639844000 0.683333500 0.073438000 0.066667000
images/origin_image/019b0db8b1507aca8671d757eb42c65f.jpeg 0 0 0.576396343 0.600864901 0.531958686 0.720247801
images/origin_image/019b0db8b1507aca8671d757eb42c65f.jpeg 1 0 0.527083500 0.648148000 0.078125000 0.072222000
images/origin_image/019b0dbd890472a9ba880fbbaa02e435.jpeg 0 0 0.473371242 0.547838408 0.606116484 0.902471184
images/origin_image/019b0dbd890472a9ba880fbbaa02e435.jpeg 1 0 0.435671617 0.659063669 0.088021000 0.087963000
images/origin_image/019b0dc257af740eb22bb7fa44fef5f9.jpeg 0 0 0.738199111 0.615207801 0.459691336 0.645900398
images/origin_image/019b0dc257af740eb22bb7fa44fef5f9.jpeg 1 0 0.666863801 0.679015816 0.060185000 0.055921000
images/origin_image/019b0dc3ac217e058a9ea0d43029a31c.jpeg 0 0 0.205729000 0.615278000 0.411458000 0.749074000
images/origin_image/019b0dc3ac217e058a9ea0d43029a31c.jpeg 1 0 0.107031500 0.645370500 0.074479000 0.068519000
images/origin_image/019b0dc800df7244958a1833404b04fb.jpeg 0 0 0.294041781 0.407870000 0.489125562 0.676852000
images/origin_image/019b0dc800df7244958a1833404b04fb.jpeg 1 0 0.217209976 0.442149455 0.065104000 0.056481000
images/origin_image/019b0dd6cc07703187d0dbdc543157f1.jpeg 0 0 0.648020095 0.590863199 0.384707314 0.629383603
images/origin_image/019b0dd6cc07703187d0dbdc543157f1.jpeg 1 0 0.629426500 0.637963000 0.055729000 0.046296000
images/origin_image/019b0dd7e1ba762b8b495063031cebf1.jpeg 0 0 0.732812500 0.547456079 0.445833000 0.818049841
images/origin_image/019b0dd7e1ba762b8b495063031cebf1.jpeg 1 0 0.711921460 0.726629039 0.068229000 0.058333000
images/origin_image/019b0ddc6feb722dbd8804d5ed50fa77.jpeg 0 0 0.720044906 0.508333500 0.558868188 0.933333000
images/origin_image/019b0ddc6feb722dbd8804d5ed50fa77.jpeg 1 0 0.781771000 0.803240500 0.106250000 0.087963000
images/origin_image/019b0ddfe721700eaa016a6b37dc2cb2.jpeg 0 0 0.206901000 0.402914045 0.410156000 0.801198089
images/origin_image/019b0ddfe721700eaa016a6b37dc2cb2.jpeg 1 0 0.145080297 0.683577568 0.054029243 0.043954865
images/origin_image/019b0de8f1ef7d56b73d83b1fdc2645a.jpeg 0 0 0.333103781 0.574531841 0.530791562 0.729630000
images/origin_image/019b0de8f1ef7d56b73d83b1fdc2645a.jpeg 1 0 0.248016183 0.589440564 0.068229000 0.068519000
images/origin_image/019b0df43ad872879e73a73348ca39b0.jpeg 0 0 0.750520500 0.615278500 0.341667000 0.593519000
images/origin_image/019b0df43ad872879e73a73348ca39b0.jpeg 1 0 0.784115000 0.727314500 0.047396000 0.039815000
images/origin_image/019b0df67d9a781abf18c405b39a99be.jpeg 0 0 0.195216500 0.346710000 0.345679000 0.423684000
images/origin_image/019b0df67d9a781abf18c405b39a99be.jpeg 1 0 0.147234536 0.379082125 0.049383000 0.042105000
images/origin_image/019b0dfb886e7327b8e4d1398b94f299.jpeg 0 0 0.353065522 0.392018119 0.656131044 0.784036238
images/origin_image/019b0dfb886e7327b8e4d1398b94f299.jpeg 1 0 0.321094000 0.312036500 0.098438000 0.083333000
images/origin_image/019b0e04e1a070c1b9a30bdbeb6adc27.jpeg 0 0 0.171875500 0.572368000 0.268133000 0.425000000
images/origin_image/019b0e04e1a070c1b9a30bdbeb6adc27.jpeg 1 0 0.145609042 0.687886608 0.041667000 0.034868000
images/origin_image/019b0e09eb047f2cba40a51a0cefc3b9.jpeg 0 0 0.482064631 0.499150085 0.461815263 0.850162509
images/origin_image/019b0e09eb047f2cba40a51a0cefc3b9.jpeg 1 0 0.466435000 0.688816000 0.077160000 0.060526000
images/origin_image/019b0e0e832371969e872c5c8e5fff0d.jpeg 0 0 0.779899500 0.714802000 0.298997000 0.523026000
images/origin_image/019b0e0e832371969e872c5c8e5fff0d.jpeg 1 0 0.780864500 0.806200732 0.045525000 0.040230536
images/origin_image/019b0e150ce37c9f8848d31fa0923691.jpeg 0 0 0.378547106 0.592823811 0.468785471 0.814352377
images/origin_image/019b0e150ce37c9f8848d31fa0923691.jpeg 1 0 0.336084195 0.816192899 0.069461118 0.058519359
images/origin_image/019b0e16e85478149054c42f259f0c41.jpeg 0 0 0.743954731 0.433356902 0.431658658 0.784296992
images/origin_image/019b0e16e85478149054c42f259f0c41.jpeg 1 0 0.777190891 0.746759185 0.059414000 0.046619013
images/origin_image/019b0e17bdff703db805ffb55ba794db.jpeg 0 0 0.387076927 0.371759000 0.704599766 0.726852000
images/origin_image/019b0e17bdff703db805ffb55ba794db.jpeg 1 0 0.270833000 0.517129500 0.073958000 0.065741000
images/origin_image/019b0e1cb38a74c296032f8efb4f9e4c.jpeg 0 0 0.229284904 0.358178837 0.413166856 0.627569681
images/origin_image/019b0e1cb38a74c296032f8efb4f9e4c.jpeg 1 0 0.169674011 0.566118574 0.052213394 0.046780801
images/origin_image/019b0e1f7a4f729aa1c90850634b87d3.jpeg 0 0 0.822360953 0.278438013 0.293984109 0.320732888
images/origin_image/019b0e1f7a4f729aa1c90850634b87d3.jpeg 1 0 0.880030317 0.380755611 0.037805572 0.032084571
images/origin_image/019b0e242dae7feeab175ece3d4b71a2.jpeg 0 0 0.449489217 0.480262328 0.485811578 0.786984487
images/origin_image/019b0e242dae7feeab175ece3d4b71a2.jpeg 1 0 0.446706297 0.548871232 0.076159472 0.068608904
images/origin_image/019b0e278498775ebde1e76e0b657cbe.jpeg 0 0 0.268295146 0.583271901 0.372006292 0.638765801
images/origin_image/019b0e278498775ebde1e76e0b657cbe.jpeg 1 0 0.233854500 0.762500000 0.060417000 0.050926000
images/origin_image/019b0e29881c7ec0a26f52b69fecfa2a.jpeg 0 0 0.493260281 0.534599301 0.576920986 0.925268033
images/origin_image/019b0e29881c7ec0a26f52b69fecfa2a.jpeg 1 0 0.500780500 0.847685500 0.079687000 0.067593000
images/origin_image/019b0e2bbe9d7db29ec9341c3a45ca09.jpeg 0 0 0.300227015 0.509522008 0.577752554 0.950435112
images/origin_image/019b0e2bbe9d7db29ec9341c3a45ca09.jpeg 1 0 0.241248595 0.880008446 0.071509648 0.064573086
images/origin_image/019b0e345db8795eb6ce946c84d630ae.jpeg 0 0 0.440976163 0.570626813 0.598183882 0.858746374
images/origin_image/019b0e345db8795eb6ce946c84d630ae.jpeg 1 0 0.471623156 0.858620255 0.094211124 0.074662631
images/origin_image/019b0e36cf60767ab43a640d2b0ec4cd.jpeg 0 0 0.433334000 0.520370000 0.332292000 0.644444000
images/origin_image/019b0e36cf60767ab43a640d2b0ec4cd.jpeg 1 0 0.428906500 0.729629000 0.049479000 0.046296000
images/origin_image/019b0e3c02997a33a8db5edd366e0e7c.jpeg 0 0 0.755959137 0.380375836 0.456299659 0.756715853
images/origin_image/019b0e3c02997a33a8db5edd366e0e7c.jpeg 1 0 0.754824064 0.632614453 0.070374574 0.062555177
images/origin_image/019b0e3fd652793b92914004f45f27a8.jpeg 0 0 0.755391600 0.503026863 0.489216799 0.993946273
images/origin_image/019b0e3fd652793b92914004f45f27a8.jpeg 1 0 0.864126380 0.794255843 0.077185017 0.064573086
images/origin_image/019b0e4199d27e2e86d2db4dd8dfbb90.jpeg 0 0 0.412760000 0.443518500 0.632812000 0.887037000
images/origin_image/019b0e4199d27e2e86d2db4dd8dfbb90.jpeg 1 0 0.332773572 0.555748349 0.092902854 0.078346722
images/origin_image/019b0e47d73378cb9e676917d1b670ee.jpeg 0 0 0.331774584 0.697222500 0.336465168 0.561111000
images/origin_image/019b0e47d73378cb9e676917d1b670ee.jpeg 1 0 0.305728500 0.906482000 0.058333000 0.051852000
images/origin_image/019b0e4a8be075c2b832d538f771a538.jpeg 0 0 0.586629381 0.488320791 0.475699238 0.715529582
images/origin_image/019b0e4a8be075c2b832d538f771a538.jpeg 1 0 0.572603876 0.659033267 0.072396000 0.064815000
images/origin_image/019b0e4dc030797cbab42cb27be328ec.jpeg 0 0 0.513893631 0.552422302 0.446769263 0.714054604
images/origin_image/019b0e4dc030797cbab42cb27be328ec.jpeg 1 0 0.447723500 0.746053000 0.064429000 0.052632000
images/origin_image/019b0e51552f79ae864d08cb435ed733.jpeg 0 0 0.521615000 0.445370500 0.553646000 0.890741000
images/origin_image/019b0e51552f79ae864d08cb435ed733.jpeg 1 0 0.493869195 0.769338556 0.080729000 0.075926000
images/origin_image/019b0e580b6a79f780db502f9b282c99.jpeg 0 0 0.551427624 0.487979328 0.546102752 0.972189345
images/origin_image/019b0e580b6a79f780db502f9b282c99.jpeg 1 0 0.595856953 0.874198707 0.070061816 0.059819245
images/origin_image/019b0e5c534c7b3f9fa90de3f5c459d2.jpeg 0 0 0.523269012 0.706493817 0.342792281 0.584551048
images/origin_image/019b0e5c534c7b3f9fa90de3f5c459d2.jpeg 1 0 0.552206246 0.775251474 0.049943246 0.040647589
images/origin_image/019b0e5e7fdf7e5c88ed7bdb0b6a032e.jpeg 0 0 0.519296254 0.466136966 0.645856981 0.924202295
images/origin_image/019b0e5e7fdf7e5c88ed7bdb0b6a032e.jpeg 1 0 0.509509938 0.570899935 0.098751419 0.085804080
images/origin_image/019b0e5ea85c72c68f2939c499e0e11a.jpeg 0 0 0.814982974 0.656829361 0.356413167 0.623533863
images/origin_image/019b0e5ea85c72c68f2939c499e0e11a.jpeg 1 0 0.829312918 0.738554673 0.060441953 0.052465632
images/origin_image/019b0e6090677e1f8f6a537359ebd505.jpeg 0 0 0.555475168 0.451389000 0.546479124 0.902778000
images/origin_image/019b0e6090677e1f8f6a537359ebd505.jpeg 1 0 0.531306503 0.770676217 0.082292000 0.075000000
images/origin_image/019b0e680efd7a34a5068f69a9040d08.jpeg 0 0 0.244726354 0.543056000 0.430076708 0.702778000
images/origin_image/019b0e680efd7a34a5068f69a9040d08.jpeg 1 0 0.234896000 0.627777500 0.069792000 0.061111000
images/origin_image/019b0e74ff4b78b4bbd5e4e8932cabb3.jpeg 0 0 0.520998865 0.546806858 0.358683314 0.671653026
images/origin_image/019b0e74ff4b78b4bbd5e4e8932cabb3.jpeg 1 0 0.518335870 0.690798963 0.056753689 0.054196786
images/origin_image/019b0e787057760b98d8126d9e680924.jpeg 0 0 0.317820658 0.546454388 0.472190692 0.907091224
images/origin_image/019b0e787057760b98d8126d9e680924.jpeg 1 0 0.347542050 0.780667850 0.072889000 0.060003584
images/origin_image/019b0e79e21f7312bfa823f252a05c0f.jpeg 0 0 0.420281719 0.511462119 0.489759350 0.806280874
images/origin_image/019b0e79e21f7312bfa823f252a05c0f.jpeg 1 0 0.262910764 0.715371115 0.070312000 0.064582188
images/origin_image/019b0e7f7763763fbaa23774c8e1b012.jpeg 0 0 0.200369763 0.509671719 0.396573526 0.839914563
images/origin_image/019b0e7f7763763fbaa23774c8e1b012.jpeg 1 0 0.133600333 0.792912867 0.067188000 0.056339448
images/origin_image/019b0e863b9e7cd6bb6f344670611715.jpeg 0 0 0.186152100 0.599318956 0.372304200 0.742590491
images/origin_image/019b0e863b9e7cd6bb6f344670611715.jpeg 1 0 0.074347333 0.736536764 0.066969353 0.052465632
images/origin_image/019b0e88011e71e7bf053bfa873fb512.jpeg 0 0 0.811719213 0.602126288 0.375789574 0.740750377
images/origin_image/019b0e88011e71e7bf053bfa873fb512.jpeg 1 0 0.907986000 0.892233000 0.074460000 0.045782000
images/origin_image/019b0e8a24bb7701a65ac6c0f5760b48.jpeg 0 0 0.726883742 0.439896878 0.492689525 0.757492887
images/origin_image/019b0e8a24bb7701a65ac6c0f5760b48.jpeg 1 0 0.807962040 0.601164874 0.065201000 0.059188930
images/origin_image/019b0e8ad7b670cc8ae888bc5291f44f.jpeg 0 0 0.167710879 0.436295661 0.333107758 0.619514678
images/origin_image/019b0e8ad7b670cc8ae888bc5291f44f.jpeg 1 0 0.084683500 0.675657500 0.048225000 0.040789000
images/origin_image/019b0e8df84b708baf8ca099a49a1d0a.jpeg 0 0 0.227462742 0.625329000 0.372234515 0.498026000
images/origin_image/019b0e8df84b708baf8ca099a49a1d0a.jpeg 1 0 0.180657665 0.801048476 0.054398000 0.048026000
images/origin_image/019b0e8e4af570538472f1f4e8ba98e2.jpeg 0 0 0.801339000 0.549376348 0.377976000 0.651247304
images/origin_image/019b0e8e4af570538472f1f4e8ba98e2.jpeg 1 0 0.822905415 0.688021419 0.061384000 0.055878501
images/origin_image/019b0e9791597a0e814b2be8fd515771.jpeg 0 0 0.444962687 0.483208955 0.500932836 0.660447761
images/origin_image/019b0e9791597a0e814b2be8fd515771.jpeg 1 0 0.439931778 0.623701676 0.083532498 0.056956409
images/origin_image/019b0ea002b77c1e8f1d81ba860f0a9d.jpeg 0 0 0.455606960 0.590278000 0.454963920 0.802778000
images/origin_image/019b0ea002b77c1e8f1d81ba860f0a9d.jpeg 1 0 0.420052000 0.834722500 0.071354000 0.058333000
images/origin_image/019b0ea524127266ac25491a571500eb.jpeg 0 0 0.566927000 0.579630000 0.416146000 0.829630000
images/origin_image/019b0ea524127266ac25491a571500eb.jpeg 1 0 0.569530312 0.913983366 0.069271000 0.061111000
images/origin_image/019b0ea5fb8d7bc6a688137ccac3389b.jpeg 0 0 0.587400681 0.672972632 0.350737798 0.591247320
images/origin_image/019b0ea5fb8d7bc6a688137ccac3389b.jpeg 1 0 0.582000746 0.700220065 0.055748216 0.046411906
images/origin_image/019b0ea8cbf77211b089220c480053b0.jpeg 0 0 0.779795687 0.589390047 0.395005675 0.725849812
images/origin_image/019b0ea8cbf77211b089220c480053b0.jpeg 1 0 0.792394425 0.861485586 0.068330281 0.050613206
images/origin_image/019b0ea905fc74cea1adc1f63ea65504.jpeg 0 0 0.654151119 0.625932836 0.577891791 0.666044776
images/origin_image/019b0ea905fc74cea1adc1f63ea65504.jpeg 1 0 0.589935777 0.703496540 0.082340805 0.055970149
images/origin_image/019b0eaad3ec79ea9849189895927046.jpeg 0 0 0.630701990 0.497368000 0.443501980 0.736842000
images/origin_image/019b0eaad3ec79ea9849189895927046.jpeg 1 0 0.596065000 0.688157500 0.069444000 0.055263000
images/origin_image/019b0eac150b75fbb9df24b1b7d3cfc0.jpeg 0 0 0.406415657 0.605092500 0.347207314 0.582407000
images/origin_image/019b0eac150b75fbb9df24b1b7d3cfc0.jpeg 1 0 0.390104000 0.680093000 0.055208000 0.049074000
images/origin_image/019b0eb26227795da67eb73d3c063b7b.jpeg 0 0 0.335156000 0.563888500 0.417188000 0.735185000
images/origin_image/019b0eb26227795da67eb73d3c063b7b.jpeg 1 0 0.345573000 0.686111500 0.071354000 0.061111000
images/origin_image/019b0eb4a028779aac3736dd6cc37407.jpeg 0 0 0.297656000 0.695655361 0.372396000 0.580198722
images/origin_image/019b0eb4a028779aac3736dd6cc37407.jpeg 1 0 0.294792000 0.745370000 0.057292000 0.048148000
images/origin_image/019b0eb9e00671168908d260e70a62f6.jpeg 0 0 0.546109420 0.453704000 0.618373628 0.907408000
images/origin_image/019b0eb9e00671168908d260e70a62f6.jpeg 1 0 0.498958000 0.794907500 0.100000000 0.091667000
images/origin_image/019b0ebb051a71b197d7d652a8c5d5dd.jpeg 0 0 0.371455011 0.473148000 0.676217350 0.946296000
images/origin_image/019b0ebb051a71b197d7d652a8c5d5dd.jpeg 1 0 0.285677000 0.798611000 0.082812000 0.075000000
images/origin_image/019b0ebe6be0706b94c2014b6cf0c32f.jpeg 0 0 0.496153478 0.547685500 0.594753992 0.893519000
images/origin_image/019b0ebe6be0706b94c2014b6cf0c32f.jpeg 1 0 0.439062000 0.678241000 0.086458000 0.075000000
images/origin_image/019b0ec0fb177b7f8fc0c99c546b3760.jpeg 0 0 0.217978500 0.766118000 0.385031000 0.399342000
images/origin_image/019b0ec0fb177b7f8fc0c99c546b3760.jpeg 1 0 0.133873500 0.806908000 0.043981000 0.040132000
images/origin_image/019b0ec400b27c398f028114aba21677.jpeg 0 0 0.696964819 0.493999558 0.604657176 0.823728884
images/origin_image/019b0ec400b27c398f028114aba21677.jpeg 1 0 0.614231737 0.820360793 0.068673000 0.048868000
images/origin_image/019b0ecc14f17777b2efedc3ab6e3ec2.jpeg 0 0 0.326817505 0.533881000 0.472307010 0.523026000
images/origin_image/019b0ecc14f17777b2efedc3ab6e3ec2.jpeg 1 0 0.231219156 0.552284238 0.052382588 0.051643344
images/origin_image/019b0ecd8eff71b28bfd7cc2680ea37a.jpeg 0 0 0.311695758 0.400192415 0.269225515 0.337773170
images/origin_image/019b0ecd8eff71b28bfd7cc2680ea37a.jpeg 1 0 0.281539795 0.421381500 0.038772409 0.033553000
images/origin_image/019b0ece688276a5a9dc0e30a35a7277.jpeg 0 0 0.263575865 0.506945000 0.478193730 0.704630000
images/origin_image/019b0ece688276a5a9dc0e30a35a7277.jpeg 1 0 0.215718177 0.709284837 0.077083000 0.070370000
images/origin_image/019b0ed3c51d7147905e68997cbdc02d.jpeg 0 0 0.410992121 0.671308387 0.444199232 0.624487226
images/origin_image/019b0ed3c51d7147905e68997cbdc02d.jpeg 1 0 0.362796081 0.738521537 0.066358000 0.055908835
images/origin_image/019b0ed53976715885130674b0c41582.jpeg 0 0 0.415982427 0.577967957 0.453990650 0.822601914
images/origin_image/019b0ed53976715885130674b0c41582.jpeg 1 0 0.379688000 0.779629500 0.069792000 0.057407000
images/origin_image/019b0edaaa9f765c94958afc82ff3bf9.jpeg 0 0 0.731398505 0.675657500 0.362970486 0.595283339
images/origin_image/019b0edaaa9f765c94958afc82ff3bf9.jpeg 1 0 0.720085994 0.910306223 0.060997977 0.050029333
images/origin_image/019b0edb6cd27f07aa80859e2fb8fc07.jpeg 0 0 0.285152416 0.517425179 0.567180832 0.855889642
images/origin_image/019b0edb6cd27f07aa80859e2fb8fc07.jpeg 1 0 0.136020577 0.712829446 0.068097285 0.055596584
images/origin_image/019b0edcd6067f3aaaecdb9ca735408c.jpeg 0 0 0.293142116 0.682566000 0.359350232 0.573026000
images/origin_image/019b0edcd6067f3aaaecdb9ca735408c.jpeg 1 0 0.262835000 0.911512500 0.058408000 0.053289000
images/origin_image/019b0ee538e977e28a0919f42b83c9ad.jpeg 0 0 0.806250000 0.585586401 0.343750000 0.558210801
images/origin_image/019b0ee538e977e28a0919f42b83c9ad.jpeg 1 0 0.832812500 0.687037000 0.054167000 0.044444000
images/origin_image/019b0eead5427128acd9255c9763eaf4.jpeg 0 0 0.481202990 0.562829000 0.565691535 0.862500000
images/origin_image/019b0eead5427128acd9255c9763eaf4.jpeg 1 0 0.421681500 0.889145000 0.079475000 0.059868000
images/origin_image/019b0eeceb9c7e7ebb648c362350f948.jpeg 0 0 0.831404000 0.590123359 0.336420000 0.528930717
images/origin_image/019b0eeceb9c7e7ebb648c362350f948.jpeg 1 0 0.773919500 0.733552500 0.049383000 0.040789000
images/origin_image/019b0eeefa057569988d11ae0a3f8ff8.jpeg 0 0 0.742863000 0.555921500 0.464892000 0.856579000
images/origin_image/019b0eeefa057569988d11ae0a3f8ff8.jpeg 1 0 0.788939430 0.919139289 0.065972000 0.044892923
images/origin_image/019b0ef20ed47e50bcdc54008ecbeff9.jpeg 0 0 0.786844000 0.224205915 0.410108000 0.443147830
images/origin_image/019b0ef20ed47e50bcdc54008ecbeff9.jpeg 1 0 0.839245657 0.275881552 0.052855000 0.043421000
images/origin_image/019b0ef4644a741bafe223b3f66a95dc.jpeg 0 0 0.714583500 0.550463500 0.395833000 0.639815000
images/origin_image/019b0ef4644a741bafe223b3f66a95dc.jpeg 1 0 0.683854000 0.647222000 0.057292000 0.050000000
images/origin_image/019b0ef939597ccfb2f4263e53b81cd4.jpeg 0 0 0.598405719 0.571525421 0.629103438 0.812037000
images/origin_image/019b0ef939597ccfb2f4263e53b81cd4.jpeg 1 0 0.593490000 0.599536500 0.098438000 0.084259000
images/origin_image/019b0f012eb378298fc3b1f0ddbc72f1.jpeg 0 0 0.676182544 0.468245308 0.644508912 0.866322338
images/origin_image/019b0f012eb378298fc3b1f0ddbc72f1.jpeg 1 0 0.577820445 0.801970937 0.070833000 0.051517715
images/origin_image/019b0f0ebf817e4884cf37ed7355e800.jpeg 0 0 0.372190505 0.433292696 0.432547030 0.589994608
images/origin_image/019b0f0ebf817e4884cf37ed7355e800.jpeg 1 0 0.282923500 0.511184500 0.053943000 0.055263000
images/origin_image/019b0f0fd68875b88bbc72acfe5f24a7.jpeg 0 0 0.557551500 0.593931719 0.455729000 0.654529437
images/origin_image/019b0f0fd68875b88bbc72acfe5f24a7.jpeg 1 0 0.505313711 0.696895741 0.068750000 0.063150236
images/origin_image/019b0f1383ce7b9da763fcc46538942e.jpeg 0 0 0.714091197 0.639463381 0.450985606 0.719221238
images/origin_image/019b0f1383ce7b9da763fcc46538942e.jpeg 1 0 0.764583500 0.821296500 0.064583000 0.059259000
images/origin_image/019b0f1b3f8c733fb477b4d79f86d39c.jpeg 0 0 0.645018699 0.541856604 0.514746602 0.833683562
images/origin_image/019b0f1b3f8c733fb477b4d79f86d39c.jpeg 1 0 0.542774354 0.698324008 0.073688000 0.050372273
images/origin_image/019b0f1d8c2f7a9cb5b5c40ba33ad4a2.jpeg 0 0 0.738806869 0.652632000 0.342602263 0.502632000
images/origin_image/019b0f1d8c2f7a9cb5b5c40ba33ad4a2.jpeg 1 0 0.728498365 0.746096503 0.058642000 0.048026000
images/origin_image/019b0f25d8817d848a1c3d04cee836a5.jpeg 0 0 0.287760000 0.680555500 0.307812000 0.537963000
images/origin_image/019b0f25d8817d848a1c3d04cee836a5.jpeg 1 0 0.257291000 0.764583500 0.048958000 0.046759000
images/origin_image/019b0f2d62c9736fb43aa3bb8dabc148.jpeg 0 0 0.232292000 0.380555000 0.456250000 0.748148000
images/origin_image/019b0f2d62c9736fb43aa3bb8dabc148.jpeg 1 0 0.085156000 0.306481500 0.101562000 0.085185000
images/origin_image/019b0f377ffe71bbafae51f5141e4bf7.jpeg 0 0 0.442736111 0.664473500 0.619157778 0.653947000
images/origin_image/019b0f377ffe71bbafae51f5141e4bf7.jpeg 1 0 0.277392000 0.756908000 0.066358000 0.065132000
images/origin_image/019b0f3f8557727aa2a5312dc764e9c3.jpeg 0 0 0.329472143 0.499100399 0.655818286 0.998200799
images/origin_image/019b0f3f8557727aa2a5312dc764e9c3.jpeg 1 0 0.200782000 0.757870000 0.110938000 0.095370000
images/origin_image/019b0f494b407b3582f147c487156bcf.jpeg 0 0 0.477478102 0.472633991 0.584004613 0.670986018
images/origin_image/019b0f494b407b3582f147c487156bcf.jpeg 1 0 0.414545000 0.605709500 0.085262000 0.055041000
images/origin_image/019b0f4a3d927b6dbad88378252a50e5.jpeg 0 0 0.741705000 0.499013000 0.420910000 0.648026000
images/origin_image/019b0f4a3d927b6dbad88378252a50e5.jpeg 1 0 0.658179000 0.694079500 0.055556000 0.046053000
images/origin_image/019b0f520347735bb6217045c1705134.jpeg 0 0 0.432031000 0.583333000 0.512230248 0.725926000
images/origin_image/019b0f520347735bb6217045c1705134.jpeg 1 0 0.395312000 0.620370000 0.080208000 0.072222000
images/origin_image/019b0f648e0878229ea7a421059709de.jpeg 0 0 0.672379802 0.552503985 0.329448028 0.599835091
images/origin_image/019b0f648e0878229ea7a421059709de.jpeg 1 0 0.704317701 0.683716981 0.059414000 0.048223869
images/origin_image/019b0f6b8a6f7dae801047df92c54894.jpeg 0 0 0.423382520 0.718107414 0.279228150 0.449059084
images/origin_image/019b0f6b8a6f7dae801047df92c54894.jpeg 1 0 0.420798789 0.828735289 0.048337134 0.039844345
images/origin_image/019b0f7128287c5fb468a89d219154c2.jpeg 0 0 0.319430989 0.488426000 0.451612226 0.765495603
images/origin_image/019b0f7128287c5fb468a89d219154c2.jpeg 1 0 0.314583500 0.768056000 0.064583000 0.054630000
images/origin_image/019b0f77f4fb7e1486f2b795be2055ae.jpeg 1 0 0.870466351 0.811711262 0.061006184 0.048199737
images/origin_image/019b0f77f4fb7e1486f2b795be2055ae.jpeg 0 0 0.889077131 0.524070506 0.221845737 0.687161435
images/origin_image/019b0f8167607b4ba333eaadcd52379d.jpeg 0 0 0.485246182 0.488158000 0.488071231 0.902632000
images/origin_image/019b0f8167607b4ba333eaadcd52379d.jpeg 1 0 0.382669058 0.791783329 0.065586000 0.056652104
images/origin_image/019b0f88e2d97e4da654f6183b4cc23c.jpeg 0 0 0.845572667 0.424166704 0.307812667 0.703518593
images/origin_image/019b0f88e2d97e4da654f6183b4cc23c.jpeg 1 0 0.925521000 0.618055500 0.069792000 0.058333000
images/origin_image/019b0f8dcca779c884c5e6ad03169b42.jpeg 0 0 0.576042000 0.265741000 0.438542000 0.525926000
images/origin_image/019b0f8dcca779c884c5e6ad03169b42.jpeg 1 0 0.595615310 0.265696729 0.070067047 0.062953697
images/origin_image/019b0fa2e0737df9850f9db6353461dd.jpeg 0 0 0.485677000 0.627386119 0.496354000 0.741523762
images/origin_image/019b0fa2e0737df9850f9db6353461dd.jpeg 1 0 0.483073000 0.933796000 0.077604000 0.069444000
images/origin_image/019b0fac580272bab319421b61f6ab40.jpeg 0 0 0.622383223 0.645164865 0.463979699 0.705966271
images/origin_image/019b0fac580272bab319421b61f6ab40.jpeg 1 0 0.640493688 0.914674873 0.084375000 0.084259000
images/origin_image/019b0fc19dd17daea90761dbde91257b.jpeg 1 0 0.478385000 0.887500000 0.083854000 0.075000000
images/origin_image/019b0fc19dd17daea90761dbde91257b.jpeg 0 0 0.476938865 0.656626506 0.457455132 0.659638554
images/origin_image/019b0fc9586a746eacba772fceeba8c2.jpeg 0 0 0.565458343 0.539311887 0.567575590 0.906560225
images/origin_image/019b0fc9586a746eacba772fceeba8c2.jpeg 1 0 0.558073000 0.725926000 0.091146000 0.077778000
images/origin_image/019b0fee233b7fd5bb409d09dc862aaa.jpeg 0 0 0.769085898 0.581018500 0.444107868 0.760185000
images/origin_image/019b0fee233b7fd5bb409d09dc862aaa.jpeg 1 0 0.771614500 0.742593000 0.081771000 0.074074000
images/origin_image/019b0fffa9b77b6aa360e367629fb42b.jpeg 0 0 0.651302000 0.177002344 0.498438000 0.348448689
images/origin_image/019b0fffa9b77b6aa360e367629fb42b.jpeg 1 0 0.587368708 0.064759060 0.072653416 0.076037881
images/origin_image/019b1013177e70e6b0e715bd3063ffd1.jpeg 0 0 0.751736000 0.662130562 0.495756000 0.489899123
images/origin_image/019b1013177e70e6b0e715bd3063ffd1.jpeg 1 0 0.878434900 0.764993750 0.067515000 0.042984555
images/origin_image/019b10194ec8770f8c0aabb4cef8cc2e.jpeg 0 0 0.235347770 0.504088424 0.424949656 0.867749152
images/origin_image/019b10194ec8770f8c0aabb4cef8cc2e.jpeg 1 0 0.225781000 0.741666000 0.078646000 0.070370000
images/origin_image/019b1022af7c70c29a888cde1d5133e0.jpeg 0 0 0.780989500 0.712037000 0.436979000 0.551852000
images/origin_image/019b1022af7c70c29a888cde1d5133e0.jpeg 1 0 0.855208000 0.802315000 0.094792000 0.080556000
images/origin_image/019b104a6a9a792d91a2b8506f908fdd.jpeg 0 0 0.779571399 0.764247520 0.360941423 0.460978961
images/origin_image/019b104a6a9a792d91a2b8506f908fdd.jpeg 1 0 0.824741714 0.896070306 0.057485000 0.050658000
images/origin_image/019b1059e4b176f68baa53aad7f638cd.jpeg 0 0 0.362090894 0.600285794 0.493381868 0.559219317
images/origin_image/019b1059e4b176f68baa53aad7f638cd.jpeg 1 0 0.263225454 0.672235922 0.059414000 0.050296646
images/origin_image/019b1067c7fb77cc9c06a9a187ae2be3.jpeg 0 0 0.215278000 0.478305869 0.429012000 0.576473185
images/origin_image/019b1067c7fb77cc9c06a9a187ae2be3.jpeg 1 0 0.158757500 0.622427500 0.060571000 0.040123000
images/origin_image/019b10bc71dd7eeebd2a958bd536ce5b.jpeg 0 0 0.314286843 0.564814500 0.308146662 0.558333000
images/origin_image/019b10bc71dd7eeebd2a958bd536ce5b.jpeg 1 0 0.328584563 0.732877194 0.060677000 0.058333000
images/origin_image/019b10cdb1b47fc6b937fbb2bb502ec0.jpeg 0 0 0.291977753 0.288858706 0.537438615 0.487833335
images/origin_image/019b10cdb1b47fc6b937fbb2bb502ec0.jpeg 1 0 0.167341477 0.426129850 0.059073654 0.054480305
images/origin_image/019b10f27a307086a159cfcca63475de.jpeg 0 0 0.141316843 0.732924907 0.282633686 0.524940187
images/origin_image/019b10f27a307086a159cfcca63475de.jpeg 1 0 0.103009000 0.864144500 0.063272000 0.053289000
images/origin_image/019b11f0afd27dcc9eb63d742d48ce27.jpeg 0 0 0.266958236 0.504539161 0.429966066 0.569111677
images/origin_image/019b11f0afd27dcc9eb63d742d48ce27.jpeg 1 0 0.250578500 0.634774000 0.059799000 0.041152000
images/origin_image/019b124b24d677d5961026abe8faaf43.jpeg 0 0 0.215041995 0.379502480 0.319545625 0.438568430
images/origin_image/019b124b24d677d5961026abe8faaf43.jpeg 1 0 0.198688500 0.486513000 0.053241000 0.048026000
images/origin_image/019b1255161b7803b637d4920e47b50f.jpeg 0 0 0.317671126 0.756659578 0.310417039 0.443258843
images/origin_image/019b1255161b7803b637d4920e47b50f.jpeg 1 0 0.317070186 0.878351590 0.062114000 0.053025606
images/origin_image/019b125d40c37b8fa82b97001fbd4b9e.jpeg 0 0 0.676738399 0.651452491 0.322351826 0.612037722
images/origin_image/019b125d40c37b8fa82b97001fbd4b9e.jpeg 1 0 0.694447951 0.820836299 0.063272000 0.047884129
images/origin_image/019b128b5aa27666b1a590b326c910e3.jpeg 0 0 0.339649146 0.513888500 0.481921796 0.833333000
images/origin_image/019b128b5aa27666b1a590b326c910e3.jpeg 1 0 0.275095841 0.818648929 0.070312000 0.054845511
images/origin_image/019b12a2367478e1bdddfa17c0d6f114.jpeg 0 0 0.310570500 0.586162500 0.302469000 0.376029000
images/origin_image/019b12a2367478e1bdddfa17c0d6f114.jpeg 1 0 0.299382500 0.690843500 0.052469000 0.037037000
images/origin_image/019b12a36926797c9408f1d877f30652.jpeg 0 0 0.222029500 0.721053000 0.362269000 0.536842000
images/origin_image/019b12a36926797c9408f1d877f30652.jpeg 1 0 0.186535500 0.802631500 0.055941000 0.043421000
images/origin_image/019b12a385e67b3ab72a26a733e23edb.jpeg 0 0 0.725320717 0.683305254 0.393543435 0.601811491
images/origin_image/019b12a385e67b3ab72a26a733e23edb.jpeg 1 0 0.681537678 0.886594695 0.057485000 0.050339614
images/origin_image/019b12a9abde7d9b88d1ff2efe6456c4.jpeg 0 0 0.205632500 0.621804378 0.372685000 0.570865243
images/origin_image/019b12a9abde7d9b88d1ff2efe6456c4.jpeg 1 0 0.184800000 0.709210500 0.055556000 0.044737000
images/origin_image/019b12aaa989711aa42ecdafe6581fea.jpeg 0 0 0.367182857 0.631613192 0.446045343 0.638740385
images/origin_image/019b12aaa989711aa42ecdafe6581fea.jpeg 1 0 0.378426290 0.878120429 0.083333000 0.053607360
images/origin_image/019b12b136b87bc7af0fd302b57883ed.jpeg 0 0 0.787760000 0.620019381 0.389062000 0.626629238
images/origin_image/019b12b136b87bc7af0fd302b57883ed.jpeg 1 0 0.799740000 0.743981500 0.060938000 0.058333000
images/origin_image/019b12b3d6137c708b23d9c1c82e6f70.jpeg 0 0 0.201774500 0.690789000 0.345679000 0.535526000
images/origin_image/019b12b3d6137c708b23d9c1c82e6f70.jpeg 1 0 0.167245500 0.839802500 0.052855000 0.044079000
images/origin_image/019b12b7602879e6ac536a05c74234c1.jpeg 0 0 0.627604000 0.660648500 0.501042000 0.663889000
images/origin_image/019b12b7602879e6ac536a05c74234c1.jpeg 1 0 0.666406500 0.693055500 0.074479000 0.067593000
images/origin_image/019b12be414a77cdba69027816d17954.jpeg 0 0 0.617669500 0.575986500 0.306327000 0.566447000
images/origin_image/019b12be414a77cdba69027816d17954.jpeg 1 0 0.599344000 0.787499500 0.051312000 0.040789000
images/origin_image/019b12c505eb7ca9a56073db4f24e7e0.jpeg 0 0 0.628472000 0.650328500 0.364198000 0.569079000
images/origin_image/019b12c505eb7ca9a56073db4f24e7e0.jpeg 1 0 0.679205500 0.788158500 0.053627000 0.046053000
images/origin_image/019b12ce1bd575a1b6cfe2d335760c00.jpeg 0 0 0.218600005 0.276316000 0.342292010 0.398684000
images/origin_image/019b12ce1bd575a1b6cfe2d335760c00.jpeg 1 0 0.137539000 0.357237000 0.038966000 0.036842000
images/origin_image/019b12cfa9357b829de29b50180b9c68.jpeg 0 0 0.483989500 0.622606004 0.498843000 0.601495992
images/origin_image/019b12cfa9357b829de29b50180b9c68.jpeg 1 0 0.416859500 0.779064000 0.065201000 0.045782000
images/origin_image/019b12db4c6974ddbf3af663bef977a4.jpeg 0 0 0.678904382 0.690972911 0.270662871 0.485526000
images/origin_image/019b12db4c6974ddbf3af663bef977a4.jpeg 1 0 0.710847833 0.849782869 0.048997000 0.045395000
images/origin_image/019b12e57d0271319c0f2c6cd84bb12c.jpeg 0 0 0.620309416 0.586110500 0.503131168 0.757407000
images/origin_image/019b12e57d0271319c0f2c6cd84bb12c.jpeg 1 0 0.668228039 0.749708300 0.080729000 0.071296000
images/origin_image/019b12e763717c129b72d7bf6401d040.jpeg 0 0 0.681048990 0.610445246 0.422883960 0.641942491
images/origin_image/019b12e763717c129b72d7bf6401d040.jpeg 1 0 0.639275000 0.690131500 0.062500000 0.056579000
images/origin_image/019b12edd1ee721e9bbf58b094c88485.jpeg 0 0 0.361659022 0.529758358 0.510805708 0.891889762
images/origin_image/019b12edd1ee721e9bbf58b094c88485.jpeg 1 0 0.191927000 0.851389500 0.073438000 0.065741000
images/origin_image/019b12f7db927f2f83e51000c5245dcf.jpeg 0 0 0.823924135 0.587036500 0.347985730 0.733333000
images/origin_image/019b12f7db927f2f83e51000c5245dcf.jpeg 1 0 0.923825063 0.727025821 0.072917000 0.070370000
images/origin_image/019b12fe81057c9dae28608bedcef004.jpeg 0 0 0.540810208 0.399948000 0.578534417 0.554012000
images/origin_image/019b12fe81057c9dae28608bedcef004.jpeg 1 0 0.430531837 0.422504908 0.065201000 0.048868000
images/origin_image/019b130482b57f9d8f8968f0a67e0252.jpeg 0 0 0.420312000 0.446648119 0.642708000 0.885888238
images/origin_image/019b130482b57f9d8f8968f0a67e0252.jpeg 1 0 0.346975986 0.553074843 0.095833000 0.088889000
images/origin_image/019b13105b447234a636a295ddff926c.jpeg 0 0 0.818955732 0.631973236 0.332576617 0.532289862
images/origin_image/019b13105b447234a636a295ddff926c.jpeg 1 0 0.856611877 0.737753501 0.050795277 0.040842634
images/origin_image/019b13113df2750e8faa338cc3cdba9f.jpeg 0 0 0.744984500 0.534207500 0.510031000 0.789609000
images/origin_image/019b13113df2750e8faa338cc3cdba9f.jpeg 1 0 0.761767500 0.838991500 0.092207000 0.059671000
images/origin_image/019b13195c627d459800e038ff5cde45.jpeg 0 0 0.312886571 0.553240500 0.485149143 0.693519000
images/origin_image/019b13195c627d459800e038ff5cde45.jpeg 1 0 0.270313000 0.612500500 0.076042000 0.067593000
images/origin_image/019b131ed3ff7cb38e3c841769b39d4e.jpeg 0 0 0.562678238 0.606481000 0.421190476 0.770370000
images/origin_image/019b131ed3ff7cb38e3c841769b39d4e.jpeg 1 0 0.561458500 0.843981500 0.072917000 0.065741000
images/origin_image/019b131f228470e8998215fd582cc2cd.jpeg 0 0 0.542438500 0.662829000 0.416667000 0.575658000
images/origin_image/019b131f228470e8998215fd582cc2cd.jpeg 1 0 0.463927500 0.870724000 0.053627000 0.051974000
images/origin_image/019b132156cc7f65bf701287ddd0cc14.jpeg 0 0 0.253720500 0.511513500 0.387776515 0.654605000
images/origin_image/019b132156cc7f65bf701287ddd0cc14.jpeg 1 0 0.224516000 0.643091500 0.062128000 0.053289000
images/origin_image/019b1326ad267e4d8464bc04bca6ef7e.jpeg 0 0 0.330729500 0.335185000 0.529167000 0.670370000
images/origin_image/019b1326ad267e4d8464bc04bca6ef7e.jpeg 1 0 0.270445063 0.327748004 0.076563000 0.065720379
images/origin_image/019b1327cc96793fa24f7a5416d59489.jpeg 0 0 0.756544865 0.656481000 0.374547730 0.572222000
images/origin_image/019b1327cc96793fa24f7a5416d59489.jpeg 1 0 0.786792169 0.792471018 0.059896000 0.055556000
images/origin_image/019b132b262371d3b11b2e8bd521c57b.jpeg 0 0 0.733693690 0.696711000 0.369393381 0.525000000
images/origin_image/019b132b262371d3b11b2e8bd521c57b.jpeg 1 0 0.706246606 0.767972581 0.057099000 0.044852866
images/origin_image/019b132fb962744f8ef3bd12748e2782.jpeg 0 0 0.696367764 0.533257662 0.350737798 0.640683434
images/origin_image/019b132fb962744f8ef3bd12748e2782.jpeg 1 0 0.707857635 0.673754869 0.059187888 0.053427252
images/origin_image/019b13315c067d77b0486942ae4ee08e.jpeg 0 0 0.321614500 0.275926000 0.643229000 0.546296000
images/origin_image/019b13315c067d77b0486942ae4ee08e.jpeg 1 0 0.150521500 0.460648500 0.066667000 0.063889000
images/origin_image/019b13329c347cd282e0d3ac8f4c18cd.jpeg 0 0 0.350912000 0.644675500 0.408594000 0.618981000
images/origin_image/019b13329c347cd282e0d3ac8f4c18cd.jpeg 1 0 0.289245008 0.805646054 0.055729000 0.050703958
images/origin_image/019b13357540769bbedfb0c5a8fe53d0.jpeg 0 0 0.687405299 0.467657191 0.623647402 0.899301238
images/origin_image/019b13357540769bbedfb0c5a8fe53d0.jpeg 1 0 0.555727305 0.761522775 0.062858231 0.048222584
images/origin_image/019b13398fac731da3723f7b9c94aa5e.jpeg 0 0 0.473699548 0.554630015 0.374360905 0.831529970
images/origin_image/019b13398fac731da3723f7b9c94aa5e.jpeg 1 0 0.474923000 0.896052500 0.055556000 0.043421000
images/origin_image/019b1340eea675b881c370ffc27098b4.jpeg 0 0 0.279899500 0.593750000 0.372299000 0.586184000
images/origin_image/019b1340eea675b881c370ffc27098b4.jpeg 1 0 0.235405736 0.766118500 0.054145473 0.046711000
images/origin_image/019b1342277b7db195d192f5a5ee2875.jpeg 0 0 0.289810214 0.355263000 0.520929952 0.610526000
images/origin_image/019b1342277b7db195d192f5a5ee2875.jpeg 1 0 0.168501105 0.353799504 0.059414000 0.046294997
images/origin_image/019b13442fb476948ea0ad928635e174.jpeg 0 0 0.703704000 0.491169172 0.476852000 0.937602344
images/origin_image/019b13442fb476948ea0ad928635e174.jpeg 1 0 0.737269000 0.802303000 0.063272000 0.049342000
images/origin_image/019b134528c07b7fb614305a2b3ea70f.jpeg 0 0 0.196029881 0.384688783 0.369277857 0.621362434
images/origin_image/019b134528c07b7fb614305a2b3ea70f.jpeg 1 0 0.155729000 0.500231500 0.054688000 0.045833000
images/origin_image/019b134b0f127fd6b67382e6be42f4cc.jpeg 0 0 0.606674000 0.720540226 0.327546000 0.535816452
images/origin_image/019b134b0f127fd6b67382e6be42f4cc.jpeg 1 0 0.630175339 0.868030958 0.049769000 0.046053000
images/origin_image/019b134e56127af186472c5e3990bfb9.jpeg 0 0 0.515364500 0.630092000 0.380729000 0.695370000
images/origin_image/019b134e56127af186472c5e3990bfb9.jpeg 1 0 0.537500000 0.829167000 0.062500000 0.052778000
images/origin_image/019b1354ad2d7bcaadb8938713bab28b.jpeg 0 0 0.259115000 0.644505599 0.409896000 0.599876801
images/origin_image/019b1354ad2d7bcaadb8938713bab28b.jpeg 1 0 0.237760000 0.740741000 0.065104000 0.055556000
images/origin_image/019b13567c557c109368b30a91753996.jpeg 0 0 0.256167869 0.537171500 0.438261737 0.794079000
images/origin_image/019b13567c557c109368b30a91753996.jpeg 1 0 0.234010361 0.814418962 0.062886000 0.048790295
images/origin_image/019b1358cb4f70869cf8f16775b22ea5.jpeg 0 0 0.508733088 0.601075812 0.403188639 0.531369623
images/origin_image/019b1358cb4f70869cf8f16775b22ea5.jpeg 1 0 0.501514714 0.736587624 0.065972000 0.043986659
images/origin_image/019b135902a57ce1811b57b9fd2435ed.jpeg 0 0 0.249244167 0.548247262 0.371301667 0.681283476
images/origin_image/019b135902a57ce1811b57b9fd2435ed.jpeg 1 0 0.205651138 0.798351882 0.043905725 0.036517764
images/origin_image/019b135d75297ed8b997d10fa6fab5ab.jpeg 0 0 0.741910619 0.659631711 0.357131810 0.505736579
images/origin_image/019b135d75297ed8b997d10fa6fab5ab.jpeg 1 0 0.721212149 0.723045445 0.055941000 0.042861143
images/origin_image/019b13615650769086c13713f90e6c4a.jpeg 0 0 0.368194635 0.533344818 0.467639270 0.913654921
images/origin_image/019b13615650769086c13713f90e6c4a.jpeg 1 0 0.209611870 0.914696245 0.070312000 0.054949840
images/origin_image/019b136442c376d697a98ee31375c5db.jpeg 0 0 0.400781000 0.618518500 0.466146000 0.738889000
images/origin_image/019b136442c376d697a98ee31375c5db.jpeg 1 0 0.408593500 0.782407500 0.074479000 0.068519000
images/origin_image/019b1365d2a8708297c24e788f2fdd80.jpeg 0 0 0.786830500 0.473355000 0.366071000 0.598026000
images/origin_image/019b1365d2a8708297c24e788f2fdd80.jpeg 1 0 0.801897000 0.564474000 0.059152000 0.051316000
images/origin_image/019b1367e5b374a89e32be575cc13b5c.jpeg 0 0 0.434606500 0.334877000 0.751929000 0.563786000
images/origin_image/019b1367e5b374a89e32be575cc13b5c.jpeg 1 0 0.226659000 0.340277500 0.078318000 0.051955000
images/origin_image/019b136abe9c76b9a509fd0bfe01009f.jpeg 0 0 0.531139796 0.486099682 0.589363592 0.972199364
images/origin_image/019b136abe9c76b9a509fd0bfe01009f.jpeg 1 0 0.493489500 0.808333000 0.079687000 0.072222000
images/origin_image/019b136e841c7026b27e9b6f32c87dad.jpeg 0 0 0.400979438 0.600759179 0.469152044 0.789223642
images/origin_image/019b136e841c7026b27e9b6f32c87dad.jpeg 1 0 0.360416500 0.841203500 0.071875000 0.058333000
images/origin_image/019b136eef5377949d4bedf1907a2f5e.jpeg 0 0 0.393667738 0.536574000 0.671711476 0.730556000
images/origin_image/019b136eef5377949d4bedf1907a2f5e.jpeg 1 0 0.227612997 0.618482889 0.071354000 0.078704000
images/origin_image/019b13762bc27d32a6a58d3d438f1afe.jpeg 0 0 0.471498976 0.482894500 0.510899952 0.965789000
images/origin_image/019b13762bc27d32a6a58d3d438f1afe.jpeg 1 0 0.450672756 0.857710351 0.074460000 0.059211000
images/origin_image/019b1379e8ac7aa488a1c72b5ea460d6.jpeg 0 0 0.490625000 0.543982000 0.588542000 0.878704000
images/origin_image/019b1379e8ac7aa488a1c72b5ea460d6.jpeg 1 0 0.440365000 0.781481500 0.072396000 0.066667000
images/origin_image/019b137f0983743680493f6be8baa094.jpeg 0 0 0.201335524 0.516462270 0.366585238 0.586521460
images/origin_image/019b137f0983743680493f6be8baa094.jpeg 1 0 0.152084000 0.709729493 0.042188000 0.035185000
images/origin_image/019b1382f49a713286917bbd0d5e8ec1.jpeg 0 0 0.797104357 0.558881500 0.405791286 0.882237000
images/origin_image/019b1382f49a713286917bbd0d5e8ec1.jpeg 1 0 0.842753176 0.838739924 0.066557322 0.049076400
images/origin_image/019b138f023275478c37b9332c1e905a.jpeg 0 0 0.425358619 0.565789500 0.497517143 0.705263000
images/origin_image/019b138f023275478c37b9332c1e905a.jpeg 1 0 0.341299844 0.788533972 0.067478750 0.058497233
images/origin_image/019b13940e667fa8b4d2854dfac38773.jpeg 0 0 0.338802500 0.460185000 0.674479000 0.920370000
images/origin_image/019b13940e667fa8b4d2854dfac38773.jpeg 1 0 0.074031071 0.441753483 0.118750000 0.105556000
images/origin_image/019b1398c4977a6f8ad5823fa85d5d26.jpeg 0 0 0.455312095 0.661512401 0.345375562 0.602654801
images/origin_image/019b1398c4977a6f8ad5823fa85d5d26.jpeg 1 0 0.443750000 0.823148000 0.057292000 0.051852000
images/origin_image/019b139b3d8d77beb7b51e565d701839.jpeg 0 0 0.319791500 0.286574000 0.547917000 0.573148000
images/origin_image/019b139b3d8d77beb7b51e565d701839.jpeg 1 0 0.284895500 0.190278000 0.078125000 0.069444000
images/origin_image/019b139e114d71d38dfa7a39bdbd0808.jpeg 0 0 0.419077548 0.562063270 0.524344905 0.874021460
images/origin_image/019b139e114d71d38dfa7a39bdbd0808.jpeg 1 0 0.344984678 0.895542496 0.062907703 0.055825388
images/origin_image/019b13a2b2387aa89e435f4a36b2b67b.jpeg 0 0 0.780126238 0.631481500 0.381413524 0.657407000
images/origin_image/019b13a2b2387aa89e435f4a36b2b67b.jpeg 1 0 0.812240000 0.832870000 0.060938000 0.052778000
images/origin_image/019b13a9bccd7f8a91b5702f37ef9418.jpeg 0 0 0.639836643 0.627777500 0.378987762 0.633333000
images/origin_image/019b13a9bccd7f8a91b5702f37ef9418.jpeg 1 0 0.617969000 0.843518500 0.066146000 0.057407000
images/origin_image/019b13acb853752f82ec87118dd7ab8c.jpeg 0 0 0.659095898 0.654064500 0.420234204 0.515947000
images/origin_image/019b13acb853752f82ec87118dd7ab8c.jpeg 1 0 0.664304745 0.748217836 0.066473471 0.046967200
images/origin_image/019b13acfc767e40a23430807a12fab2.jpeg 0 0 0.318526949 0.437031341 0.585222146 0.870381318
images/origin_image/019b13acfc767e40a23430807a12fab2.jpeg 1 0 0.262239500 0.717592000 0.074479000 0.070370000
images/origin_image/019b13b15e3b7ac88399c7f4f22d6d12.jpeg 0 0 0.275453452 0.367129500 0.534240905 0.637963000
images/origin_image/019b13b15e3b7ac88399c7f4f22d6d12.jpeg 1 0 0.193763448 0.515683734 0.072396000 0.065741000
images/origin_image/019b13b3988d737fbe725fbb2857843f.jpeg 0 0 0.531472551 0.493981500 0.778720898 0.987963000
images/origin_image/019b13b3988d737fbe725fbb2857843f.jpeg 1 0 0.531510000 0.694444500 0.126562000 0.109259000
images/origin_image/019b13b5927b7f6184f34767566fd2d3.jpeg 0 0 0.765602762 0.561574500 0.322485619 0.536111000
images/origin_image/019b13b5927b7f6184f34767566fd2d3.jpeg 1 0 0.785938000 0.660648500 0.051042000 0.043519000
images/origin_image/019b13b6cb1a7de48b9e19c288d00a46.jpeg 0 0 0.371592429 0.547685000 0.524434857 0.830556000
images/origin_image/019b13b6cb1a7de48b9e19c288d00a46.jpeg 1 0 0.344270500 0.751389000 0.084375000 0.073148000
images/origin_image/019b13ba77c076c7b0d7a2f25b3fbff2.jpeg 0 0 0.472800500 0.685855500 0.309799000 0.504605000
images/origin_image/019b13ba77c076c7b0d7a2f25b3fbff2.jpeg 1 0 0.469959658 0.772254599 0.051491726 0.043686132
images/origin_image/019b13bc80c370cb97d052e11e1cd35d.jpeg 0 0 0.335018540 0.500000000 0.642953080 1.000000000
images/origin_image/019b13bc80c370cb97d052e11e1cd35d.jpeg 1 0 0.222770422 0.809943350 0.095312000 0.082407000
images/origin_image/019b13c53e8773adb3fa0b12834922cc.jpeg 0 0 0.215663500 0.700000000 0.392747000 0.502632000
images/origin_image/019b13c53e8773adb3fa0b12834922cc.jpeg 1 0 0.160108000 0.795066500 0.057870000 0.046711000
images/origin_image/019b13d2d4297b06b383c33fb57a7cbb.jpeg 0 0 0.544333562 0.589352000 0.470959124 0.821296000
images/origin_image/019b13d2d4297b06b383c33fb57a7cbb.jpeg 1 0 0.523132485 0.734450640 0.079167000 0.064712067
images/origin_image/019b13da7b02725c839cb709771b3539.jpeg 0 0 0.210711865 0.555555500 0.420381730 0.790741000
images/origin_image/019b13da7b02725c839cb709771b3539.jpeg 1 0 0.190886000 0.667592500 0.073438000 0.064815000
images/origin_image/019b13de2b62749c99c39b1e2b6763dd.jpeg 0 0 0.562500500 0.664841270 0.440625000 0.616613460
images/origin_image/019b13de2b62749c99c39b1e2b6763dd.jpeg 1 0 0.614583000 0.826540694 0.062500000 0.058637389
images/origin_image/019b13e5cdfd7bd7912d096df6c14291.jpeg 0 0 0.569830500 0.636574000 0.717593000 0.635288000
images/origin_image/019b13e5cdfd7bd7912d096df6c14291.jpeg 1 0 0.387731000 0.845679000 0.073302000 0.063786000
images/origin_image/019b13e7b4747d689ef41e6453d0677d.jpeg 0 0 0.410287792 0.492130000 0.596730372 0.975000000
images/origin_image/019b13e7b4747d689ef41e6453d0677d.jpeg 1 0 0.400000500 0.821759000 0.091667000 0.076852000
images/origin_image/019b13e9ae0979858ea5b5dad001b0d1.jpeg 0 0 0.712500000 0.343652517 0.518750000 0.687305033
images/origin_image/019b13e9ae0979858ea5b5dad001b0d1.jpeg 1 0 0.715885684 0.529695684 0.072917000 0.062963000
images/origin_image/019b13f2339d703d9f0a355dc83419e5.jpeg 0 0 0.528742000 0.581907500 0.589120000 0.680921000
images/origin_image/019b13f2339d703d9f0a355dc83419e5.jpeg 1 0 0.384452500 0.689803000 0.064429000 0.062500000
images/origin_image/019b13f23cda798c9fed266940f9127b.jpeg 0 0 0.277083500 0.535185500 0.470833000 0.692593000
images/origin_image/019b13f23cda798c9fed266940f9127b.jpeg 1 0 0.228125000 0.740740500 0.073958000 0.068519000
images/origin_image/019b13f75dbe7e30b1f4eff887f97b2b.jpeg 0 0 0.590913697 0.535944179 0.451619394 0.834850358
images/origin_image/019b13f75dbe7e30b1f4eff887f97b2b.jpeg 1 0 0.592187500 0.831481500 0.078125000 0.066667000
images/origin_image/019b13f7971277479ec7021c15b05a0a.jpeg 0 0 0.665756792 0.606944000 0.661721584 0.769444000
images/origin_image/019b13f7971277479ec7021c15b05a0a.jpeg 1 0 0.657031500 0.674999500 0.105729000 0.087037000
images/origin_image/019b13fb43b376afa90404d17f162c0a.jpeg 0 0 0.238095000 0.474670500 0.377976000 0.578289000
images/origin_image/019b13fb43b376afa90404d17f162c0a.jpeg 1 0 0.201823000 0.620332920 0.059152000 0.047492159
images/origin_image/019b14010ce47153980384e25278cb82.jpeg 0 0 0.720486500 0.674999500 0.361497000 0.465789000
images/origin_image/019b14010ce47153980384e25278cb82.jpeg 1 0 0.739390000 0.850658000 0.046682000 0.039474000
images/origin_image/019b140439857ba1ad35d3b18e718cd6.jpeg 0 0 0.590401949 0.424074000 0.721265766 0.848148000
images/origin_image/019b140439857ba1ad35d3b18e718cd6.jpeg 1 0 0.740216627 0.623940923 0.069792000 0.069259185
images/origin_image/019b140d0ad47f46b450b7634810b7b1.jpeg 0 0 0.493055500 0.508553000 0.424383000 0.736842000
images/origin_image/019b140d0ad47f46b450b7634810b7b1.jpeg 1 0 0.529675133 0.693553822 0.070988000 0.058429959
images/origin_image/019b140fef607091a738409e6531f97b.jpeg 0 0 0.515066551 0.516204000 0.592633102 0.847222000
images/origin_image/019b140fef607091a738409e6531f97b.jpeg 1 0 0.447916000 0.504630000 0.080208000 0.074074000
images/origin_image/019b141317777c108d8b407399d9e944.jpeg 0 0 0.814181778 0.595394500 0.363150445 0.768421000
images/origin_image/019b141317777c108d8b407399d9e944.jpeg 1 0 0.913387500 0.845065500 0.065201000 0.054605000
images/origin_image/019b1420cbd27d4399bd8661d354bdc6.jpeg 0 0 0.328646000 0.676388500 0.357292000 0.506481000
images/origin_image/019b1420cbd27d4399bd8661d354bdc6.jpeg 1 0 0.319791500 0.752315000 0.053125000 0.049074000
images/origin_image/019b1424fbde7fb4a00abcd3b28235f0.jpeg 0 0 0.657708490 0.476820133 0.482082980 0.811534265
images/origin_image/019b1424fbde7fb4a00abcd3b28235f0.jpeg 1 0 0.605526373 0.681927631 0.077160000 0.067763000
images/origin_image/019b142547b37627b49a438e6cff0a68.jpeg 0 0 0.818291562 0.680093000 0.360290876 0.628704000
images/origin_image/019b142547b37627b49a438e6cff0a68.jpeg 1 0 0.904996990 0.800171552 0.065104000 0.057407000
images/origin_image/019b142c400776409ec1281e08786142.jpeg 0 0 0.766251636 0.670394500 0.426021273 0.543421000
images/origin_image/019b142c400776409ec1281e08786142.jpeg 1 0 0.674297511 0.777571553 0.050154000 0.041534001
images/origin_image/019b1432eb817ca6ba4d6b89ee1e3ad4.jpeg 0 0 0.543490000 0.499074000 0.904688000 0.998148000
images/origin_image/019b1432eb817ca6ba4d6b89ee1e3ad4.jpeg 1 0 0.452357802 0.757455713 0.183333000 0.151852000
images/origin_image/019b14353f8a7a619c6882da784d0683.jpeg 0 0 0.486678526 0.462500000 0.609927840 0.925000000
images/origin_image/019b14353f8a7a619c6882da784d0683.jpeg 1 0 0.443663743 0.617599683 0.097917000 0.087037000
images/origin_image/019b1436254d72e996efd5a912536d30.jpeg 0 0 0.402199500 0.559156500 0.638503000 0.718107000
images/origin_image/019b1436254d72e996efd5a912536d30.jpeg 1 0 0.320023500 0.711420000 0.087577000 0.061728000
images/origin_image/019b1439362e715abc5ae6d8ee668a95.jpeg 0 0 0.448355088 0.341987404 0.656047713 0.562574808
images/origin_image/019b1439362e715abc5ae6d8ee668a95.jpeg 1 0 0.292091502 0.464424022 0.072917000 0.059156000
images/origin_image/019b1442f2db7f28a21df2ba7eefd25d.jpeg 0 0 0.248922879 0.616776500 0.450777758 0.596711000
images/origin_image/019b1442f2db7f28a21df2ba7eefd25d.jpeg 1 0 0.139212541 0.739872046 0.050926000 0.044714869
images/origin_image/019b1449144b7158a179dbbc0decfb4d.jpeg 0 0 0.613802000 0.561110500 0.708854000 0.857407000
images/origin_image/019b1449144b7158a179dbbc0decfb4d.jpeg 1 0 0.711979500 0.839814500 0.097917000 0.085185000
images/origin_image/019b145059897176a2395099b8972d49.jpeg 0 0 0.638888500 0.632716000 0.529321000 0.510288000
images/origin_image/019b145059897176a2395099b8972d49.jpeg 1 0 0.549383000 0.712706000 0.070988000 0.048868000
images/origin_image/019b14518e407fb5a0740ea329ebb4c7.jpeg 0 0 0.698434416 0.417759821 0.597923168 0.833690278
images/origin_image/019b14518e407fb5a0740ea329ebb4c7.jpeg 1 0 0.639583500 0.674074500 0.078125000 0.066667000
images/origin_image/019b1458c8287c8dae54670f16239262.jpeg 0 0 0.441989268 0.673996217 0.362354010 0.612568130
images/origin_image/019b1458c8287c8dae54670f16239262.jpeg 1 0 0.442901000 0.866777000 0.050154000 0.040132000
images/origin_image/019b145a82f8763da50aeda5e67a018d.jpeg 0 0 0.486712480 0.634540000 0.625341040 0.640132000
images/origin_image/019b145a82f8763da50aeda5e67a018d.jpeg 1 0 0.306519500 0.716776000 0.063657000 0.061184000
images/origin_image/019b1461acdb79a5bf0a23c909dfb7a0.jpeg 0 0 0.369105510 0.453289500 0.559628980 0.657895000
images/origin_image/019b1461acdb79a5bf0a23c909dfb7a0.jpeg 1 0 0.220652409 0.611960032 0.055300574 0.054536350
images/origin_image/019b14626fa47058aebf08e774a991e6.jpeg 0 0 0.679595631 0.532438057 0.351585707 0.580117774
images/origin_image/019b14626fa47058aebf08e774a991e6.jpeg 1 0 0.688540994 0.611790388 0.053241000 0.042763000
images/origin_image/019b1463ce867fe5822acc15684c7f5e.jpeg 0 0 0.276972000 0.521450196 0.553944000 0.854742392
images/origin_image/019b1463ce867fe5822acc15684c7f5e.jpeg 1 0 0.162202000 0.841447500 0.059524000 0.059211000
images/origin_image/019b146b5d327caca51e29b0da2d6875.jpeg 0 0 0.682291500 0.527315500 0.533333000 0.767593000
images/origin_image/019b146b5d327caca51e29b0da2d6875.jpeg 1 0 0.668932010 0.585968473 0.083854000 0.083333000
images/origin_image/019b147236f079a0b8fd94639657cc4e.jpeg 0 0 0.422136000 0.502732878 0.440380920 0.766577755
images/origin_image/019b147236f079a0b8fd94639657cc4e.jpeg 1 0 0.389202007 0.684272371 0.067188000 0.056481000
images/origin_image/019b1474ea79714bbd571017802aba50.jpeg 0 0 0.735969281 0.608907881 0.362964606 0.521296000
images/origin_image/019b1474ea79714bbd571017802aba50.jpeg 1 0 0.749999500 0.775926000 0.058333000 0.051852000
images/origin_image/019b1479ebc07d83a8e127bae15f4d6f.jpeg 0 0 0.458333500 0.581579500 0.391975000 0.719737000
images/origin_image/019b1479ebc07d83a8e127bae15f4d6f.jpeg 1 0 0.455676935 0.749536143 0.066744000 0.059211000
images/origin_image/019b1484988e7a7f9d39f3acbdc9d035.jpeg 0 0 0.427775626 0.562512832 0.558188283 0.873660336
images/origin_image/019b1484988e7a7f9d39f3acbdc9d035.jpeg 1 0 0.348958000 0.929605000 0.064732000 0.061842000
images/origin_image/019b14869352739d94dc21f70c6bde5e.jpeg 0 0 0.447145000 0.443420500 0.628086000 0.767105000
images/origin_image/019b14869352739d94dc21f70c6bde5e.jpeg 1 0 0.303360258 0.518623303 0.076775000 0.057671747
images/origin_image/019b1486e9397068a873089319855bd3.jpeg 0 0 0.512495495 0.611842500 0.593835010 0.709211000
images/origin_image/019b1486e9397068a873089319855bd3.jpeg 1 0 0.399306000 0.769078500 0.074846000 0.067105000
images/origin_image/019b148d985970d2b3925d8c3c717b6d.jpeg 0 0 0.478083967 0.411926119 0.613459934 0.814592238
images/origin_image/019b148d985970d2b3925d8c3c717b6d.jpeg 1 0 0.416145500 0.587037000 0.083333000 0.072222000
images/origin_image/019b1490c0d173d1ada231341f7a391c.jpeg 0 0 0.655296175 0.353704000 0.590800350 0.601852000
images/origin_image/019b1490c0d173d1ada231341f7a391c.jpeg 1 0 0.592187500 0.427777500 0.084375000 0.057407000
images/origin_image/019b1498226371e0b909064d32968419.jpeg 0 0 0.485156000 0.550016477 0.722396000 0.885151046
images/origin_image/019b1498226371e0b909064d32968419.jpeg 1 0 0.466145500 0.774536500 0.120833000 0.108333000
images/origin_image/019b149a90ea73d7851be2092f5dc3c4.jpeg 0 0 0.358853500 0.430555000 0.689583000 0.846296000
images/origin_image/019b149a90ea73d7851be2092f5dc3c4.jpeg 1 0 0.260804369 0.499696589 0.096875000 0.085214005
images/origin_image/019b14a5c2227276b0b6de1cf212d945.jpeg 0 0 0.413145944 0.594745577 0.638848408 0.719974846
images/origin_image/019b14a5c2227276b0b6de1cf212d945.jpeg 1 0 0.325038500 0.760802500 0.095293000 0.062757000
images/origin_image/019b14ae240e7b108e57c043310f9238.jpeg 0 0 0.373402576 0.462064795 0.629749444 0.761054410
images/origin_image/019b14ae240e7b108e57c043310f9238.jpeg 1 0 0.299013275 0.503414707 0.091667000 0.078147764
images/origin_image/019b14c7770c7c70a9949d3172554083.jpeg 0 0 0.503385000 0.591667000 0.395312000 0.550000000
images/origin_image/019b14c7770c7c70a9949d3172554083.jpeg 1 0 0.507292000 0.702314500 0.062500000 0.056481000
images/origin_image/019b14d45c627b06ba3c2977ce917c53.jpeg 1 0 0.633742500 0.842763000 0.071801000 0.063158000
images/origin_image/019b14d45c627b06ba3c2977ce917c53.jpeg 0 0 0.635485747 0.755305495 0.414070562 0.489389010
images/origin_image/019b14d54ccc7b978b1627ba8dfdf6bc.jpeg 0 0 0.222059788 0.406386585 0.336837231 0.480049995
images/origin_image/019b14d54ccc7b978b1627ba8dfdf6bc.jpeg 1 0 0.178974759 0.535429218 0.055556000 0.044737000
images/origin_image/019b14d80e3c7d5f8553faf3ad03391e.jpeg 0 0 0.747082190 0.602063444 0.498543620 0.742169113
images/origin_image/019b14d80e3c7d5f8553faf3ad03391e.jpeg 1 0 0.736847991 0.732476023 0.089062000 0.087963000
images/origin_image/019b14e683977ee680bc82a3c483cc89.jpeg 0 0 0.779514000 0.600935328 0.352238000 0.592660656
images/origin_image/019b14e683977ee680bc82a3c483cc89.jpeg 1 0 0.789130446 0.758044654 0.061728000 0.051397851
images/origin_image/019b14ea5872746eb335638adf8da62b.jpeg 0 0 0.384114102 0.742453100 0.337281021 0.456451799
images/origin_image/019b14ea5872746eb335638adf8da62b.jpeg 1 0 0.375193000 0.859217313 0.055754146 0.036709375
images/origin_image/019b14f11db77f1a903b3292b91df731.jpeg 0 0 0.645328807 0.414105120 0.489731613 0.597946239
images/origin_image/019b14f11db77f1a903b3292b91df731.jpeg 1 0 0.575687540 0.556325133 0.068284633 0.057831751
images/origin_image/019b14f637167a798f5afcacb83a0519.jpeg 0 0 0.637119442 0.608158524 0.465343116 0.726274953
images/origin_image/019b14f637167a798f5afcacb83a0519.jpeg 1 0 0.641406000 0.817592000 0.082812000 0.070370000
images/origin_image/019b150ae82c7cf9ba635bf1a684539b.jpeg 0 0 0.295570554 0.670123176 0.326997754 0.428404353
images/origin_image/019b150ae82c7cf9ba635bf1a684539b.jpeg 1 0 0.249996119 0.816649763 0.046974918 0.038276011
images/origin_image/019b15102c667e12952924318c79bf69.jpeg 0 0 0.290001269 0.405804253 0.451916537 0.460176759
images/origin_image/019b15102c667e12952924318c79bf69.jpeg 1 0 0.202395543 0.587171000 0.048912913 0.049342000
images/origin_image/019b1522346f75c48693eaa5b02fc941.jpeg 0 0 0.773463231 0.431312722 0.286084900 0.524467443
images/origin_image/019b1522346f75c48693eaa5b02fc941.jpeg 1 0 0.776752926 0.614217197 0.050897536 0.041959204
images/origin_image/019b153ee3367dd1889cfb4743019f54.jpeg 1 0 0.324219000 0.868055500 0.073438000 0.067593000
images/origin_image/019b153ee3367dd1889cfb4743019f54.jpeg 0 0 0.329523810 0.727195767 0.400000000 0.448677249
images/origin_image/019b1545c26e7858bf3d747adc4e8b94.jpeg 0 0 0.562214493 0.607407000 0.410323219 0.646296000
images/origin_image/019b1545c26e7858bf3d747adc4e8b94.jpeg 1 0 0.543453362 0.807250288 0.075000000 0.060705975
images/origin_image/019b154c77c67d3aa838154775922fea.jpeg 0 0 0.391666500 0.503487732 0.558333000 0.791715343
images/origin_image/019b154c77c67d3aa838154775922fea.jpeg 1 0 0.375736991 0.581704738 0.095833000 0.080288656
images/origin_image/019b155a7bbc74cf94c227123f345b6d.jpeg 0 0 0.371968000 0.628541617 0.453040000 0.482390767
images/origin_image/019b155a7bbc74cf94c227123f345b6d.jpeg 1 0 0.295138500 0.675658500 0.060957000 0.059211000
images/origin_image/019b1563138d7642a7f8b4428d07d9cf.jpeg 0 0 0.298374889 0.461045537 0.523989441 0.592461074
images/origin_image/019b1563138d7642a7f8b4428d07d9cf.jpeg 1 0 0.257812500 0.579167000 0.083333000 0.076852000
images/origin_image/019b156dcb087ff19a5668d46f075d2a.jpeg 1 0 0.340104500 0.842130000 0.090625000 0.076852000
images/origin_image/019b156dcb087ff19a5668d46f075d2a.jpeg 0 0 0.345069261 0.645118734 0.434861478 0.662269129
images/origin_image/019b159890427144864b39e848eee4b9.jpeg 0 0 0.223464690 0.595709716 0.446929380 0.647058569
images/origin_image/019b159890427144864b39e848eee4b9.jpeg 1 0 0.146566112 0.654867255 0.105324000 0.077160000
images/origin_image/019b159c71bf7a78bc51617998198b60.jpeg 0 0 0.809070828 0.809361230 0.376458344 0.372017540
images/origin_image/019b159c71bf7a78bc51617998198b60.jpeg 1 0 0.858410000 0.856482000 0.081790000 0.055556000
images/origin_image/019b15cc9ff37300a5c429b7e464ae15.jpeg 0 0 0.723705810 0.712201154 0.383540095 0.395582970
images/origin_image/019b15cc9ff37300a5c429b7e464ae15.jpeg 1 0 0.723572500 0.784868500 0.065201000 0.056579000
images/origin_image/019b15cfd6077292bed735c4a82035a0.jpeg 0 0 0.630392929 0.647749632 0.315604143 0.325552737
images/origin_image/019b15cfd6077292bed735c4a82035a0.jpeg 1 0 0.618131304 0.672214886 0.052469000 0.046053000
images/origin_image/019b15e124257ed5ba10e2c68ed4a86f.jpeg 0 0 0.329304073 0.320425231 0.461848147 0.385706461
images/origin_image/019b15e124257ed5ba10e2c68ed4a86f.jpeg 1 0 0.222378853 0.447591034 0.068041022 0.046958649
images/origin_image/019b15ff7a2c79779fbe6ca73a828fc6.jpeg 0 0 0.458689340 0.591081660 0.399755653 0.429976681
images/origin_image/019b15ff7a2c79779fbe6ca73a828fc6.jpeg 1 0 0.438803508 0.687439545 0.075979002 0.048185457
images/origin_image/019b16056e99727fa72362229669f232.jpeg 1 0 0.059331721 0.805370803 0.091667000 0.089498098
images/origin_image/019b16056e99727fa72362229669f232.jpeg 0 0 0.168453166 0.604221636 0.336906332 0.522427441
images/origin_image/019b161c37397c309cb197ae5308fd84.jpeg 0 0 0.682404524 0.713628004 0.350466952 0.437217992
images/origin_image/019b161c37397c309cb197ae5308fd84.jpeg 1 0 0.675733000 0.753290000 0.062886000 0.051316000
images/origin_image/019b1629b7d87a93a5769dd1db58b995.jpeg 0 0 0.466595674 0.177486353 0.569564574 0.354972705
images/origin_image/019b1629b7d87a93a5769dd1db58b995.jpeg 1 0 0.310571500 0.312757500 0.087963000 0.062757000
images/origin_image/019b1655c63a76daa435b58eea4ff86c.jpeg 0 0 0.761657929 0.756319233 0.371746143 0.472887534
images/origin_image/019b1655c63a76daa435b58eea4ff86c.jpeg 1 0 0.742581905 0.840021573 0.061651710 0.049085323
images/origin_image/019b1674055b7bf9a2026eeedf79db2b.jpeg 0 0 0.238123838 0.632516650 0.476247676 0.624884700
images/origin_image/019b1674055b7bf9a2026eeedf79db2b.jpeg 1 0 0.154456018 0.792917061 0.109568000 0.082305000
images/origin_image/019b1679c7b97bfcb490c0b43ff7945e.jpeg 0 0 0.213368042 0.225480596 0.306839286 0.344993191
images/origin_image/019b1679c7b97bfcb490c0b43ff7945e.jpeg 1 0 0.112654500 0.377057500 0.049383000 0.034979000
images/origin_image/019b16dfb4cd7d17b65647d35f3ce8d7.jpeg 0 0 0.304784000 0.719400350 0.609568000 0.559883301
images/origin_image/019b16dfb4cd7d17b65647d35f3ce8d7.jpeg 1 0 0.251755199 0.934970890 0.087191000 0.068822998
images/origin_image/019b16f9972a768da046735a721c2a41.jpeg 0 0 0.482182499 0.569809814 0.675047931 0.858528372
images/origin_image/019b16f9972a768da046735a721c2a41.jpeg 1 0 0.504687000 0.871759000 0.106250000 0.097222000
images/origin_image/019b173dd98a7d7099cee233800ce7ba.jpeg 0 0 0.490172714 0.465253338 0.469909810 0.812913323
images/origin_image/019b173dd98a7d7099cee233800ce7ba.jpeg 1 0 0.483411000 0.744736500 0.070988000 0.056579000
images/origin_image/019b176f3a8f72f78055bda04980f0d7.jpeg 0 0 0.265096786 0.664928940 0.454726619 0.601722120
images/origin_image/019b176f3a8f72f78055bda04980f0d7.jpeg 1 0 0.262873039 0.717988177 0.077546000 0.056854284
images/origin_image/019b17b940e370b18b4b489660387897.jpeg 0 0 0.333854500 0.711773061 0.403125000 0.506296556
images/origin_image/019b17b940e370b18b4b489660387897.jpeg 1 0 0.311797641 0.862860352 0.073438000 0.059672401
images/origin_image/019b17d7ccf3716686a94c016884728d.jpeg 0 0 0.555170000 0.711022331 0.433642000 0.460671339
images/origin_image/019b17d7ccf3716686a94c016884728d.jpeg 1 0 0.544367500 0.831790000 0.076389000 0.051440000
images/origin_image/019b17df4d7b7a369bf27cd6187e9cc8.jpeg 0 0 0.508330857 0.595395000 0.483796000 0.651316000
images/origin_image/019b17df4d7b7a369bf27cd6187e9cc8.jpeg 1 0 0.448688500 0.679276000 0.064815000 0.059868000
images/origin_image/019b17e67d1f746dba29de3ed0ef6a75.jpeg 0 0 0.240716762 0.649999500 0.386622476 0.517105000
images/origin_image/019b17e67d1f746dba29de3ed0ef6a75.jpeg 1 0 0.180363000 0.740460500 0.050540000 0.042763000
images/origin_image/019b17fe847976d79d4e8842f86b4cf8.jpeg 0 0 0.266204000 0.788816000 0.285494000 0.411842000
images/origin_image/019b17fe847976d79d4e8842f86b4cf8.jpeg 1 0 0.259452000 0.848924129 0.043596000 0.041513800
images/origin_image/019b18076aee7939a02a53c3df0b3c70.jpeg 0 0 0.428047500 0.583882000 0.376929000 0.600658000
images/origin_image/019b18076aee7939a02a53c3df0b3c70.jpeg 1 0 0.439621500 0.745066000 0.059799000 0.051974000
images/origin_image/019b18161d387446a3b29f65fb059fc4.jpeg 0 0 0.321614500 0.600925500 0.600521000 0.733333000
images/origin_image/019b18161d387446a3b29f65fb059fc4.jpeg 1 0 0.187033820 0.791796744 0.070312000 0.066667000
images/origin_image/019b1818f3b074d584840adbeedde602.jpeg 0 0 0.475074405 0.485885817 0.798809190 0.965264365
images/origin_image/019b1818f3b074d584840adbeedde602.jpeg 1 0 0.330208000 0.504166500 0.100000000 0.091667000
images/origin_image/019b182c37bd7c63b138350ba5f215e3.jpeg 0 0 0.627761000 0.627209291 0.348348381 0.606693418
images/origin_image/019b182c37bd7c63b138350ba5f215e3.jpeg 1 0 0.646614500 0.686111000 0.056771000 0.051852000
images/origin_image/019b1833442c7663a65b5f5d06609912.jpeg 0 0 0.517611024 0.552936378 0.616859952 0.786719243
images/origin_image/019b1833442c7663a65b5f5d06609912.jpeg 1 0 0.385653000 0.676305909 0.080208000 0.069296909
images/origin_image/019b183944ae72f0985a9044f4fc1c69.jpeg 0 0 0.706597500 0.649342500 0.341435000 0.581579000
images/origin_image/019b183944ae72f0985a9044f4fc1c69.jpeg 1 0 0.711227000 0.805592000 0.059028000 0.050658000
images/origin_image/019b1839c5577162ac32facdece8dee6.jpeg 0 0 0.629629500 0.711842500 0.331019000 0.519737000
images/origin_image/019b1839c5577162ac32facdece8dee6.jpeg 1 0 0.598041186 0.815010941 0.053447752 0.048026000
images/origin_image/019b1839e8cc78919b10f5f767a52a8d.jpeg 0 0 0.408331763 0.643775500 0.533295118 0.644547000
images/origin_image/019b1839e8cc78919b10f5f767a52a8d.jpeg 1 0 0.435956500 0.767489500 0.084105000 0.054527000
images/origin_image/019b183d136c7324a331060168ae5cbe.jpeg 0 0 0.279419643 0.506018500 0.496339286 0.682407000
images/origin_image/019b183d136c7324a331060168ae5cbe.jpeg 1 0 0.235156500 0.560185500 0.076563000 0.066667000
images/origin_image/019b18455e147309b3a00186281e0da2.jpeg 0 0 0.579167000 0.536574000 0.550000000 0.902778000
images/origin_image/019b18455e147309b3a00186281e0da2.jpeg 1 0 0.554664393 0.866345188 0.077604000 0.061557441
images/origin_image/019b185045a27295a2bd9cf879e1e453.jpeg 0 0 0.287016500 0.403947000 0.574033000 0.748684000
images/origin_image/019b185045a27295a2bd9cf879e1e453.jpeg 1 0 0.176442500 0.599896137 0.056920000 0.053947000
images/origin_image/019b186d9e2d747797328977f1003f47.jpeg 0 0 0.606481500 0.392426364 0.645833000 0.511443272
images/origin_image/019b186d9e2d747797328977f1003f47.jpeg 1 0 0.756936283 0.426783811 0.069444000 0.048354000
images/origin_image/019b18860fbd7dd8a2f33bb85cc6857d.jpeg 0 0 0.542091024 0.596759500 0.680401952 0.708333000
images/origin_image/019b18860fbd7dd8a2f33bb85cc6857d.jpeg 1 0 0.375745990 0.665048877 0.072396000 0.070267528
images/origin_image/019b188c1ba870e584373e5593223996.jpeg 0 0 0.319271000 0.387963000 0.576042000 0.770370000
images/origin_image/019b188c1ba870e584373e5593223996.jpeg 1 0 0.296721750 0.435612220 0.099479000 0.093093853
images/origin_image/019b1892281c7831b66270722443261e.jpeg 0 0 0.625156500 0.654167000 0.474062333 0.650926000
images/origin_image/019b1892281c7831b66270722443261e.jpeg 1 0 0.657031500 0.691666000 0.076563000 0.070370000
images/origin_image/019b189fe4a47ca4a90cadea736fe0ba.jpeg 0 0 0.707456898 0.337963000 0.546506205 0.555556000
images/origin_image/019b189fe4a47ca4a90cadea736fe0ba.jpeg 1 0 0.709297500 0.402006000 0.055941000 0.038580000
images/origin_image/019b18aa4e9571a092bcb43180ba89a1.jpeg 0 0 0.579829286 0.378703500 0.499717429 0.757407000
images/origin_image/019b18aa4e9571a092bcb43180ba89a1.jpeg 1 0 0.591667000 0.571759000 0.086458000 0.073148000
images/origin_image/019b18b366a9797cadb070f300915ace.jpeg 0 0 0.522328619 0.434722000 0.618467429 0.869444000
images/origin_image/019b18b366a9797cadb070f300915ace.jpeg 1 0 0.479450425 0.513199120 0.100521000 0.096296000
images/origin_image/019b18c701d2763ca440486cc8056c36.jpeg 0 0 0.315972000 0.610082500 0.340278000 0.454733000
images/origin_image/019b18c701d2763ca440486cc8056c36.jpeg 1 0 0.272570000 0.749618170 0.051312000 0.030100340
images/origin_image/019b18d10add774cb50a701da3d7791b.jpeg 0 0 0.210878310 0.564550413 0.414464619 0.869047175
images/origin_image/019b18d10add774cb50a701da3d7791b.jpeg 1 0 0.189552868 0.895582062 0.078646000 0.068445909
images/origin_image/019b18db4ce87796a0e6eb1bc49cacdc.jpeg 0 0 0.491512500 0.622039500 0.412037000 0.596711000
images/origin_image/019b18db4ce87796a0e6eb1bc49cacdc.jpeg 1 0 0.443287000 0.833552500 0.055556000 0.044737000
images/origin_image/019b18e6a35271a2b897e7359fc68510.jpeg 0 0 0.385937000 0.547685500 0.356250000 0.662037000
images/origin_image/019b18e6a35271a2b897e7359fc68510.jpeg 1 0 0.386437683 0.693519000 0.059416635 0.053704000
images/origin_image/019b18ec034077c98524ee4de2525bd1.jpeg 0 0 0.485823796 0.550926000 0.540319592 0.734568000
images/origin_image/019b18ec034077c98524ee4de2525bd1.jpeg 1 0 0.476701879 0.759600818 0.087191000 0.063272000
images/origin_image/019b18f4c04d7c6e9d22e819fd9fd0a5.jpeg 0 0 0.500818452 0.648148500 0.461905095 0.690741000
images/origin_image/019b18f4c04d7c6e9d22e819fd9fd0a5.jpeg 1 0 0.528906500 0.827777500 0.074479000 0.062963000
images/origin_image/019b18f838737339a81f428cebdffab4.jpeg 0 0 0.222410714 0.468518500 0.444821429 0.937037000
images/origin_image/019b18f838737339a81f428cebdffab4.jpeg 1 0 0.105729500 0.522685500 0.127083000 0.117593000
images/origin_image/019b18fc066f7ea7be9494778a53c9fe.jpeg 0 0 0.506933543 0.326903500 0.631151086 0.534465000
images/origin_image/019b18fc066f7ea7be9494778a53c9fe.jpeg 1 0 0.367601739 0.431155079 0.072917000 0.056584000
images/origin_image/019b1902d6d5765eacfa998fcb2d8da3.jpeg 0 0 0.684028000 0.662829000 0.324846000 0.600658000
images/origin_image/019b1902d6d5765eacfa998fcb2d8da3.jpeg 1 0 0.693479500 0.838158000 0.055941000 0.047368000
images/origin_image/019b19042f0974d4b5b671eb9eb2067d.jpeg 0 0 0.539265161 0.387603000 0.842418323 0.691872000
images/origin_image/019b19042f0974d4b5b671eb9eb2067d.jpeg 1 0 0.733572003 0.544767744 0.072531000 0.052901485
images/origin_image/019b190d0abc76a9877bbef538145d18.jpeg 0 0 0.785300500 0.525266680 0.376929000 0.599466639
images/origin_image/019b190d0abc76a9877bbef538145d18.jpeg 1 0 0.798804000 0.562171000 0.058256000 0.049342000
images/origin_image/019b1918f763774c8debf690d49e53ef.jpeg 0 0 0.539538190 0.367129500 0.868333333 0.734259000
images/origin_image/019b1918f763774c8debf690d49e53ef.jpeg 1 0 0.304947500 0.419445000 0.079687000 0.079630000
images/origin_image/019b191ae6a3720a84c13a5426533ac6.jpeg 0 0 0.418555763 0.482922491 0.485418473 0.616050982
images/origin_image/019b191ae6a3720a84c13a5426533ac6.jpeg 1 0 0.413002000 0.621142500 0.082948000 0.057099000
images/origin_image/019b19202dd27a3197b6fcb62d703b58.jpeg 0 0 0.471258000 0.598251000 0.727238000 0.753086000
images/origin_image/019b19202dd27a3197b6fcb62d703b58.jpeg 1 0 0.341694240 0.732595560 0.097608000 0.070356866
images/origin_image/019b192475aa77bcb83e8e8c41fb6fe9.jpeg 0 0 0.439547801 0.398919500 0.772613601 0.684671000
images/origin_image/019b192475aa77bcb83e8e8c41fb6fe9.jpeg 1 0 0.275270500 0.490226500 0.079861000 0.064815000
images/origin_image/019b19298f877dbbb8dacd37045de447.jpeg 0 0 0.408594000 0.531481500 0.452604000 0.862963000
images/origin_image/019b19298f877dbbb8dacd37045de447.jpeg 1 0 0.458854000 0.786111500 0.073958000 0.064815000
images/origin_image/019b192db1ef711d8e490309da19ab7b.jpeg 0 0 0.448495500 0.649999500 0.646219000 0.692105000
images/origin_image/019b192db1ef711d8e490309da19ab7b.jpeg 1 0 0.323881500 0.874013000 0.083719000 0.075658000
images/origin_image/019b192e8c6c76b08c06b602af9fb756.jpeg 0 0 0.494151786 0.460185000 0.988303571 0.920370000
images/origin_image/019b192e8c6c76b08c06b602af9fb756.jpeg 1 0 0.265326520 0.363950446 0.104167000 0.096807719
images/origin_image/019b19386dff78aa8c3ea7d4af956326.jpeg 0 0 0.408841929 0.668092000 0.421849857 0.662500000
images/origin_image/019b19386dff78aa8c3ea7d4af956326.jpeg 1 0 0.375193000 0.853948000 0.065972000 0.052632000
images/origin_image/019b1941302b795fa8fc0dc06c0c23c0.jpeg 0 0 0.527068119 0.592499426 0.455237762 0.781877825
images/origin_image/019b1941302b795fa8fc0dc06c0c23c0.jpeg 1 0 0.552344000 0.742585507 0.067188000 0.059272986
images/origin_image/019b194562027cd496f63a9f42f95416.jpeg 0 0 0.233594000 0.386653439 0.466146000 0.702936878
images/origin_image/019b194562027cd496f63a9f42f95416.jpeg 1 0 0.092590957 0.468002275 0.078125000 0.076852000
images/origin_image/019b1949ed027faf847b8f241934b0e9.jpeg 0 0 0.266782000 0.522697500 0.511960000 0.630921000
images/origin_image/019b1949ed027faf847b8f241934b0e9.jpeg 1 0 0.161844000 0.716447500 0.059028000 0.053947000
images/origin_image/019b1951330273808fc967a0bc119e6c.jpeg 0 0 0.229539000 0.501315500 0.346726000 0.542105000
images/origin_image/019b1951330273808fc967a0bc119e6c.jpeg 1 0 0.199404500 0.576315500 0.050595000 0.046053000
images/origin_image/019b195228827bab9c9732881ec4346c.jpeg 0 0 0.245609952 0.518519000 0.491219905 0.929630000
images/origin_image/019b195228827bab9c9732881ec4346c.jpeg 1 0 0.159093071 0.722965373 0.070833000 0.059454272
images/origin_image/019b196114ef7d6cb79168e9bda9fc4b.jpeg 0 0 0.486109048 0.531679783 0.552484952 0.932936434
images/origin_image/019b196114ef7d6cb79168e9bda9fc4b.jpeg 1 0 0.446033532 0.777203166 0.076913497 0.067704670
images/origin_image/019b196329f37ca7b7b711fe1e2f096b.jpeg 0 0 0.426853643 0.566189271 0.351393286 0.599484541
images/origin_image/019b196329f37ca7b7b711fe1e2f096b.jpeg 1 0 0.464313000 0.699013500 0.054398000 0.045395000
images/origin_image/019b1972d122747a8cdbcea785193249.jpeg 0 0 0.822731000 0.471053000 0.347842000 0.713158000
images/origin_image/019b1972d122747a8cdbcea785193249.jpeg 1 0 0.914248000 0.667105500 0.063616000 0.055263000
images/origin_image/019b1976827a7edf83b75802a1221bb9.jpeg 0 0 0.787230000 0.704732500 0.422454000 0.569959000
images/origin_image/019b1976827a7edf83b75802a1221bb9.jpeg 1 0 0.759645000 0.845421500 0.062500000 0.042695000
images/origin_image/019b1979003c7321befce4dbc1350fb0.jpeg 0 0 0.479672786 0.700000500 0.357493571 0.556579000
images/origin_image/019b1979003c7321befce4dbc1350fb0.jpeg 1 0 0.473187000 0.825986500 0.055170000 0.045395000
images/origin_image/019b197d09f979b38f5a3be39e52c038.jpeg 0 0 0.518750000 0.535648000 0.961458000 0.926852000
images/origin_image/019b197d09f979b38f5a3be39e52c038.jpeg 1 0 0.412924992 0.923409278 0.127604000 0.119444000
images/origin_image/019b1980cb6b788ca5214e7667ed80ae.jpeg 0 0 0.473534643 0.531032135 0.552277286 0.921269730
images/origin_image/019b1980cb6b788ca5214e7667ed80ae.jpeg 1 0 0.428646000 0.875926500 0.076042000 0.068519000
images/origin_image/019b1984ddfe7dcf8e94a9e27f291da4.jpeg 0 0 0.189323000 0.320602000 0.340104000 0.513426000
images/origin_image/019b1984ddfe7dcf8e94a9e27f291da4.jpeg 1 0 0.141659867 0.406989436 0.049219000 0.044907000
images/origin_image/019b1986e8b67bbfabcc2b5d1a890eff.jpeg 0 0 0.744011000 0.693056000 0.316146000 0.525000000
images/origin_image/019b1986e8b67bbfabcc2b5d1a890eff.jpeg 1 0 0.763542000 0.875926500 0.050000000 0.042593000
images/origin_image/019b199129067d7e99c6ae5f341ed2f3.jpeg 0 0 0.282552500 0.717129500 0.335417000 0.536111000
images/origin_image/019b199129067d7e99c6ae5f341ed2f3.jpeg 1 0 0.241158375 0.832204422 0.050000000 0.046759000
images/origin_image/019b19938b527c34a485d060839e1810.jpeg 0 0 0.424399976 0.663878320 0.334139952 0.493297361
images/origin_image/019b19938b527c34a485d060839e1810.jpeg 1 0 0.394097500 0.762170500 0.049769000 0.041447000
images/origin_image/019b199abea972d797bac18a81ddc2bd.jpeg 0 0 0.440293646 0.474867392 0.765163857 0.889153217
images/origin_image/019b199abea972d797bac18a81ddc2bd.jpeg 1 0 0.261060721 0.512677555 0.070312000 0.067346013
images/origin_image/019b19a9d67478e5b1d663269c3cc87f.jpeg 0 0 0.686986925 0.534743308 0.541719376 0.552984000
images/origin_image/019b19a9d67478e5b1d663269c3cc87f.jpeg 1 0 0.621509257 0.606256141 0.081404000 0.059671000
images/origin_image/019b19b06c107c2884207c068e39774e.jpeg 0 0 0.547308281 0.244979920 0.315667432 0.489959839
images/origin_image/019b19b06c107c2884207c068e39774e.jpeg 1 0 0.544469545 0.327309237 0.055639224 0.052208835
images/origin_image/019b19b929f07fcea91dd50eb3404d71.jpeg 0 0 0.505064792 0.533230043 0.385839005 0.709299782
images/origin_image/019b19b929f07fcea91dd50eb3404d71.jpeg 1 0 0.519631936 0.803738520 0.072334122 0.062012353
images/origin_image/019b19c3adfb72d19a9d5ced9ec44448.jpeg 0 0 0.364358683 0.772919529 0.406356413 0.454160942
images/origin_image/019b19c3adfb72d19a9d5ced9ec44448.jpeg 1 0 0.313938093 0.902495392 0.059983977 0.051882759
images/origin_image/019b19c9f7a07ca18513bce490f02b45.jpeg 0 0 0.426787741 0.232059528 0.449489217 0.464119057
images/origin_image/019b19c9f7a07ca18513bce490f02b45.jpeg 1 0 0.415434594 0.265827644 0.070644235 0.062492035
images/origin_image/019b19cc117d7da2bf42d8c72f841b10.jpeg 0 0 0.375141884 0.359187792 0.616345062 0.718375583
images/origin_image/019b19cc117d7da2bf42d8c72f841b10.jpeg 1 0 0.156072645 0.534745870 0.078320091 0.076680540
images/origin_image/019b19d5902d7fc79012742081224209.jpeg 0 0 0.779151119 0.831156716 0.441697761 0.330223881
images/origin_image/019b19d5902d7fc79012742081224209.jpeg 1 0 0.778792674 0.876182608 0.079128878 0.052238806
images/origin_image/019b19db8c06735d9e023a634aa93f56.jpeg 0 0 0.363906704 0.802861395 0.510031000 0.394277209
images/origin_image/019b19db8c06735d9e023a634aa93f56.jpeg 1 0 0.353679208 0.912897773 0.076389000 0.051883239
images/origin_image/019b19ebcc9079d6a3c4ef472b8b066c.jpeg 0 0 0.312712826 0.601904402 0.514188422 0.788119561
images/origin_image/019b19ebcc9079d6a3c4ef472b8b066c.jpeg 1 0 0.313847900 0.897969479 0.082860386 0.080716358
images/origin_image/019b19f8655c7a48bb50f3c43f6f3d58.jpeg 0 0 0.294551646 0.689688751 0.473325766 0.620622498
images/origin_image/019b19f8655c7a48bb50f3c43f6f3d58.jpeg 1 0 0.293927928 0.850363389 0.078320091 0.065810383
images/origin_image/019b1a4f7e937a1ca626d2c1ffa6a82f.jpeg 0 0 0.545605039 0.592369478 0.357680723 0.538152610
images/origin_image/019b1a4f7e937a1ca626d2c1ffa6a82f.jpeg 1 0 0.550147017 0.791164659 0.064723178 0.056224900
images/origin_image/019b1a56288c7c489b0e7c39674a708b.jpeg 0 0 0.813280363 0.642905786 0.373439274 0.547256899
images/origin_image/019b1a56288c7c489b0e7c39674a708b.jpeg 1 0 0.847900114 0.774877034 0.070374574 0.064573086
images/origin_image/019b1a612e957ccfa24c30cd948f95cc.jpeg 0 0 0.690394000 0.705920500 0.277392000 0.440789000
images/origin_image/019b1a612e957ccfa24c30cd948f95cc.jpeg 1 0 0.725695000 0.805921500 0.039352000 0.034211000
images/origin_image/019b1a78e29872e3971a94df7244269c.jpeg 0 0 0.707025548 0.806892436 0.327462905 0.367793128
images/origin_image/019b1a78e29872e3971a94df7244269c.jpeg 1 0 0.707955050 0.895598028 0.051585845 0.041078428
images/origin_image/019b1a87f0127bcf99279f94384d4ae8.jpeg 0 0 0.454597049 0.351116156 0.629965948 0.665909951
images/origin_image/019b1a87f0127bcf99279f94384d4ae8.jpeg 1 0 0.298287688 0.393725027 0.059135005 0.062555177
images/origin_image/019b1a9870b77b89b3e399a014e7afef.jpeg 0 0 0.414869467 0.841633311 0.298524404 0.289634984
images/origin_image/019b1a9870b77b89b3e399a014e7afef.jpeg 1 0 0.406356413 0.941137732 0.049943246 0.049452836
images/origin_image/019b1ab7bad77d99aca6b4802235c11d.jpeg 0 0 0.356413167 0.090973176 0.251986379 0.181946353
images/origin_image/019b1ab7bad77d99aca6b4802235c11d.jpeg 1 0 0.343618552 0.064029118 0.045402951 0.036211730
images/origin_image/019b1abcbe59766e8859e0242bc0d0e5.jpeg 0 0 0.583459738 0.761442058 0.340133762 0.406745884
images/origin_image/019b1abcbe59766e8859e0242bc0d0e5.jpeg 1 0 0.581510500 0.824723545 0.063021000 0.054256910
images/origin_image/019b1ad645ff72bfbf418a4df33a8add.jpeg 0 0 0.572077185 0.222978938 0.463110102 0.445957876
images/origin_image/019b1ad645ff72bfbf418a4df33a8add.jpeg 1 0 0.532006816 0.233111484 0.068718573 0.062231207
images/origin_image/019b1ae774a274d3ac1ba681d6c8bc9f.jpeg 0 0 0.732122588 0.509522008 0.365493757 0.562996595
images/origin_image/019b1ae774a274d3ac1ba681d6c8bc9f.jpeg 1 0 0.730504981 0.565044694 0.063564132 0.055284953
images/origin_image/019b1aebaec6770399cb930032651d38.jpeg 0 0 0.592508513 0.465228350 0.254256527 0.260739274
images/origin_image/019b1aebaec6770399cb930032651d38.jpeg 1 0 0.601764243 0.540408194 0.047829075 0.040739208
